2026-03-28 16:56:48 | INFO | Saved 1 deduplicated leads to smoke_test.xlsx
2026-03-28 17:04:21 | INFO | Browser started with Playwright.
2026-03-28 17:06:01 | INFO | Browser started with Playwright.
2026-03-28 17:06:14 | INFO | Collected 2 listing URLs from Google Maps.
2026-03-28 17:06:18 | ERROR | Listing failed after retries | url=https://www.google.com/maps/place/Dr.+Coffee+-+Cebu+Main/data=!4m7!3m6!1s0x33a9997f172ce139:0x269c828b90a68fc3!8m2!3d10.3116704!4d123.8927289!16s%2Fg%2F11vjxsr59s!19sChIJOeEsF3-ZqTMRw4-mkIuCnCY?authuser=0&hl=en&rclk=1 | error='charmap' codec can't encode character '\ue0c8' in position 45: character maps to <undefined>
2026-03-28 17:06:26 | ERROR | Listing failed after retries | url=https://www.google.com/maps/place/Capu+Coffee+-+Cebu/data=!4m7!3m6!1s0x33a9994769ecaeb9:0x6113469b6df3be40!8m2!3d10.3211963!4d123.9000926!16s%2Fg%2F11vln8bmsj!19sChIJua7saUeZqTMRQL7zbZtGE2E?authuser=0&hl=en&rclk=1 | error='charmap' codec can't encode character '\ue0c8' in position 41: character maps to <undefined>
2026-03-28 17:06:28 | INFO | Saved 2 deduplicated leads to live_test.xlsx
2026-03-28 17:07:41 | INFO | Browser started with Playwright.
2026-03-28 17:10:19 | INFO | Browser started with Playwright.
2026-03-28 17:13:12 | INFO | Browser started with Playwright.
2026-03-28 17:13:47 | INFO | Browser started with Playwright.
2026-03-28 17:16:58 | INFO | Browser started with Playwright.
2026-03-28 17:17:10 | INFO | Collected 2 listing URLs from Google Maps.
2026-03-28 17:17:25 | INFO | Saved 2 deduplicated leads to live_test.xlsx
2026-03-28 17:18:04 | INFO | Browser started with Playwright.
2026-03-28 17:21:22 | INFO | Browser started with Playwright.
2026-03-28 17:24:10 | WARNING | Initial results-panel detection failed, trying fallback readiness checks.
2026-03-28 17:24:54 | INFO | Browser started with Playwright.
2026-03-28 17:25:07 | INFO | Collected 3 listing URLs from Google Maps.
2026-03-28 17:25:28 | INFO | Saved 3 deduplicated leads to real_maps_test.xlsx
2026-03-28 17:26:33 | INFO | Saved 3 deduplicated leads to real_maps_test.xlsx
2026-03-29 00:57:23 | INFO | Browser started with Playwright.
2026-03-29 00:58:28 | INFO | Collected 50 listing URLs from Google Maps.
2026-03-29 01:03:24 | WARNING | Stop requested. Ending after current lead.
2026-03-29 01:03:25 | INFO | Saved 40 deduplicated leads to D:\workspace\onlinejobsph\logs\leads_20260329_004709.xlsx
2026-03-29 01:05:46 | INFO | Browser started with Playwright.
2026-03-29 01:08:32 | WARNING | Initial results-panel detection failed, trying fallback readiness checks.
2026-03-29 01:08:33 | INFO | Falling back to default results panel selector for scrolling.
2026-03-29 01:09:07 | INFO | Results panel looks stuck. Clicking the feed and trying another scroll.
2026-03-29 01:10:10 | INFO | Results panel looks stuck. Clicking the feed and trying another scroll.
2026-03-29 01:11:13 | INFO | Results panel looks stuck. Clicking the feed and trying another scroll.
2026-03-29 01:12:16 | INFO | Results panel looks stuck. Clicking the feed and trying another scroll.
2026-03-29 01:13:18 | INFO | Results panel looks stuck. Clicking the feed and trying another scroll.
2026-03-29 01:14:20 | INFO | Results panel looks stuck. Clicking the feed and trying another scroll.
2026-03-29 01:15:23 | INFO | Results panel looks stuck. Clicking the feed and trying another scroll.
2026-03-29 01:16:22 | INFO | Browser started with Playwright.
2026-03-29 01:16:26 | INFO | Results panel looks stuck. Clicking the feed and trying another scroll.
2026-03-29 01:17:28 | INFO | Results panel looks stuck. Clicking the feed and trying another scroll.
2026-03-29 01:18:31 | INFO | Results panel looks stuck. Clicking the feed and trying another scroll.
2026-03-29 01:19:05 | INFO | Falling back to default results panel selector for scrolling.
2026-03-29 01:19:34 | INFO | Results panel looks stuck. Clicking the feed and trying another scroll.
2026-03-29 01:19:40 | INFO | Results panel looks stuck. Clicking the feed and trying another scroll.
2026-03-29 01:20:36 | INFO | Results panel looks stuck. Clicking the feed and trying another scroll.
2026-03-29 01:20:43 | INFO | Results panel looks stuck. Clicking the feed and trying another scroll.
2026-03-29 01:21:39 | INFO | Results panel looks stuck. Clicking the feed and trying another scroll.
2026-03-29 01:21:46 | INFO | Results panel looks stuck. Clicking the feed and trying another scroll.
2026-03-29 01:22:41 | INFO | Results panel looks stuck. Clicking the feed and trying another scroll.
2026-03-29 01:22:49 | INFO | Results panel looks stuck. Clicking the feed and trying another scroll.
2026-03-29 01:23:44 | INFO | Results panel looks stuck. Clicking the feed and trying another scroll.
2026-03-29 01:23:52 | INFO | Results panel looks stuck. Clicking the feed and trying another scroll.
2026-03-29 01:24:47 | INFO | Results panel looks stuck. Clicking the feed and trying another scroll.
2026-03-29 01:24:56 | INFO | Results panel looks stuck. Clicking the feed and trying another scroll.
2026-03-29 01:25:49 | INFO | Results panel looks stuck. Clicking the feed and trying another scroll.
2026-03-29 01:25:59 | INFO | Results panel looks stuck. Clicking the feed and trying another scroll.
2026-03-29 01:26:52 | INFO | Results panel looks stuck. Clicking the feed and trying another scroll.
2026-03-29 01:27:01 | INFO | Results panel looks stuck. Clicking the feed and trying another scroll.
2026-03-29 01:27:39 | INFO | Saved 3 deduplicated leads to real_maps_test_with_contacts.xlsx
2026-03-29 01:27:54 | INFO | Results panel looks stuck. Clicking the feed and trying another scroll.
2026-03-29 01:28:03 | INFO | Results panel looks stuck. Clicking the feed and trying another scroll.
2026-03-29 01:28:57 | INFO | Results panel looks stuck. Clicking the feed and trying another scroll.
2026-03-29 01:29:07 | INFO | Results panel looks stuck. Clicking the feed and trying another scroll.
2026-03-29 01:29:59 | INFO | Results panel looks stuck. Clicking the feed and trying another scroll.
2026-03-29 01:30:10 | INFO | Results panel looks stuck. Clicking the feed and trying another scroll.
2026-03-29 01:31:01 | INFO | Results panel looks stuck. Clicking the feed and trying another scroll.
2026-03-29 01:31:13 | INFO | Results panel looks stuck. Clicking the feed and trying another scroll.
2026-03-29 01:32:04 | INFO | Results panel looks stuck. Clicking the feed and trying another scroll.
2026-03-29 01:32:16 | INFO | Results panel looks stuck. Clicking the feed and trying another scroll.
2026-03-29 01:33:07 | INFO | Results panel looks stuck. Clicking the feed and trying another scroll.
2026-03-29 01:33:19 | INFO | Results panel looks stuck. Clicking the feed and trying another scroll.
2026-03-29 01:34:09 | INFO | Results panel looks stuck. Clicking the feed and trying another scroll.
2026-03-29 01:34:21 | INFO | Results panel looks stuck. Clicking the feed and trying another scroll.
2026-03-29 01:35:12 | INFO | Results panel looks stuck. Clicking the feed and trying another scroll.
2026-03-29 01:35:23 | INFO | Results panel looks stuck. Clicking the feed and trying another scroll.
2026-03-29 01:36:15 | INFO | Results panel looks stuck. Clicking the feed and trying another scroll.
2026-03-29 01:36:26 | INFO | Results panel looks stuck. Clicking the feed and trying another scroll.
2026-03-29 01:37:17 | INFO | Results panel looks stuck. Clicking the feed and trying another scroll.
2026-03-29 01:37:28 | INFO | Results panel looks stuck. Clicking the feed and trying another scroll.
2026-03-29 01:38:20 | INFO | Results panel looks stuck. Clicking the feed and trying another scroll.
2026-03-29 01:38:31 | INFO | Results panel looks stuck. Clicking the feed and trying another scroll.
2026-03-29 01:39:22 | INFO | Results panel looks stuck. Clicking the feed and trying another scroll.
2026-03-29 01:39:33 | INFO | Results panel looks stuck. Clicking the feed and trying another scroll.
2026-03-29 01:40:24 | INFO | Results panel looks stuck. Clicking the feed and trying another scroll.
2026-03-29 01:40:36 | INFO | Results panel looks stuck. Clicking the feed and trying another scroll.
2026-03-29 01:41:27 | INFO | Results panel looks stuck. Clicking the feed and trying another scroll.
2026-03-29 01:41:38 | INFO | Results panel looks stuck. Clicking the feed and trying another scroll.
2026-03-29 01:42:30 | INFO | Results panel looks stuck. Clicking the feed and trying another scroll.
2026-03-29 01:42:42 | INFO | Results panel looks stuck. Clicking the feed and trying another scroll.
2026-03-29 01:43:33 | INFO | Results panel looks stuck. Clicking the feed and trying another scroll.
2026-03-29 01:43:45 | INFO | Results panel looks stuck. Clicking the feed and trying another scroll.
2026-03-29 01:44:36 | INFO | Results panel looks stuck. Clicking the feed and trying another scroll.
2026-03-29 01:44:48 | INFO | Results panel looks stuck. Clicking the feed and trying another scroll.
2026-03-29 01:45:39 | INFO | Results panel looks stuck. Clicking the feed and trying another scroll.
2026-03-29 01:45:51 | INFO | Results panel looks stuck. Clicking the feed and trying another scroll.
2026-03-29 01:46:41 | INFO | Results panel looks stuck. Clicking the feed and trying another scroll.
2026-03-29 01:46:54 | INFO | Results panel looks stuck. Clicking the feed and trying another scroll.
2026-03-29 01:47:45 | INFO | Results panel looks stuck. Clicking the feed and trying another scroll.
2026-03-29 01:47:57 | INFO | Results panel looks stuck. Clicking the feed and trying another scroll.
2026-03-29 01:48:49 | INFO | Results panel looks stuck. Clicking the feed and trying another scroll.
2026-03-29 01:48:58 | INFO | Results panel looks stuck. Clicking the feed and trying another scroll.
2026-03-29 01:49:51 | INFO | Results panel looks stuck. Clicking the feed and trying another scroll.
2026-03-29 01:50:02 | INFO | Results panel looks stuck. Clicking the feed and trying another scroll.
2026-03-29 01:50:54 | INFO | Results panel looks stuck. Clicking the feed and trying another scroll.
2026-03-29 01:51:05 | INFO | Results panel looks stuck. Clicking the feed and trying another scroll.
2026-03-29 01:51:57 | INFO | Results panel looks stuck. Clicking the feed and trying another scroll.
2026-03-29 01:52:08 | INFO | Results panel looks stuck. Clicking the feed and trying another scroll.
2026-03-29 01:52:59 | INFO | Results panel looks stuck. Clicking the feed and trying another scroll.
2026-03-29 01:53:10 | INFO | Results panel looks stuck. Clicking the feed and trying another scroll.
2026-03-29 01:54:02 | INFO | Results panel looks stuck. Clicking the feed and trying another scroll.
2026-03-29 01:54:13 | INFO | Results panel looks stuck. Clicking the feed and trying another scroll.
2026-03-29 01:55:04 | INFO | Results panel looks stuck. Clicking the feed and trying another scroll.
2026-03-29 01:55:15 | INFO | Results panel looks stuck. Clicking the feed and trying another scroll.
2026-03-29 01:56:08 | INFO | Results panel looks stuck. Clicking the feed and trying another scroll.
2026-03-29 01:56:17 | INFO | Results panel looks stuck. Clicking the feed and trying another scroll.
2026-03-29 01:57:11 | INFO | Results panel looks stuck. Clicking the feed and trying another scroll.
2026-03-29 01:57:20 | INFO | Results panel looks stuck. Clicking the feed and trying another scroll.
2026-03-29 01:58:13 | INFO | Results panel looks stuck. Clicking the feed and trying another scroll.
2026-03-29 01:58:23 | INFO | Results panel looks stuck. Clicking the feed and trying another scroll.
2026-03-29 01:59:16 | INFO | Results panel looks stuck. Clicking the feed and trying another scroll.
2026-03-29 01:59:26 | INFO | Results panel looks stuck. Clicking the feed and trying another scroll.
2026-03-29 02:00:18 | INFO | Results panel looks stuck. Clicking the feed and trying another scroll.
2026-03-29 02:00:29 | INFO | Results panel looks stuck. Clicking the feed and trying another scroll.
2026-03-29 02:01:22 | INFO | Results panel looks stuck. Clicking the feed and trying another scroll.
2026-03-29 02:01:31 | INFO | Results panel looks stuck. Clicking the feed and trying another scroll.
2026-03-29 02:02:23 | INFO | Results panel looks stuck. Clicking the feed and trying another scroll.
2026-03-29 02:02:33 | INFO | Results panel looks stuck. Clicking the feed and trying another scroll.
2026-03-29 02:03:25 | INFO | Results panel looks stuck. Clicking the feed and trying another scroll.
2026-03-29 02:03:37 | INFO | Results panel looks stuck. Clicking the feed and trying another scroll.
2026-03-29 02:04:29 | INFO | Results panel looks stuck. Clicking the feed and trying another scroll.
2026-03-29 02:04:39 | INFO | Results panel looks stuck. Clicking the feed and trying another scroll.
2026-03-29 02:06:43 | INFO | Browser started with Playwright.
2026-03-29 02:06:57 | INFO | Collected 1 listing URLs from Google Maps.
2026-03-29 02:07:08 | INFO | Saved 1 deduplicated leads to D:\workspace\onlinejobsph\logs\leads_20260329_004709.xlsx
2026-03-29 02:14:28 | INFO | Saved 3 deduplicated leads to real_maps_test_socials.xlsx
2026-03-29 02:20:54 | INFO | Saved 1 deduplicated leads to social_export_test.xlsx
2026-03-29 02:47:24 | INFO | Browser started with Playwright.
2026-03-29 02:50:11 | WARNING | Initial results-panel detection failed, trying fallback readiness checks.
2026-03-29 02:50:11 | INFO | Falling back to default results panel selector for scrolling.
2026-03-29 02:50:46 | INFO | Results panel looks stuck. Clicking the feed and trying another scroll.
2026-03-29 02:51:48 | INFO | Results panel looks stuck. Clicking the feed and trying another scroll.
2026-03-29 02:52:51 | INFO | Results panel looks stuck. Clicking the feed and trying another scroll.
2026-03-29 02:53:54 | INFO | Results panel looks stuck. Clicking the feed and trying another scroll.
2026-03-29 02:54:57 | INFO | Results panel looks stuck. Clicking the feed and trying another scroll.
2026-03-29 02:56:00 | INFO | Results panel looks stuck. Clicking the feed and trying another scroll.
2026-03-29 02:57:04 | INFO | Results panel looks stuck. Clicking the feed and trying another scroll.
2026-03-29 02:57:49 | INFO | Browser started with Playwright.
2026-03-29 02:58:08 | INFO | Results panel looks stuck. Clicking the feed and trying another scroll.
2026-03-29 02:59:11 | INFO | Results panel looks stuck. Clicking the feed and trying another scroll.
2026-03-29 03:00:14 | INFO | Results panel looks stuck. Clicking the feed and trying another scroll.
2026-03-29 03:00:37 | WARNING | Initial results-panel detection failed, trying fallback readiness checks.
2026-03-29 03:00:37 | INFO | Falling back to default results panel selector for scrolling.
2026-03-29 03:01:12 | INFO | Results panel looks stuck. Clicking the feed and trying another scroll.
2026-03-29 03:01:18 | INFO | Results panel looks stuck. Clicking the feed and trying another scroll.
2026-03-29 03:02:15 | INFO | Results panel looks stuck. Clicking the feed and trying another scroll.
2026-03-29 03:02:21 | INFO | Results panel looks stuck. Clicking the feed and trying another scroll.
2026-03-29 03:03:19 | INFO | Results panel looks stuck. Clicking the feed and trying another scroll.
2026-03-29 03:03:24 | INFO | Results panel looks stuck. Clicking the feed and trying another scroll.
2026-03-29 03:04:22 | INFO | Results panel looks stuck. Clicking the feed and trying another scroll.
2026-03-29 03:04:26 | INFO | Results panel looks stuck. Clicking the feed and trying another scroll.
2026-03-29 03:05:25 | INFO | Results panel looks stuck. Clicking the feed and trying another scroll.
2026-03-29 03:05:29 | INFO | Results panel looks stuck. Clicking the feed and trying another scroll.
2026-03-29 03:06:28 | INFO | Results panel looks stuck. Clicking the feed and trying another scroll.
2026-03-29 03:06:32 | INFO | Results panel looks stuck. Clicking the feed and trying another scroll.
2026-03-29 03:07:30 | INFO | Results panel looks stuck. Clicking the feed and trying another scroll.
2026-03-29 03:07:35 | INFO | Results panel looks stuck. Clicking the feed and trying another scroll.
2026-03-29 03:08:12 | INFO | Browser started with Playwright.
2026-03-29 03:08:26 | INFO | Collected 1 listing URLs from Google Maps.
2026-03-29 03:08:34 | INFO | Results panel looks stuck. Clicking the feed and trying another scroll.
2026-03-29 03:08:38 | INFO | Saved 1 deduplicated leads to working_check_headless.xlsx
2026-03-29 03:08:38 | INFO | Results panel looks stuck. Clicking the feed and trying another scroll.
2026-03-29 03:09:36 | INFO | Results panel looks stuck. Clicking the feed and trying another scroll.
2026-03-29 03:09:40 | INFO | Results panel looks stuck. Clicking the feed and trying another scroll.
2026-03-29 03:10:39 | INFO | Results panel looks stuck. Clicking the feed and trying another scroll.
2026-03-29 03:10:42 | INFO | Results panel looks stuck. Clicking the feed and trying another scroll.
2026-03-29 03:11:43 | INFO | Results panel looks stuck. Clicking the feed and trying another scroll.
2026-03-29 03:11:45 | INFO | Results panel looks stuck. Clicking the feed and trying another scroll.
2026-03-29 03:13:03 | INFO | Browser started with Playwright.
2026-03-29 03:13:16 | INFO | Collected 1 listing URLs from Google Maps.
2026-03-29 03:13:27 | INFO | Saved 1 deduplicated leads to visible_check.xlsx
2026-03-29 03:13:52 | INFO | Browser started with Playwright.
2026-03-29 03:14:07 | INFO | Collected 5 listing URLs from Google Maps.
2026-03-29 03:15:07 | INFO | Saved 5 deduplicated leads to salon_spa_headless.xlsx
2026-03-29 03:16:09 | INFO | Browser started with Playwright.
2026-03-29 03:16:23 | INFO | Collected 5 listing URLs from Google Maps.
2026-03-29 03:17:05 | INFO | Saved 5 deduplicated leads to salon_spa_headless_fixed.xlsx
2026-03-29 05:47:07 | INFO | Collected 11 public search results for Facebook.
2026-03-29 05:47:08 | INFO | Collected 11 public search results for Instagram.
2026-03-29 05:47:08 | INFO | Collected 0 public search results for LinkedIn.
2026-03-29 05:47:08 | INFO | Collected 0 public search results for X.
2026-03-29 05:47:09 | INFO | Collected 0 public search results for Twitter.
2026-03-29 05:47:09 | INFO | Collected 0 public search results for TikTok.
2026-03-29 05:47:09 | INFO | Collected 0 public search results for YouTube.
2026-03-29 05:47:09 | INFO | Collected 0 public search results for Telegram.
2026-03-29 05:47:09 | INFO | Collected 0 public search results for Reddit.
2026-03-29 05:47:09 | INFO | Collected 8 public social search rows.
2026-03-29 05:47:10 | INFO | Saved 0 deduplicated leads to social_search_test.xlsx
2026-03-29 05:47:42 | INFO | Collected 0 public search results for Facebook.
2026-03-29 05:47:42 | INFO | Collected 0 public search results for Instagram.
2026-03-29 05:47:42 | INFO | Collected 0 public search results for LinkedIn.
2026-03-29 05:47:43 | INFO | Collected 0 public search results for X.
2026-03-29 05:47:43 | INFO | Collected 0 public search results for Twitter.
2026-03-29 05:47:43 | INFO | Collected 0 public search results for TikTok.
2026-03-29 05:47:43 | INFO | Collected 0 public search results for YouTube.
2026-03-29 05:47:43 | INFO | Collected 0 public search results for Telegram.
2026-03-29 05:47:43 | INFO | Collected 0 public search results for Reddit.
2026-03-29 05:47:43 | INFO | Collected 0 public social search rows.
2026-03-29 05:47:43 | INFO | Saved 0 deduplicated leads to social_search_test_filtered.xlsx
2026-03-29 05:49:47 | INFO | Collected 10 public search results for Facebook.
2026-03-29 05:49:48 | INFO | Collected 10 public search results for Instagram.
2026-03-29 05:49:48 | INFO | Collected 10 public search results for LinkedIn.
2026-03-29 05:49:48 | INFO | Collected 10 public search results for X.
2026-03-29 05:49:48 | INFO | Collected 10 public search results for Twitter.
2026-03-29 05:49:48 | INFO | Collected 10 public search results for TikTok.
2026-03-29 05:49:49 | INFO | Collected 10 public search results for YouTube.
2026-03-29 05:49:49 | INFO | Collected 10 public search results for Telegram.
2026-03-29 05:49:49 | INFO | Collected 10 public search results for Reddit.
2026-03-29 05:49:49 | INFO | Collected 0 public social search rows.
2026-03-29 05:49:49 | INFO | Saved 0 deduplicated leads to social_search_test_bing.xlsx
2026-03-29 05:53:46 | INFO | Collected 0 public social rows for Reddit.
2026-03-29 05:53:46 | INFO | Collected 0 public social rows for YouTube.
2026-03-29 05:53:46 | INFO | Collected 0 public social rows for Facebook.
2026-03-29 05:53:46 | INFO | Collected 0 public social rows for Instagram.
2026-03-29 05:53:47 | INFO | Collected 0 public social rows for LinkedIn.
2026-03-29 05:53:47 | INFO | Collected 0 public social rows for TikTok.
2026-03-29 05:53:47 | INFO | Collected 0 public social rows for Telegram.
2026-03-29 05:53:47 | INFO | Collected 0 public social search rows.
2026-03-29 05:53:47 | INFO | Saved 0 deduplicated leads to social_search_test_collectors.xlsx
2026-03-29 06:16:36 | INFO | Browser started with Playwright.
2026-03-29 06:18:57 | INFO | Collected 100 listing URLs from Google Maps.
2026-03-29 06:44:11 | INFO | Collected 0 public social rows for Reddit.
2026-03-29 06:44:12 | INFO | Collected 0 public social rows for YouTube.
2026-03-29 06:44:12 | INFO | Collected 1 public social rows for Facebook.
2026-03-29 06:44:13 | INFO | Collected 1 public social rows for Instagram.
2026-03-29 06:44:13 | INFO | Collected 0 public social rows for LinkedIn.
2026-03-29 06:44:13 | INFO | Collected 0 public social rows for TikTok.
2026-03-29 06:44:13 | INFO | Collected 0 public social rows for Telegram.
2026-03-29 06:44:13 | INFO | Collected 2 public social search rows.
2026-03-29 06:44:20 | INFO | Saved 99 deduplicated leads to D:\workspace\onlinejobsph\logs\leads_20260329_061626.xlsx
2026-03-29 07:05:30 | INFO | Collected 0 public social rows for LinkedIn.
2026-03-29 07:05:30 | INFO | Collected 0 public social search rows.
2026-03-29 07:05:31 | INFO | Saved 0 deduplicated leads to linkedin_public_test.xlsx
2026-03-29 07:06:40 | INFO | Collected 0 public social rows for LinkedIn.
2026-03-29 07:06:40 | INFO | Collected 0 public social search rows.
2026-03-29 07:06:40 | INFO | Saved 0 deduplicated leads to verify_linkedin_public.xlsx
2026-03-29 07:06:43 | INFO | Browser started with Playwright.
2026-03-29 07:06:57 | INFO | Collected 1 listing URLs from Google Maps.
2026-03-29 07:07:07 | INFO | Saved 1 deduplicated leads to verify_maps.xlsx
2026-03-29 07:08:03 | INFO | Collected 0 public social rows for LinkedIn.
2026-03-29 07:08:03 | INFO | Collected 0 public social search rows.
2026-03-29 07:08:03 | INFO | Saved 0 deduplicated leads to teacher_linkedin_check.xlsx
2026-03-29 07:08:05 | INFO | Browser started with Playwright.
2026-03-29 07:08:20 | INFO | Collected 3 listing URLs from Google Maps.
2026-03-29 07:08:47 | INFO | Saved 3 deduplicated leads to teacher_maps_check.xlsx
2026-03-29 07:28:30 | INFO | Collected 7 public social rows for LinkedIn.
2026-03-29 07:28:30 | INFO | Collected 5 public social search rows.
2026-03-29 07:28:30 | INFO | Saved 0 deduplicated leads to teacher_linkedin_fixed.xlsx
2026-03-29 07:29:41 | INFO | Collected 0 public social rows for LinkedIn.
2026-03-29 07:29:41 | INFO | Collected 0 public social search rows.
2026-03-29 07:29:41 | INFO | Saved 0 deduplicated leads to teacher_linkedin_fixed_v2.xlsx
2026-03-29 07:31:31 | INFO | Collected 0 public social rows for LinkedIn.
2026-03-29 07:31:31 | INFO | Collected 0 public social search rows.
2026-03-29 07:31:32 | INFO | Saved 0 deduplicated leads to teacher_linkedin_fixed_v3.xlsx
2026-03-29 07:32:44 | INFO | Browser started with Playwright.
2026-03-29 07:32:57 | INFO | Browser started with Playwright.
2026-03-29 07:35:41 | INFO | Collected 0 public social rows for LinkedIn.
2026-03-29 07:35:41 | INFO | Using 5 cached public social rows for linkedin_public.
2026-03-29 07:35:41 | INFO | Collected 5 public social search rows.
2026-03-29 07:35:41 | INFO | Saved 0 deduplicated leads to teacher_linkedin_fixed_v4.xlsx
2026-03-29 08:13:52 | INFO | Collected 0 public social rows for LinkedIn.
2026-03-29 08:13:52 | INFO | Using 5 cached public social rows for linkedin_public.
2026-03-29 08:13:52 | INFO | Collected 5 public social search rows.
2026-03-29 08:13:52 | INFO | Saved 0 deduplicated leads to teacher_linkedin_gui_status_check.xlsx
2026-03-29 08:26:12 | INFO | Collected 0 public social rows for Reddit.
2026-03-29 08:26:12 | INFO | Collected 0 public social rows for YouTube.
2026-03-29 08:26:20 | INFO | Collected 0 public social rows for Facebook.
2026-03-29 08:26:29 | INFO | Collected 0 public social rows for Instagram.
2026-03-29 08:26:54 | INFO | Collected 0 public social rows for LinkedIn.
2026-03-29 08:27:02 | INFO | Collected 0 public social rows for TikTok.
2026-03-29 08:27:11 | INFO | Collected 0 public social rows for Telegram.
2026-03-29 08:27:11 | INFO | Collected 0 public social search rows.
2026-03-29 08:27:11 | INFO | Saved 0 deduplicated leads to D:\workspace\onlinejobsph\logs\Yoga.xlsx
2026-03-29 08:29:03 | INFO | Collected 0 public social rows for LinkedIn.
2026-03-29 08:29:03 | INFO | Collected 0 public social search rows.
2026-03-29 08:29:03 | INFO | Saved 0 deduplicated leads to yoga_instructor_check.xlsx
2026-03-29 08:30:05 | INFO | Collected 0 public social rows for LinkedIn.
2026-03-29 08:30:05 | INFO | Collected 0 public social search rows.
2026-03-29 08:30:05 | INFO | Saved 0 deduplicated leads to yoga_repeat_1.xlsx
2026-03-29 08:30:33 | INFO | Collected 0 public social rows for LinkedIn.
2026-03-29 08:30:33 | INFO | Using 3 cached public social rows for linkedin_public.
2026-03-29 08:30:33 | INFO | Collected 3 public social search rows.
2026-03-29 08:30:33 | INFO | Saved 0 deduplicated leads to yoga_repeat_2.xlsx
2026-03-29 08:31:00 | INFO | Collected 0 public social rows for LinkedIn.
2026-03-29 08:31:00 | INFO | Collected 0 public social search rows.
2026-03-29 08:31:00 | INFO | Saved 0 deduplicated leads to yoga_repeat_3.xlsx
2026-03-29 08:31:53 | INFO | Collected 0 public social rows for LinkedIn.
2026-03-29 08:31:53 | INFO | Using 3 cached public social rows for linkedin_public.
2026-03-29 08:31:53 | INFO | Collected 3 public social search rows.
2026-03-29 08:31:53 | INFO | Saved 0 deduplicated leads to niche_teacher.xlsx
2026-03-29 08:32:21 | INFO | Collected 0 public social rows for LinkedIn.
2026-03-29 08:32:21 | INFO | Collected 0 public social search rows.
2026-03-29 08:32:21 | INFO | Saved 0 deduplicated leads to niche_yoga.xlsx
2026-03-29 08:32:49 | INFO | Collected 0 public social rows for LinkedIn.
2026-03-29 08:32:49 | INFO | Collected 0 public social search rows.
2026-03-29 08:32:49 | INFO | Saved 0 deduplicated leads to niche_doctor.xlsx
2026-03-29 08:33:16 | INFO | Collected 0 public social rows for LinkedIn.
2026-03-29 08:33:16 | INFO | Collected 0 public social search rows.
2026-03-29 08:33:17 | INFO | Saved 0 deduplicated leads to niche_dentist.xlsx
2026-03-29 08:33:45 | INFO | Collected 0 public social rows for LinkedIn.
2026-03-29 08:33:45 | INFO | Collected 0 public social search rows.
2026-03-29 08:33:45 | INFO | Saved 0 deduplicated leads to niche_lawyer.xlsx
2026-03-29 08:35:10 | INFO | Collected 0 public social rows for LinkedIn.
2026-03-29 08:35:10 | INFO | Using 3 cached public social rows for linkedin_public.
2026-03-29 08:35:10 | INFO | Collected 3 public social search rows.
2026-03-29 08:35:11 | INFO | Saved 0 deduplicated leads to teacher_business_name_check.xlsx
2026-03-29 08:35:54 | INFO | Collected 0 public social rows for LinkedIn.
2026-03-29 08:35:54 | INFO | Collected 0 public social search rows.
2026-03-29 08:35:55 | INFO | Saved 0 deduplicated leads to position_video_editor.xlsx
2026-03-29 08:36:22 | INFO | Collected 0 public social rows for LinkedIn.
2026-03-29 08:36:22 | INFO | Collected 0 public social search rows.
2026-03-29 08:36:22 | INFO | Saved 0 deduplicated leads to position_virtual_assistant.xlsx
2026-03-29 08:36:49 | INFO | Collected 0 public social rows for LinkedIn.
2026-03-29 08:36:49 | INFO | Collected 0 public social search rows.
2026-03-29 08:36:49 | INFO | Saved 0 deduplicated leads to position_business_owner.xlsx
2026-03-29 08:37:16 | INFO | Collected 0 public social rows for LinkedIn.
2026-03-29 08:37:16 | INFO | Collected 0 public social search rows.
2026-03-29 08:37:16 | INFO | Saved 0 deduplicated leads to position_yoga_instructor.xlsx
2026-03-29 08:37:44 | INFO | Collected 0 public social rows for LinkedIn.
2026-03-29 08:37:44 | INFO | Using 3 cached public social rows for linkedin_public.
2026-03-29 08:37:44 | INFO | Collected 3 public social search rows.
2026-03-29 08:37:44 | INFO | Saved 0 deduplicated leads to position_teacher.xlsx
2026-03-29 08:38:35 | INFO | Collected 0 public social rows for LinkedIn.
2026-03-29 08:38:35 | INFO | Using 3 cached public social rows for linkedin_public.
2026-03-29 08:38:35 | INFO | Collected 3 public social search rows.
2026-03-29 08:38:35 | INFO | Saved 0 deduplicated leads to teacher_business_name_check_v2.xlsx
2026-03-29 08:39:25 | INFO | Collected 0 public social rows for LinkedIn.
2026-03-29 08:39:25 | INFO | Using 3 cached public social rows for linkedin_public.
2026-03-29 08:39:25 | INFO | Collected 3 public social search rows.
2026-03-29 08:39:25 | INFO | Saved 0 deduplicated leads to position_teacher_v2.xlsx
2026-03-29 08:39:53 | INFO | Collected 0 public social rows for LinkedIn.
2026-03-29 08:39:53 | INFO | Collected 0 public social search rows.
2026-03-29 08:39:54 | INFO | Saved 0 deduplicated leads to position_video_editor_v2.xlsx
2026-03-29 08:40:20 | INFO | Collected 0 public social rows for LinkedIn.
2026-03-29 08:40:20 | INFO | Collected 0 public social search rows.
2026-03-29 08:40:21 | INFO | Saved 0 deduplicated leads to position_virtual_assistant_v2.xlsx
2026-03-29 08:40:47 | INFO | Collected 0 public social rows for LinkedIn.
2026-03-29 08:40:47 | INFO | Collected 0 public social search rows.
2026-03-29 08:40:48 | INFO | Saved 0 deduplicated leads to position_business_owner_v2.xlsx
2026-03-29 09:55:57 | INFO | Collected 0 public social rows for LinkedIn.
2026-03-29 09:55:57 | INFO | No rows found for linkedin_public. Trying broader public-platform fallback.
2026-03-29 09:56:06 | INFO | Fallback collected 0 public social rows for Facebook.
2026-03-29 09:56:15 | INFO | Fallback collected 0 public social rows for Instagram.
2026-03-29 09:56:15 | INFO | Fallback collected 0 public social rows for Reddit.
2026-03-29 09:56:15 | INFO | Fallback collected 0 public social rows for YouTube.
2026-03-29 09:56:24 | INFO | Fallback collected 0 public social rows for TikTok.
2026-03-29 09:56:32 | INFO | Fallback collected 0 public social rows for Telegram.
2026-03-29 09:56:32 | INFO | Using 3 cached public social rows for linkedin_public.
2026-03-29 09:56:32 | INFO | Collected 3 public social search rows.
2026-03-29 09:56:33 | INFO | Saved 0 deduplicated leads to coverage_teacher.xlsx
2026-03-29 09:57:00 | INFO | Collected 0 public social rows for LinkedIn.
2026-03-29 09:57:00 | INFO | No rows found for linkedin_public. Trying broader public-platform fallback.
2026-03-29 09:57:09 | INFO | Fallback collected 0 public social rows for Facebook.
2026-03-29 09:57:17 | INFO | Fallback collected 0 public social rows for Instagram.
2026-03-29 09:57:18 | INFO | Fallback collected 0 public social rows for Reddit.
2026-03-29 09:57:18 | INFO | Fallback collected 0 public social rows for YouTube.
2026-03-29 09:57:27 | INFO | Fallback collected 0 public social rows for TikTok.
2026-03-29 09:57:35 | INFO | Fallback collected 0 public social rows for Telegram.
2026-03-29 09:57:35 | INFO | Collected 0 public social search rows.
2026-03-29 09:57:35 | INFO | Saved 0 deduplicated leads to coverage_video_editor.xlsx
2026-03-29 09:58:03 | INFO | Collected 0 public social rows for LinkedIn.
2026-03-29 09:58:03 | INFO | No rows found for linkedin_public. Trying broader public-platform fallback.
2026-03-29 09:58:12 | INFO | Fallback collected 0 public social rows for Facebook.
2026-03-29 09:58:21 | INFO | Fallback collected 0 public social rows for Instagram.
2026-03-29 09:58:21 | INFO | Fallback collected 0 public social rows for Reddit.
2026-03-29 09:58:23 | INFO | Fallback collected 0 public social rows for YouTube.
2026-03-29 09:58:31 | INFO | Fallback collected 0 public social rows for TikTok.
2026-03-29 09:58:40 | INFO | Fallback collected 0 public social rows for Telegram.
2026-03-29 09:58:40 | INFO | Collected 0 public social search rows.
2026-03-29 09:58:40 | INFO | Saved 0 deduplicated leads to coverage_virtual_assistant.xlsx
2026-03-29 09:59:10 | INFO | Collected 0 public social rows for LinkedIn.
2026-03-29 09:59:10 | INFO | No rows found for linkedin_public. Trying broader public-platform fallback.
2026-03-29 09:59:18 | INFO | Fallback collected 0 public social rows for Facebook.
2026-03-29 09:59:27 | INFO | Fallback collected 0 public social rows for Instagram.
2026-03-29 09:59:28 | INFO | Fallback collected 0 public social rows for Reddit.
2026-03-29 09:59:28 | INFO | Fallback collected 0 public social rows for YouTube.
2026-03-29 09:59:37 | INFO | Fallback collected 0 public social rows for TikTok.
2026-03-29 09:59:51 | INFO | Fallback collected 0 public social rows for Telegram.
2026-03-29 09:59:51 | INFO | Collected 0 public social search rows.
2026-03-29 09:59:51 | INFO | Saved 0 deduplicated leads to coverage_business_owner.xlsx
2026-03-29 10:10:36 | INFO | Browser started with Playwright.
2026-03-29 10:10:49 | INFO | Collected 3 listing URLs from Google Maps.
2026-03-29 10:11:14 | INFO | Collected 0 public social rows for Reddit.
2026-03-29 10:11:14 | INFO | Collected 0 public social rows for YouTube.
2026-03-29 10:11:22 | INFO | Collected 0 public social rows for Facebook.
2026-03-29 10:11:31 | INFO | Collected 0 public social rows for Instagram.
2026-03-29 10:11:56 | INFO | Collected 0 public social rows for LinkedIn.
2026-03-29 10:12:04 | INFO | Collected 0 public social rows for TikTok.
2026-03-29 10:12:13 | INFO | Collected 0 public social rows for Telegram.
2026-03-29 10:12:13 | INFO | Collected 0 public social search rows.
2026-03-29 10:12:13 | INFO | Collected 3 website and directory rows.
2026-03-29 10:12:14 | INFO | Saved 3 deduplicated leads to universal_test.xlsx
2026-03-29 10:12:36 | INFO | Browser started with Playwright.
2026-03-29 10:15:19 | INFO | Falling back to default results panel selector for scrolling.
2026-03-29 10:15:54 | INFO | Results panel looks stuck. Clicking the feed and trying another scroll.
2026-03-29 10:16:57 | INFO | Results panel looks stuck. Clicking the feed and trying another scroll.
2026-03-29 10:18:00 | INFO | Results panel looks stuck. Clicking the feed and trying another scroll.
2026-03-29 10:19:03 | INFO | Results panel looks stuck. Clicking the feed and trying another scroll.
2026-03-29 10:20:05 | INFO | Results panel looks stuck. Clicking the feed and trying another scroll.
2026-03-29 10:21:07 | INFO | Results panel looks stuck. Clicking the feed and trying another scroll.
2026-03-29 10:21:11 | INFO | Collected 0 public social rows for Reddit.
2026-03-29 10:21:11 | INFO | Collected 0 public social rows for YouTube.
2026-03-29 10:21:19 | INFO | Collected 0 public social rows for Facebook.
2026-03-29 10:21:28 | INFO | Collected 0 public social rows for Instagram.
2026-03-29 10:21:53 | INFO | Collected 0 public social rows for LinkedIn.
2026-03-29 10:22:01 | INFO | Collected 0 public social rows for TikTok.
2026-03-29 10:22:10 | INFO | Collected 0 public social rows for Telegram.
2026-03-29 10:22:10 | INFO | Collected 0 public social search rows.
2026-03-29 10:22:10 | INFO | Results panel looks stuck. Clicking the feed and trying another scroll.
2026-03-29 10:22:11 | INFO | Collected 5 website and directory rows.
2026-03-29 10:22:11 | INFO | Saved 0 deduplicated leads to universal_business_owner_test_v2.xlsx
2026-03-29 10:23:13 | INFO | Results panel looks stuck. Clicking the feed and trying another scroll.
2026-03-29 10:24:16 | INFO | Results panel looks stuck. Clicking the feed and trying another scroll.
2026-03-29 10:25:19 | INFO | Results panel looks stuck. Clicking the feed and trying another scroll.
2026-03-29 10:26:22 | INFO | Results panel looks stuck. Clicking the feed and trying another scroll.
2026-03-29 10:27:25 | INFO | Results panel looks stuck. Clicking the feed and trying another scroll.
2026-03-29 10:28:27 | INFO | Results panel looks stuck. Clicking the feed and trying another scroll.
2026-03-29 10:29:30 | INFO | Results panel looks stuck. Clicking the feed and trying another scroll.
2026-03-29 10:30:33 | INFO | Results panel looks stuck. Clicking the feed and trying another scroll.
2026-03-29 10:31:36 | INFO | Results panel looks stuck. Clicking the feed and trying another scroll.
2026-03-29 10:32:38 | INFO | Results panel looks stuck. Clicking the feed and trying another scroll.
2026-03-29 10:33:41 | INFO | Results panel looks stuck. Clicking the feed and trying another scroll.
2026-03-29 10:34:44 | INFO | Results panel looks stuck. Clicking the feed and trying another scroll.
2026-03-29 10:35:47 | INFO | Results panel looks stuck. Clicking the feed and trying another scroll.
2026-03-29 10:36:49 | INFO | Results panel looks stuck. Clicking the feed and trying another scroll.
2026-03-29 10:37:51 | INFO | Results panel looks stuck. Clicking the feed and trying another scroll.
2026-03-29 10:38:53 | INFO | Results panel looks stuck. Clicking the feed and trying another scroll.
2026-03-29 10:39:56 | INFO | Results panel looks stuck. Clicking the feed and trying another scroll.
2026-03-29 10:40:58 | INFO | Results panel looks stuck. Clicking the feed and trying another scroll.
2026-03-29 10:42:00 | INFO | Results panel looks stuck. Clicking the feed and trying another scroll.
2026-03-29 10:43:03 | INFO | Results panel looks stuck. Clicking the feed and trying another scroll.
2026-03-29 10:44:05 | INFO | Results panel looks stuck. Clicking the feed and trying another scroll.
2026-03-29 10:45:08 | INFO | Results panel looks stuck. Clicking the feed and trying another scroll.
2026-03-29 10:46:11 | INFO | Results panel looks stuck. Clicking the feed and trying another scroll.
2026-03-29 10:47:14 | INFO | Results panel looks stuck. Clicking the feed and trying another scroll.
2026-03-29 10:48:17 | INFO | Results panel looks stuck. Clicking the feed and trying another scroll.
2026-03-29 10:49:20 | INFO | Results panel looks stuck. Clicking the feed and trying another scroll.
2026-03-29 10:50:24 | INFO | Results panel looks stuck. Clicking the feed and trying another scroll.
2026-03-29 10:50:30 | INFO | Collected 0 public social rows for Reddit.
2026-03-29 10:50:30 | INFO | Collected 0 public social rows for YouTube.
2026-03-29 10:50:39 | INFO | Collected 0 public social rows for Facebook.
2026-03-29 10:50:48 | INFO | Collected 0 public social rows for Instagram.
2026-03-29 10:51:16 | INFO | Collected 0 public social rows for LinkedIn.
2026-03-29 10:51:25 | INFO | Collected 0 public social rows for TikTok.
2026-03-29 10:51:28 | INFO | Results panel looks stuck. Clicking the feed and trying another scroll.
2026-03-29 10:51:34 | INFO | Collected 0 public social rows for Telegram.
2026-03-29 10:51:34 | INFO | Collected 0 public social search rows.
2026-03-29 10:51:34 | INFO | Saved 0 deduplicated leads to D:\workspace\onlinejobsph\logs\leads_20260329_082730.xlsx
2026-03-29 10:52:31 | INFO | Results panel looks stuck. Clicking the feed and trying another scroll.
2026-03-29 10:53:34 | INFO | Results panel looks stuck. Clicking the feed and trying another scroll.
2026-03-29 10:54:36 | INFO | Results panel looks stuck. Clicking the feed and trying another scroll.
2026-03-29 10:55:03 | INFO | Collected 0 public social rows for Reddit.
2026-03-29 10:55:03 | INFO | Collected 0 public social rows for YouTube.
2026-03-29 10:55:12 | INFO | Collected 0 public social rows for Facebook.
2026-03-29 10:55:21 | INFO | Collected 0 public social rows for Instagram.
2026-03-29 10:55:40 | INFO | Results panel looks stuck. Clicking the feed and trying another scroll.
2026-03-29 10:55:47 | INFO | Collected 0 public social rows for LinkedIn.
2026-03-29 10:55:56 | INFO | Collected 0 public social rows for TikTok.
2026-03-29 10:56:04 | INFO | Collected 0 public social rows for Telegram.
2026-03-29 10:56:04 | INFO | Collected 0 public social search rows.
2026-03-29 10:56:05 | INFO | Saved 0 deduplicated leads to D:\RADZ AUTOMATION\pubg recoil\google-maps-scraper\RESULT FOR SCRAPING\Coffee Shop NYC.xlsx
2026-03-29 10:56:43 | INFO | Results panel looks stuck. Clicking the feed and trying another scroll.
2026-03-29 10:57:46 | INFO | Results panel looks stuck. Clicking the feed and trying another scroll.
2026-03-29 10:58:36 | INFO | Browser started with Playwright.
2026-03-29 10:58:49 | INFO | Results panel looks stuck. Clicking the feed and trying another scroll.
2026-03-29 10:59:52 | INFO | Results panel looks stuck. Clicking the feed and trying another scroll.
2026-03-29 11:00:55 | INFO | Results panel looks stuck. Clicking the feed and trying another scroll.
2026-03-29 11:01:12 | INFO | Collected 0 public social rows for Reddit.
2026-03-29 11:01:12 | INFO | Collected 0 public social rows for YouTube.
2026-03-29 11:01:17 | INFO | Collected 100 listing URLs from Google Maps.
2026-03-29 11:01:21 | INFO | Collected 0 public social rows for Facebook.
2026-03-29 11:01:30 | INFO | Collected 0 public social rows for Instagram.
2026-03-29 11:01:56 | INFO | Results panel looks stuck. Clicking the feed and trying another scroll.
2026-03-29 11:01:57 | INFO | Collected 0 public social rows for LinkedIn.
2026-03-29 11:02:06 | INFO | Collected 0 public social rows for TikTok.
2026-03-29 11:02:15 | INFO | Collected 0 public social rows for Telegram.
2026-03-29 11:02:15 | INFO | Collected 0 public social search rows.
2026-03-29 11:02:16 | INFO | Collected 5 website and directory rows.
2026-03-29 11:02:16 | INFO | Saved 0 deduplicated leads to slow_check.xlsx
2026-03-29 11:02:35 | WARNING | Extract listing https://www.google.com/maps/place/Radiant+Caf%C3%A9+%26+Wine+Bar/data=!4m7!3m6!1s0x89c2590052a5cf25:0x7df162d75e541303!8m2!3d40.734024!4d-74.0013903!16s%2Fg%2F11y64d1hs5!19sChIJJc-lUgBZwokRAxNUXtdi8X0?authuser=0&hl=en&rclk=1 failed on attempt 1/3: Page.goto: Target page, context or browser has been closed
2026-03-29 11:02:58 | INFO | Results panel looks stuck. Clicking the feed and trying another scroll.
2026-03-29 11:03:17 | INFO | Collected 5 website and directory rows.
2026-03-29 11:03:18 | INFO | Saved 0 deduplicated leads to fast_check.xlsx
2026-03-29 11:03:45 | INFO | Collected 5 website and directory rows.
2026-03-29 11:03:45 | INFO | Saved 0 deduplicated leads to rerun_business_owner.xlsx
2026-03-29 11:03:46 | INFO | Browser started with Playwright.
2026-03-29 11:03:59 | INFO | Collected 3 listing URLs from Google Maps.
2026-03-29 11:03:59 | INFO | Results panel looks stuck. Clicking the feed and trying another scroll.
2026-03-29 11:04:25 | INFO | Collected 0 public social rows for Reddit.
2026-03-29 11:04:25 | INFO | Collected 0 public social rows for YouTube.
2026-03-29 11:04:34 | INFO | Collected 0 public social rows for Facebook.
2026-03-29 11:04:43 | INFO | Collected 0 public social rows for Instagram.
2026-03-29 11:05:02 | INFO | Results panel looks stuck. Clicking the feed and trying another scroll.
2026-03-29 11:05:08 | INFO | Collected 0 public social rows for LinkedIn.
2026-03-29 11:05:16 | INFO | Collected 0 public social rows for TikTok.
2026-03-29 11:05:25 | INFO | Collected 0 public social rows for Telegram.
2026-03-29 11:05:25 | INFO | Collected 0 public social search rows.
2026-03-29 11:05:25 | INFO | Collected 3 website and directory rows.
2026-03-29 11:05:26 | INFO | Saved 3 deduplicated leads to rerun_coffee_shop.xlsx
2026-03-29 11:06:06 | INFO | Results panel looks stuck. Clicking the feed and trying another scroll.
2026-03-29 11:07:08 | INFO | Results panel looks stuck. Clicking the feed and trying another scroll.
2026-03-29 11:08:11 | INFO | Results panel looks stuck. Clicking the feed and trying another scroll.
2026-03-29 11:08:23 | INFO | Collected 10 website and directory rows.
2026-03-29 11:08:23 | INFO | Saved 0 deduplicated leads to D:\RADZ AUTOMATION\pubg recoil\google-maps-scraper\RESULT FOR SCRAPING\Businessowner.xlsx
2026-03-29 11:08:36 | INFO | Collected 21 website and directory rows.
2026-03-29 11:08:37 | INFO | Collected 0 public social rows for Reddit.
2026-03-29 11:08:37 | INFO | Collected 0 public social rows for YouTube.
2026-03-29 11:08:45 | INFO | Collected 0 public social rows for Facebook.
2026-03-29 11:08:54 | INFO | Collected 0 public social rows for Instagram.
2026-03-29 11:09:13 | INFO | Results panel looks stuck. Clicking the feed and trying another scroll.
2026-03-29 11:09:19 | INFO | Collected 0 public social rows for LinkedIn.
2026-03-29 11:09:28 | INFO | Collected 0 public social rows for TikTok.
2026-03-29 11:09:36 | INFO | Collected 0 public social rows for Telegram.
2026-03-29 11:09:36 | INFO | Collected 0 public social search rows.
2026-03-29 11:09:36 | INFO | Saved 0 deduplicated leads to D:\RADZ AUTOMATION\pubg recoil\google-maps-scraper\RESULT FOR SCRAPING\Businessowner.xlsx
2026-03-29 11:10:15 | INFO | Results panel looks stuck. Clicking the feed and trying another scroll.
2026-03-29 11:10:40 | INFO | Collected 21 website and directory rows.
2026-03-29 11:10:41 | INFO | Collected 0 public social rows for Reddit.
2026-03-29 11:10:41 | INFO | Collected 0 public social rows for YouTube.
2026-03-29 11:10:49 | INFO | Collected 0 public social rows for Facebook.
2026-03-29 11:10:58 | INFO | Collected 0 public social rows for Instagram.
2026-03-29 11:11:18 | INFO | Results panel looks stuck. Clicking the feed and trying another scroll.
2026-03-29 11:11:23 | INFO | Collected 0 public social rows for LinkedIn.
2026-03-29 11:11:32 | INFO | Collected 0 public social rows for TikTok.
2026-03-29 11:11:41 | INFO | Collected 0 public social rows for Telegram.
2026-03-29 11:11:41 | INFO | Collected 0 public social search rows.
2026-03-29 11:12:21 | INFO | Results panel looks stuck. Clicking the feed and trying another scroll.
2026-03-29 11:13:23 | INFO | Results panel looks stuck. Clicking the feed and trying another scroll.
2026-03-29 11:13:25 | INFO | Browser started with Playwright.
2026-03-29 11:13:27 | INFO | Collected 20 website and directory rows.
2026-03-29 11:13:27 | INFO | Saved 0 deduplicated leads to verify_limit_owner.xlsx
2026-03-29 11:13:42 | INFO | Collected 10 listing URLs from Google Maps.
2026-03-29 11:14:26 | INFO | Results panel looks stuck. Clicking the feed and trying another scroll.
2026-03-29 11:15:05 | INFO | Collected 0 public social rows for Reddit.
2026-03-29 11:15:06 | INFO | Collected 0 public social rows for YouTube.
2026-03-29 11:15:14 | INFO | Collected 0 public social rows for Facebook.
2026-03-29 11:15:23 | INFO | Collected 0 public social rows for Instagram.
2026-03-29 11:15:28 | INFO | Results panel looks stuck. Clicking the feed and trying another scroll.
2026-03-29 11:15:48 | INFO | Collected 0 public social rows for LinkedIn.
2026-03-29 11:15:57 | INFO | Collected 0 public social rows for TikTok.
2026-03-29 11:16:05 | INFO | Collected 0 public social rows for Telegram.
2026-03-29 11:16:05 | INFO | Collected 0 public social search rows.
2026-03-29 11:16:06 | INFO | Collected 10 website and directory rows.
2026-03-29 11:16:07 | INFO | Saved 10 deduplicated leads to verify_limit_coffee.xlsx
2026-03-29 11:16:31 | INFO | Results panel looks stuck. Clicking the feed and trying another scroll.
2026-03-29 11:16:58 | INFO | Browser started with Playwright.
2026-03-29 11:17:03 | INFO | Collected 20 website and directory rows.
2026-03-29 11:17:03 | INFO | Saved 0 deduplicated leads to qa_owner_20.xlsx
2026-03-29 11:17:14 | INFO | Collected 10 listing URLs from Google Maps.
2026-03-29 11:17:34 | INFO | Results panel looks stuck. Clicking the feed and trying another scroll.
2026-03-29 11:18:35 | INFO | Collected 0 public social rows for Reddit.
2026-03-29 11:18:35 | INFO | Collected 0 public social rows for YouTube.
2026-03-29 11:18:37 | INFO | Results panel looks stuck. Clicking the feed and trying another scroll.
2026-03-29 11:18:44 | INFO | Collected 0 public social rows for Facebook.
2026-03-29 11:18:53 | INFO | Collected 0 public social rows for Instagram.
2026-03-29 11:19:19 | INFO | Collected 0 public social rows for LinkedIn.
2026-03-29 11:19:27 | INFO | Collected 0 public social rows for TikTok.
2026-03-29 11:19:36 | INFO | Collected 0 public social rows for Telegram.
2026-03-29 11:19:36 | INFO | Collected 0 public social search rows.
2026-03-29 11:19:37 | INFO | Collected 10 website and directory rows.
2026-03-29 11:19:37 | INFO | Saved 10 deduplicated leads to qa_coffee_10.xlsx
2026-03-29 11:19:39 | INFO | Results panel looks stuck. Clicking the feed and trying another scroll.
2026-03-29 11:20:42 | INFO | Results panel looks stuck. Clicking the feed and trying another scroll.
2026-03-29 11:21:45 | INFO | Results panel looks stuck. Clicking the feed and trying another scroll.
2026-03-29 11:22:47 | INFO | Results panel looks stuck. Clicking the feed and trying another scroll.
2026-03-29 11:23:51 | INFO | Results panel looks stuck. Clicking the feed and trying another scroll.
2026-03-29 11:24:53 | INFO | Results panel looks stuck. Clicking the feed and trying another scroll.
2026-03-29 11:25:56 | INFO | Results panel looks stuck. Clicking the feed and trying another scroll.
2026-03-29 11:26:59 | INFO | Results panel looks stuck. Clicking the feed and trying another scroll.
2026-03-29 11:28:03 | INFO | Results panel looks stuck. Clicking the feed and trying another scroll.
2026-03-29 11:29:05 | INFO | Results panel looks stuck. Clicking the feed and trying another scroll.
2026-03-29 11:30:08 | INFO | Results panel looks stuck. Clicking the feed and trying another scroll.
2026-03-29 11:31:10 | INFO | Results panel looks stuck. Clicking the feed and trying another scroll.
2026-03-29 11:32:14 | INFO | Results panel looks stuck. Clicking the feed and trying another scroll.
2026-03-29 11:33:17 | INFO | Results panel looks stuck. Clicking the feed and trying another scroll.
2026-03-29 11:34:19 | INFO | Results panel looks stuck. Clicking the feed and trying another scroll.
2026-03-29 11:35:22 | INFO | Results panel looks stuck. Clicking the feed and trying another scroll.
2026-03-29 11:36:24 | INFO | Results panel looks stuck. Clicking the feed and trying another scroll.
2026-03-29 11:37:27 | INFO | Results panel looks stuck. Clicking the feed and trying another scroll.
2026-03-29 11:38:31 | INFO | Results panel looks stuck. Clicking the feed and trying another scroll.
2026-03-29 11:39:34 | INFO | Results panel looks stuck. Clicking the feed and trying another scroll.
2026-03-29 11:40:37 | INFO | Results panel looks stuck. Clicking the feed and trying another scroll.
2026-03-29 11:41:39 | INFO | Results panel looks stuck. Clicking the feed and trying another scroll.
2026-03-29 11:42:43 | INFO | Results panel looks stuck. Clicking the feed and trying another scroll.
2026-03-29 11:43:46 | INFO | Results panel looks stuck. Clicking the feed and trying another scroll.
2026-03-29 11:44:48 | INFO | Results panel looks stuck. Clicking the feed and trying another scroll.
2026-03-29 11:45:51 | INFO | Results panel looks stuck. Clicking the feed and trying another scroll.
2026-03-29 11:46:53 | INFO | Results panel looks stuck. Clicking the feed and trying another scroll.
2026-03-29 11:47:56 | INFO | Results panel looks stuck. Clicking the feed and trying another scroll.
2026-03-29 11:48:59 | INFO | Results panel looks stuck. Clicking the feed and trying another scroll.
2026-03-29 11:50:02 | INFO | Results panel looks stuck. Clicking the feed and trying another scroll.
2026-03-29 11:51:05 | INFO | Results panel looks stuck. Clicking the feed and trying another scroll.
2026-03-29 11:52:08 | INFO | Results panel looks stuck. Clicking the feed and trying another scroll.
2026-03-29 11:53:11 | INFO | Results panel looks stuck. Clicking the feed and trying another scroll.
2026-03-29 11:54:15 | INFO | Results panel looks stuck. Clicking the feed and trying another scroll.
2026-03-29 11:55:17 | INFO | Results panel looks stuck. Clicking the feed and trying another scroll.
2026-03-29 11:56:21 | INFO | Results panel looks stuck. Clicking the feed and trying another scroll.
2026-03-29 11:57:24 | INFO | Results panel looks stuck. Clicking the feed and trying another scroll.
2026-03-29 11:58:28 | INFO | Results panel looks stuck. Clicking the feed and trying another scroll.
2026-03-29 11:59:31 | INFO | Results panel looks stuck. Clicking the feed and trying another scroll.
2026-03-29 12:00:34 | INFO | Results panel looks stuck. Clicking the feed and trying another scroll.
2026-03-29 12:01:36 | INFO | Results panel looks stuck. Clicking the feed and trying another scroll.
2026-03-29 12:02:40 | INFO | Results panel looks stuck. Clicking the feed and trying another scroll.
2026-03-29 12:03:43 | INFO | Results panel looks stuck. Clicking the feed and trying another scroll.
2026-03-29 12:04:45 | INFO | Results panel looks stuck. Clicking the feed and trying another scroll.
2026-03-29 12:05:47 | INFO | Results panel looks stuck. Clicking the feed and trying another scroll.
2026-03-29 12:06:50 | INFO | Results panel looks stuck. Clicking the feed and trying another scroll.
2026-03-29 12:07:53 | INFO | Results panel looks stuck. Clicking the feed and trying another scroll.
2026-03-29 12:08:56 | INFO | Results panel looks stuck. Clicking the feed and trying another scroll.
2026-03-29 12:09:10 | INFO | Collected 17 website and directory rows.
2026-03-29 12:09:13 | INFO | Collected 0 public social rows for Reddit.
2026-03-29 12:09:16 | INFO | Collected 0 public social rows for YouTube.
2026-03-29 12:09:58 | INFO | Results panel looks stuck. Clicking the feed and trying another scroll.
2026-03-29 12:10:46 | INFO | Collected 0 website and directory rows.
2026-03-29 12:10:49 | INFO | Collected 0 public social rows for Reddit.
2026-03-29 12:10:52 | INFO | Collected 0 public social rows for YouTube.
2026-03-29 12:11:01 | INFO | Results panel looks stuck. Clicking the feed and trying another scroll.
2026-03-29 12:11:34 | INFO | Collected 0 public social rows for Facebook.
2026-03-29 12:12:03 | INFO | Results panel looks stuck. Clicking the feed and trying another scroll.
2026-03-29 12:12:15 | INFO | Collected 0 public social rows for Instagram.
2026-03-29 12:13:07 | INFO | Results panel looks stuck. Clicking the feed and trying another scroll.
2026-03-29 12:14:10 | INFO | Results panel looks stuck. Clicking the feed and trying another scroll.
2026-03-29 12:14:19 | INFO | Collected 0 public social rows for LinkedIn.
2026-03-29 12:15:00 | INFO | Collected 0 website and directory rows.
2026-03-29 12:15:01 | INFO | Collected 0 public social rows for TikTok.
2026-03-29 12:15:03 | INFO | Collected 0 public social rows for Reddit.
2026-03-29 12:15:05 | INFO | Collected 0 public social rows for YouTube.
2026-03-29 12:15:12 | INFO | Results panel looks stuck. Clicking the feed and trying another scroll.
2026-03-29 12:15:43 | INFO | Collected 0 public social rows for Telegram.
2026-03-29 12:15:43 | INFO | Collected 0 public social search rows.
2026-03-29 12:15:47 | INFO | Collected 0 public social rows for Facebook.
2026-03-29 12:15:51 | INFO | Collected 0 website and directory rows.
2026-03-29 12:15:51 | INFO | Saved 0 deduplicated leads to spam_filter_check.xlsx
2026-03-29 12:15:51 | WARNING | Requested 20 leads but only found 0 real public results for this search.
2026-03-29 12:16:15 | INFO | Results panel looks stuck. Clicking the feed and trying another scroll.
2026-03-29 12:16:29 | INFO | Collected 0 public social rows for Instagram.
2026-03-29 12:17:18 | INFO | Results panel looks stuck. Clicking the feed and trying another scroll.
2026-03-29 12:18:20 | INFO | Results panel looks stuck. Clicking the feed and trying another scroll.
2026-03-29 12:18:32 | INFO | Collected 0 public social rows for LinkedIn.
2026-03-29 12:19:07 | INFO | Browser started with Playwright.
2026-03-29 12:19:16 | INFO | Collected 0 public social rows for TikTok.
2026-03-29 12:19:23 | INFO | Results panel looks stuck. Clicking the feed and trying another scroll.
2026-03-29 12:19:59 | INFO | Collected 0 public social rows for Telegram.
2026-03-29 12:19:59 | INFO | Collected 0 public social search rows.
2026-03-29 12:20:10 | INFO | Collected 0 website and directory rows.
2026-03-29 12:20:10 | INFO | Saved 0 deduplicated leads to spam_filter_check_small.xlsx
2026-03-29 12:20:10 | WARNING | Requested 5 leads but only found 0 real public results for this search.
2026-03-29 12:20:26 | INFO | Results panel looks stuck. Clicking the feed and trying another scroll.
2026-03-29 12:21:29 | INFO | Results panel looks stuck. Clicking the feed and trying another scroll.
2026-03-29 12:21:45 | WARNING | Initial results-panel detection failed, trying fallback readiness checks.
2026-03-29 12:21:45 | INFO | Falling back to default results panel selector for scrolling.
2026-03-29 12:22:21 | INFO | Results panel looks stuck. Clicking the feed and trying another scroll.
2026-03-29 12:22:31 | INFO | Results panel looks stuck. Clicking the feed and trying another scroll.
2026-03-29 12:23:26 | INFO | Results panel looks stuck. Clicking the feed and trying another scroll.
2026-03-29 12:23:34 | INFO | Results panel looks stuck. Clicking the feed and trying another scroll.
2026-03-29 12:24:31 | INFO | Results panel looks stuck. Clicking the feed and trying another scroll.
2026-03-29 12:24:37 | INFO | Results panel looks stuck. Clicking the feed and trying another scroll.
2026-03-29 12:25:34 | INFO | Results panel looks stuck. Clicking the feed and trying another scroll.
2026-03-29 12:25:39 | INFO | Results panel looks stuck. Clicking the feed and trying another scroll.
2026-03-29 12:26:39 | INFO | Results panel looks stuck. Clicking the feed and trying another scroll.
2026-03-29 12:26:42 | INFO | Results panel looks stuck. Clicking the feed and trying another scroll.
2026-03-29 12:27:44 | INFO | Results panel looks stuck. Clicking the feed and trying another scroll.
2026-03-29 12:27:45 | INFO | Results panel looks stuck. Clicking the feed and trying another scroll.
2026-03-29 12:28:47 | INFO | Results panel looks stuck. Clicking the feed and trying another scroll.
2026-03-29 12:28:49 | INFO | Results panel looks stuck. Clicking the feed and trying another scroll.
2026-03-29 12:29:27 | INFO | Browser started with Playwright.
2026-03-29 12:29:50 | INFO | Results panel looks stuck. Clicking the feed and trying another scroll.
2026-03-29 12:29:54 | INFO | Results panel looks stuck. Clicking the feed and trying another scroll.
2026-03-29 12:30:53 | INFO | Results panel looks stuck. Clicking the feed and trying another scroll.
2026-03-29 12:30:58 | INFO | Results panel looks stuck. Clicking the feed and trying another scroll.
2026-03-29 12:31:56 | INFO | Results panel looks stuck. Clicking the feed and trying another scroll.
2026-03-29 12:32:02 | INFO | Results panel looks stuck. Clicking the feed and trying another scroll.
2026-03-29 12:32:05 | WARNING | Initial results-panel detection failed, trying fallback readiness checks.
2026-03-29 12:32:05 | INFO | Falling back to default results panel selector for scrolling.
2026-03-29 12:32:41 | INFO | Results panel looks stuck. Clicking the feed and trying another scroll.
2026-03-29 12:32:59 | INFO | Results panel looks stuck. Clicking the feed and trying another scroll.
2026-03-29 12:33:06 | INFO | Results panel looks stuck. Clicking the feed and trying another scroll.
2026-03-29 12:33:45 | INFO | Results panel looks stuck. Clicking the feed and trying another scroll.
2026-03-29 12:34:01 | INFO | Results panel looks stuck. Clicking the feed and trying another scroll.
2026-03-29 12:34:10 | INFO | Results panel looks stuck. Clicking the feed and trying another scroll.
2026-03-29 12:34:49 | INFO | Results panel looks stuck. Clicking the feed and trying another scroll.
2026-03-29 12:35:03 | INFO | Results panel looks stuck. Clicking the feed and trying another scroll.
2026-03-29 12:35:14 | INFO | Results panel looks stuck. Clicking the feed and trying another scroll.
2026-03-29 12:35:53 | INFO | Results panel looks stuck. Clicking the feed and trying another scroll.
2026-03-29 12:36:07 | INFO | Results panel looks stuck. Clicking the feed and trying another scroll.
2026-03-29 12:36:18 | INFO | Results panel looks stuck. Clicking the feed and trying another scroll.
2026-03-29 12:36:58 | INFO | Results panel looks stuck. Clicking the feed and trying another scroll.
2026-03-29 12:37:09 | INFO | Results panel looks stuck. Clicking the feed and trying another scroll.
2026-03-29 12:37:22 | INFO | Results panel looks stuck. Clicking the feed and trying another scroll.
2026-03-29 12:38:02 | INFO | Results panel looks stuck. Clicking the feed and trying another scroll.
2026-03-29 12:38:13 | INFO | Results panel looks stuck. Clicking the feed and trying another scroll.
2026-03-29 12:38:26 | INFO | Results panel looks stuck. Clicking the feed and trying another scroll.
2026-03-29 12:39:06 | INFO | Results panel looks stuck. Clicking the feed and trying another scroll.
2026-03-29 12:39:16 | INFO | Results panel looks stuck. Clicking the feed and trying another scroll.
2026-03-29 12:39:31 | INFO | Results panel looks stuck. Clicking the feed and trying another scroll.
2026-03-29 12:40:10 | INFO | Results panel looks stuck. Clicking the feed and trying another scroll.
2026-03-29 12:40:18 | INFO | Results panel looks stuck. Clicking the feed and trying another scroll.
2026-03-29 12:40:35 | INFO | Results panel looks stuck. Clicking the feed and trying another scroll.
2026-03-29 12:41:14 | INFO | Results panel looks stuck. Clicking the feed and trying another scroll.
2026-03-29 12:41:22 | INFO | Results panel looks stuck. Clicking the feed and trying another scroll.
2026-03-29 12:41:40 | INFO | Results panel looks stuck. Clicking the feed and trying another scroll.
2026-03-29 12:42:18 | INFO | Results panel looks stuck. Clicking the feed and trying another scroll.
2026-03-29 12:42:25 | INFO | Results panel looks stuck. Clicking the feed and trying another scroll.
2026-03-29 12:42:43 | INFO | Results panel looks stuck. Clicking the feed and trying another scroll.
2026-03-29 12:43:23 | INFO | Results panel looks stuck. Clicking the feed and trying another scroll.
2026-03-29 12:43:28 | INFO | Results panel looks stuck. Clicking the feed and trying another scroll.
2026-03-29 12:43:47 | INFO | Results panel looks stuck. Clicking the feed and trying another scroll.
2026-03-29 12:44:27 | INFO | Results panel looks stuck. Clicking the feed and trying another scroll.
2026-03-29 12:44:31 | INFO | Results panel looks stuck. Clicking the feed and trying another scroll.
2026-03-29 12:44:51 | INFO | Results panel looks stuck. Clicking the feed and trying another scroll.
2026-03-29 12:45:31 | INFO | Results panel looks stuck. Clicking the feed and trying another scroll.
2026-03-29 12:45:34 | INFO | Results panel looks stuck. Clicking the feed and trying another scroll.
2026-03-29 12:45:56 | INFO | Results panel looks stuck. Clicking the feed and trying another scroll.
2026-03-29 12:46:35 | INFO | Results panel looks stuck. Clicking the feed and trying another scroll.
2026-03-29 12:46:35 | INFO | Results panel looks stuck. Clicking the feed and trying another scroll.
2026-03-29 12:47:01 | INFO | Results panel looks stuck. Clicking the feed and trying another scroll.
2026-03-29 12:47:39 | INFO | Results panel looks stuck. Clicking the feed and trying another scroll.
2026-03-29 12:47:39 | INFO | Results panel looks stuck. Clicking the feed and trying another scroll.
2026-03-29 12:48:05 | INFO | Results panel looks stuck. Clicking the feed and trying another scroll.
2026-03-29 12:48:42 | INFO | Results panel looks stuck. Clicking the feed and trying another scroll.
2026-03-29 12:48:44 | INFO | Results panel looks stuck. Clicking the feed and trying another scroll.
2026-03-29 12:49:09 | INFO | Results panel looks stuck. Clicking the feed and trying another scroll.
2026-03-29 12:49:45 | INFO | Results panel looks stuck. Clicking the feed and trying another scroll.
2026-03-29 12:49:48 | INFO | Results panel looks stuck. Clicking the feed and trying another scroll.
2026-03-29 12:50:14 | INFO | Results panel looks stuck. Clicking the feed and trying another scroll.
2026-03-29 12:50:48 | INFO | Results panel looks stuck. Clicking the feed and trying another scroll.
2026-03-29 12:50:52 | INFO | Results panel looks stuck. Clicking the feed and trying another scroll.
2026-03-29 12:51:18 | INFO | Results panel looks stuck. Clicking the feed and trying another scroll.
2026-03-29 12:51:51 | INFO | Results panel looks stuck. Clicking the feed and trying another scroll.
2026-03-29 12:51:56 | INFO | Results panel looks stuck. Clicking the feed and trying another scroll.
2026-03-29 12:52:22 | INFO | Results panel looks stuck. Clicking the feed and trying another scroll.
2026-03-29 12:52:53 | INFO | Results panel looks stuck. Clicking the feed and trying another scroll.
2026-03-29 12:53:01 | INFO | Results panel looks stuck. Clicking the feed and trying another scroll.
2026-03-29 12:53:26 | INFO | Results panel looks stuck. Clicking the feed and trying another scroll.
2026-03-29 12:53:57 | INFO | Results panel looks stuck. Clicking the feed and trying another scroll.
2026-03-29 12:54:05 | INFO | Results panel looks stuck. Clicking the feed and trying another scroll.
2026-03-29 12:54:30 | INFO | Results panel looks stuck. Clicking the feed and trying another scroll.
2026-03-29 12:55:00 | INFO | Results panel looks stuck. Clicking the feed and trying another scroll.
2026-03-29 12:55:10 | INFO | Results panel looks stuck. Clicking the feed and trying another scroll.
2026-03-29 12:55:25 | INFO | Collected 0 website and directory rows.
2026-03-29 12:55:27 | INFO | Collected 0 public social rows for Reddit.
2026-03-29 12:55:30 | INFO | Collected 0 public social rows for YouTube.
2026-03-29 12:55:34 | INFO | Results panel looks stuck. Clicking the feed and trying another scroll.
2026-03-29 12:56:04 | INFO | Results panel looks stuck. Clicking the feed and trying another scroll.
2026-03-29 12:56:13 | INFO | Collected 0 public social rows for Facebook.
2026-03-29 12:56:14 | INFO | Results panel looks stuck. Clicking the feed and trying another scroll.
2026-03-29 12:56:38 | INFO | Results panel looks stuck. Clicking the feed and trying another scroll.
2026-03-29 12:56:55 | INFO | Collected 0 public social rows for Instagram.
2026-03-29 12:57:07 | INFO | Results panel looks stuck. Clicking the feed and trying another scroll.
2026-03-29 12:57:18 | INFO | Results panel looks stuck. Clicking the feed and trying another scroll.
2026-03-29 12:57:42 | INFO | Results panel looks stuck. Clicking the feed and trying another scroll.
2026-03-29 12:58:11 | INFO | Results panel looks stuck. Clicking the feed and trying another scroll.
2026-03-29 12:58:22 | INFO | Results panel looks stuck. Clicking the feed and trying another scroll.
2026-03-29 12:58:47 | INFO | Results panel looks stuck. Clicking the feed and trying another scroll.
2026-03-29 12:59:05 | INFO | Collected 0 public social rows for LinkedIn.
2026-03-29 12:59:13 | INFO | Results panel looks stuck. Clicking the feed and trying another scroll.
2026-03-29 12:59:25 | INFO | Results panel looks stuck. Clicking the feed and trying another scroll.
2026-03-29 12:59:48 | INFO | Collected 0 public social rows for TikTok.
2026-03-29 12:59:51 | INFO | Results panel looks stuck. Clicking the feed and trying another scroll.
2026-03-29 13:00:16 | INFO | Results panel looks stuck. Clicking the feed and trying another scroll.
2026-03-29 13:00:29 | INFO | Results panel looks stuck. Clicking the feed and trying another scroll.
2026-03-29 13:00:31 | INFO | Collected 0 public social rows for Telegram.
2026-03-29 13:00:31 | INFO | Collected 0 public social search rows.
2026-03-29 13:00:38 | INFO | Collected 0 website and directory rows.
2026-03-29 13:00:38 | INFO | Saved 0 deduplicated leads to D:\RADZ AUTOMATION\pubg recoil\google-maps-scraper\RESULT FOR SCRAPING\Businessowner.xlsx
2026-03-29 13:00:38 | WARNING | Requested 100 leads but only found 0 real public results for this search.
2026-03-29 13:00:55 | INFO | Results panel looks stuck. Clicking the feed and trying another scroll.
2026-03-29 13:01:19 | INFO | Results panel looks stuck. Clicking the feed and trying another scroll.
2026-03-29 13:01:33 | INFO | Results panel looks stuck. Clicking the feed and trying another scroll.
2026-03-29 13:02:01 | INFO | Results panel looks stuck. Clicking the feed and trying another scroll.
2026-03-29 13:02:21 | INFO | Results panel looks stuck. Clicking the feed and trying another scroll.
2026-03-29 13:02:38 | INFO | Results panel looks stuck. Clicking the feed and trying another scroll.
2026-03-29 13:03:05 | INFO | Results panel looks stuck. Clicking the feed and trying another scroll.
2026-03-29 13:03:24 | INFO | Results panel looks stuck. Clicking the feed and trying another scroll.
2026-03-29 13:03:41 | INFO | Results panel looks stuck. Clicking the feed and trying another scroll.
2026-03-29 13:03:47 | INFO | Browser started with Playwright.
2026-03-29 13:04:10 | INFO | Results panel looks stuck. Clicking the feed and trying another scroll.
2026-03-29 13:04:27 | INFO | Results panel looks stuck. Clicking the feed and trying another scroll.
2026-03-29 13:04:45 | INFO | Results panel looks stuck. Clicking the feed and trying another scroll.
2026-03-29 13:05:14 | INFO | Results panel looks stuck. Clicking the feed and trying another scroll.
2026-03-29 13:05:29 | INFO | Results panel looks stuck. Clicking the feed and trying another scroll.
2026-03-29 13:05:50 | INFO | Results panel looks stuck. Clicking the feed and trying another scroll.
2026-03-29 13:06:19 | INFO | Results panel looks stuck. Clicking the feed and trying another scroll.
2026-03-29 13:06:32 | INFO | Results panel looks stuck. Clicking the feed and trying another scroll.
2026-03-29 13:06:37 | INFO | Collected 100 listing URLs from Google Maps.
2026-03-29 13:06:53 | INFO | Results panel looks stuck. Clicking the feed and trying another scroll.
2026-03-29 13:07:24 | INFO | Results panel looks stuck. Clicking the feed and trying another scroll.
2026-03-29 13:07:35 | INFO | Results panel looks stuck. Clicking the feed and trying another scroll.
2026-03-29 13:07:57 | INFO | Results panel looks stuck. Clicking the feed and trying another scroll.
2026-03-29 13:08:28 | INFO | Results panel looks stuck. Clicking the feed and trying another scroll.
2026-03-29 13:08:39 | INFO | Results panel looks stuck. Clicking the feed and trying another scroll.
2026-03-29 13:09:01 | INFO | Results panel looks stuck. Clicking the feed and trying another scroll.
2026-03-29 13:09:34 | INFO | Results panel looks stuck. Clicking the feed and trying another scroll.
2026-03-29 13:09:42 | INFO | Results panel looks stuck. Clicking the feed and trying another scroll.
2026-03-29 13:10:05 | INFO | Results panel looks stuck. Clicking the feed and trying another scroll.
2026-03-29 13:10:38 | INFO | Results panel looks stuck. Clicking the feed and trying another scroll.
2026-03-29 13:10:44 | INFO | Results panel looks stuck. Clicking the feed and trying another scroll.
2026-03-29 13:11:10 | INFO | Results panel looks stuck. Clicking the feed and trying another scroll.
2026-03-29 13:11:42 | INFO | Results panel looks stuck. Clicking the feed and trying another scroll.
2026-03-29 13:11:48 | INFO | Results panel looks stuck. Clicking the feed and trying another scroll.
2026-03-29 13:12:14 | INFO | Results panel looks stuck. Clicking the feed and trying another scroll.
2026-03-29 13:12:46 | INFO | Results panel looks stuck. Clicking the feed and trying another scroll.
2026-03-29 13:12:52 | INFO | Results panel looks stuck. Clicking the feed and trying another scroll.
2026-03-29 13:13:19 | INFO | Results panel looks stuck. Clicking the feed and trying another scroll.
2026-03-29 13:13:51 | INFO | Results panel looks stuck. Clicking the feed and trying another scroll.
2026-03-29 13:13:54 | INFO | Results panel looks stuck. Clicking the feed and trying another scroll.
2026-03-29 13:14:24 | INFO | Results panel looks stuck. Clicking the feed and trying another scroll.
2026-03-29 13:14:56 | INFO | Results panel looks stuck. Clicking the feed and trying another scroll.
2026-03-29 13:14:59 | INFO | Results panel looks stuck. Clicking the feed and trying another scroll.
2026-03-29 13:15:27 | INFO | Results panel looks stuck. Clicking the feed and trying another scroll.
2026-03-29 13:16:00 | INFO | Results panel looks stuck. Clicking the feed and trying another scroll.
2026-03-29 13:16:01 | INFO | Results panel looks stuck. Clicking the feed and trying another scroll.
2026-03-29 13:16:31 | INFO | Results panel looks stuck. Clicking the feed and trying another scroll.
2026-03-29 13:17:04 | INFO | Results panel looks stuck. Clicking the feed and trying another scroll.
2026-03-29 13:17:06 | INFO | Results panel looks stuck. Clicking the feed and trying another scroll.
2026-03-29 13:17:35 | INFO | Results panel looks stuck. Clicking the feed and trying another scroll.
2026-03-29 13:18:05 | INFO | Results panel looks stuck. Clicking the feed and trying another scroll.
2026-03-29 13:18:10 | INFO | Results panel looks stuck. Clicking the feed and trying another scroll.
2026-03-29 13:18:40 | INFO | Results panel looks stuck. Clicking the feed and trying another scroll.
2026-03-29 13:19:09 | INFO | Results panel looks stuck. Clicking the feed and trying another scroll.
2026-03-29 13:19:15 | INFO | Results panel looks stuck. Clicking the feed and trying another scroll.
2026-03-29 13:19:44 | INFO | Results panel looks stuck. Clicking the feed and trying another scroll.
2026-03-29 13:20:12 | INFO | Results panel looks stuck. Clicking the feed and trying another scroll.
2026-03-29 13:20:18 | INFO | Results panel looks stuck. Clicking the feed and trying another scroll.
2026-03-29 13:20:48 | INFO | Results panel looks stuck. Clicking the feed and trying another scroll.
2026-03-29 13:21:16 | INFO | Results panel looks stuck. Clicking the feed and trying another scroll.
2026-03-29 13:21:22 | INFO | Results panel looks stuck. Clicking the feed and trying another scroll.
2026-03-29 13:21:52 | INFO | Results panel looks stuck. Clicking the feed and trying another scroll.
2026-03-29 13:22:19 | INFO | Results panel looks stuck. Clicking the feed and trying another scroll.
2026-03-29 13:22:27 | INFO | Results panel looks stuck. Clicking the feed and trying another scroll.
2026-03-29 13:22:52 | INFO | Saved 100 deduplicated leads to D:\RADZ AUTOMATION\pubg recoil\google-maps-scraper\RESULT FOR SCRAPING\Restaurant.xlsx
2026-03-29 13:22:57 | INFO | Results panel looks stuck. Clicking the feed and trying another scroll.
2026-03-29 13:23:22 | INFO | Results panel looks stuck. Clicking the feed and trying another scroll.
2026-03-29 13:23:31 | INFO | Results panel looks stuck. Clicking the feed and trying another scroll.
2026-03-29 13:24:00 | INFO | Results panel looks stuck. Clicking the feed and trying another scroll.
2026-03-29 13:24:25 | INFO | Results panel looks stuck. Clicking the feed and trying another scroll.
2026-03-29 13:24:37 | INFO | Results panel looks stuck. Clicking the feed and trying another scroll.
2026-03-29 13:25:04 | INFO | Results panel looks stuck. Clicking the feed and trying another scroll.
2026-03-29 13:25:27 | INFO | Results panel looks stuck. Clicking the feed and trying another scroll.
2026-03-29 13:25:42 | INFO | Results panel looks stuck. Clicking the feed and trying another scroll.
2026-03-29 13:26:08 | INFO | Results panel looks stuck. Clicking the feed and trying another scroll.
2026-03-29 13:26:31 | INFO | Results panel looks stuck. Clicking the feed and trying another scroll.
2026-03-29 13:26:46 | INFO | Results panel looks stuck. Clicking the feed and trying another scroll.
2026-03-29 13:27:12 | INFO | Results panel looks stuck. Clicking the feed and trying another scroll.
2026-03-29 13:27:34 | INFO | Results panel looks stuck. Clicking the feed and trying another scroll.
2026-03-29 13:27:51 | INFO | Results panel looks stuck. Clicking the feed and trying another scroll.
2026-03-29 13:28:16 | INFO | Results panel looks stuck. Clicking the feed and trying another scroll.
2026-03-29 13:28:37 | INFO | Results panel looks stuck. Clicking the feed and trying another scroll.
2026-03-29 13:28:54 | INFO | Results panel looks stuck. Clicking the feed and trying another scroll.
2026-03-29 13:29:21 | INFO | Results panel looks stuck. Clicking the feed and trying another scroll.
2026-03-29 13:29:39 | INFO | Results panel looks stuck. Clicking the feed and trying another scroll.
2026-03-29 13:29:58 | INFO | Results panel looks stuck. Clicking the feed and trying another scroll.
2026-03-29 13:30:25 | INFO | Results panel looks stuck. Clicking the feed and trying another scroll.
2026-03-29 13:30:42 | INFO | Results panel looks stuck. Clicking the feed and trying another scroll.
2026-03-29 13:31:02 | INFO | Results panel looks stuck. Clicking the feed and trying another scroll.
2026-03-29 13:31:29 | INFO | Results panel looks stuck. Clicking the feed and trying another scroll.
2026-03-29 13:31:46 | INFO | Results panel looks stuck. Clicking the feed and trying another scroll.
2026-03-29 13:32:06 | INFO | Results panel looks stuck. Clicking the feed and trying another scroll.
2026-03-29 13:32:34 | INFO | Results panel looks stuck. Clicking the feed and trying another scroll.
2026-03-29 13:32:49 | INFO | Results panel looks stuck. Clicking the feed and trying another scroll.
2026-03-29 13:33:10 | INFO | Results panel looks stuck. Clicking the feed and trying another scroll.
2026-03-29 13:33:38 | INFO | Results panel looks stuck. Clicking the feed and trying another scroll.
2026-03-29 13:33:52 | INFO | Results panel looks stuck. Clicking the feed and trying another scroll.
2026-03-29 13:34:15 | INFO | Results panel looks stuck. Clicking the feed and trying another scroll.
2026-03-29 13:34:42 | INFO | Results panel looks stuck. Clicking the feed and trying another scroll.
2026-03-29 13:34:55 | INFO | Results panel looks stuck. Clicking the feed and trying another scroll.
2026-03-29 13:35:19 | INFO | Results panel looks stuck. Clicking the feed and trying another scroll.
2026-03-29 13:35:46 | INFO | Results panel looks stuck. Clicking the feed and trying another scroll.
2026-03-29 13:35:58 | INFO | Results panel looks stuck. Clicking the feed and trying another scroll.
2026-03-29 13:36:24 | INFO | Results panel looks stuck. Clicking the feed and trying another scroll.
2026-03-29 13:36:50 | INFO | Results panel looks stuck. Clicking the feed and trying another scroll.
2026-03-29 13:37:00 | INFO | Results panel looks stuck. Clicking the feed and trying another scroll.
2026-03-29 13:37:29 | INFO | Results panel looks stuck. Clicking the feed and trying another scroll.
2026-03-29 13:37:55 | INFO | Results panel looks stuck. Clicking the feed and trying another scroll.
2026-03-29 13:38:04 | INFO | Results panel looks stuck. Clicking the feed and trying another scroll.
2026-03-29 13:38:33 | INFO | Results panel looks stuck. Clicking the feed and trying another scroll.
2026-03-29 13:38:59 | INFO | Results panel looks stuck. Clicking the feed and trying another scroll.
2026-03-29 13:39:06 | INFO | Results panel looks stuck. Clicking the feed and trying another scroll.
2026-03-29 13:39:37 | INFO | Results panel looks stuck. Clicking the feed and trying another scroll.
2026-03-29 13:40:03 | INFO | Results panel looks stuck. Clicking the feed and trying another scroll.
2026-03-29 13:40:08 | INFO | Results panel looks stuck. Clicking the feed and trying another scroll.
2026-03-29 13:40:41 | INFO | Results panel looks stuck. Clicking the feed and trying another scroll.
2026-03-29 13:41:07 | INFO | Results panel looks stuck. Clicking the feed and trying another scroll.
2026-03-29 13:41:11 | INFO | Results panel looks stuck. Clicking the feed and trying another scroll.
2026-03-29 13:41:44 | INFO | Results panel looks stuck. Clicking the feed and trying another scroll.
2026-03-29 13:42:13 | INFO | Results panel looks stuck. Clicking the feed and trying another scroll.
2026-03-29 13:42:13 | INFO | Results panel looks stuck. Clicking the feed and trying another scroll.
2026-03-29 13:42:47 | INFO | Results panel looks stuck. Clicking the feed and trying another scroll.
2026-03-29 13:43:16 | INFO | Results panel looks stuck. Clicking the feed and trying another scroll.
2026-03-29 13:43:17 | INFO | Results panel looks stuck. Clicking the feed and trying another scroll.
2026-03-29 13:43:51 | INFO | Results panel looks stuck. Clicking the feed and trying another scroll.
2026-03-29 13:44:18 | INFO | Results panel looks stuck. Clicking the feed and trying another scroll.
2026-03-29 13:44:20 | INFO | Results panel looks stuck. Clicking the feed and trying another scroll.
2026-03-29 13:44:55 | INFO | Results panel looks stuck. Clicking the feed and trying another scroll.
2026-03-29 13:45:21 | INFO | Results panel looks stuck. Clicking the feed and trying another scroll.
2026-03-29 13:45:24 | INFO | Results panel looks stuck. Clicking the feed and trying another scroll.
2026-03-29 13:46:00 | INFO | Results panel looks stuck. Clicking the feed and trying another scroll.
2026-03-29 13:46:24 | INFO | Results panel looks stuck. Clicking the feed and trying another scroll.
2026-03-29 13:46:28 | INFO | Results panel looks stuck. Clicking the feed and trying another scroll.
2026-03-29 13:47:05 | INFO | Results panel looks stuck. Clicking the feed and trying another scroll.
2026-03-29 13:47:27 | INFO | Results panel looks stuck. Clicking the feed and trying another scroll.
2026-03-29 13:47:33 | INFO | Results panel looks stuck. Clicking the feed and trying another scroll.
2026-03-29 13:48:09 | INFO | Results panel looks stuck. Clicking the feed and trying another scroll.
2026-03-29 13:48:31 | INFO | Results panel looks stuck. Clicking the feed and trying another scroll.
2026-03-29 13:48:37 | INFO | Results panel looks stuck. Clicking the feed and trying another scroll.
2026-03-29 13:49:14 | INFO | Results panel looks stuck. Clicking the feed and trying another scroll.
2026-03-29 13:49:34 | INFO | Results panel looks stuck. Clicking the feed and trying another scroll.
2026-03-29 13:49:42 | INFO | Results panel looks stuck. Clicking the feed and trying another scroll.
2026-03-29 13:50:18 | INFO | Results panel looks stuck. Clicking the feed and trying another scroll.
2026-03-29 13:50:37 | INFO | Results panel looks stuck. Clicking the feed and trying another scroll.
2026-03-29 13:50:46 | INFO | Results panel looks stuck. Clicking the feed and trying another scroll.
2026-03-29 13:51:23 | INFO | Results panel looks stuck. Clicking the feed and trying another scroll.
2026-03-29 13:51:40 | INFO | Results panel looks stuck. Clicking the feed and trying another scroll.
2026-03-29 13:51:50 | INFO | Results panel looks stuck. Clicking the feed and trying another scroll.
2026-03-29 13:52:27 | INFO | Results panel looks stuck. Clicking the feed and trying another scroll.
2026-03-29 13:52:42 | INFO | Results panel looks stuck. Clicking the feed and trying another scroll.
2026-03-29 13:52:53 | INFO | Results panel looks stuck. Clicking the feed and trying another scroll.
2026-03-29 13:53:31 | INFO | Results panel looks stuck. Clicking the feed and trying another scroll.
2026-03-29 13:53:45 | INFO | Results panel looks stuck. Clicking the feed and trying another scroll.
2026-03-29 13:53:58 | INFO | Results panel looks stuck. Clicking the feed and trying another scroll.
2026-03-29 13:54:35 | INFO | Results panel looks stuck. Clicking the feed and trying another scroll.
2026-03-29 13:54:48 | INFO | Results panel looks stuck. Clicking the feed and trying another scroll.
2026-03-29 13:55:02 | INFO | Results panel looks stuck. Clicking the feed and trying another scroll.
2026-03-29 13:55:40 | INFO | Results panel looks stuck. Clicking the feed and trying another scroll.
2026-03-29 13:55:51 | INFO | Results panel looks stuck. Clicking the feed and trying another scroll.
2026-03-29 13:56:07 | INFO | Results panel looks stuck. Clicking the feed and trying another scroll.
2026-03-29 13:56:45 | INFO | Results panel looks stuck. Clicking the feed and trying another scroll.
2026-03-29 13:56:54 | INFO | Results panel looks stuck. Clicking the feed and trying another scroll.
2026-03-29 13:57:10 | INFO | Results panel looks stuck. Clicking the feed and trying another scroll.
2026-03-29 13:57:49 | INFO | Results panel looks stuck. Clicking the feed and trying another scroll.
2026-03-29 13:57:58 | INFO | Results panel looks stuck. Clicking the feed and trying another scroll.
2026-03-29 13:58:15 | INFO | Results panel looks stuck. Clicking the feed and trying another scroll.
2026-03-29 13:58:53 | INFO | Results panel looks stuck. Clicking the feed and trying another scroll.
2026-03-29 13:59:01 | INFO | Results panel looks stuck. Clicking the feed and trying another scroll.
2026-03-29 13:59:19 | INFO | Results panel looks stuck. Clicking the feed and trying another scroll.
2026-03-29 13:59:58 | INFO | Results panel looks stuck. Clicking the feed and trying another scroll.
2026-03-29 14:00:05 | INFO | Results panel looks stuck. Clicking the feed and trying another scroll.
2026-03-29 14:00:23 | INFO | Results panel looks stuck. Clicking the feed and trying another scroll.
2026-03-29 14:01:01 | INFO | Results panel looks stuck. Clicking the feed and trying another scroll.
2026-03-29 14:01:08 | INFO | Results panel looks stuck. Clicking the feed and trying another scroll.
2026-03-29 14:01:28 | INFO | Results panel looks stuck. Clicking the feed and trying another scroll.
2026-03-29 14:02:05 | INFO | Results panel looks stuck. Clicking the feed and trying another scroll.
2026-03-29 14:02:11 | INFO | Results panel looks stuck. Clicking the feed and trying another scroll.
2026-03-29 14:02:32 | INFO | Results panel looks stuck. Clicking the feed and trying another scroll.
2026-03-29 14:03:09 | INFO | Results panel looks stuck. Clicking the feed and trying another scroll.
2026-03-29 14:03:14 | INFO | Results panel looks stuck. Clicking the feed and trying another scroll.
2026-03-29 14:03:36 | INFO | Results panel looks stuck. Clicking the feed and trying another scroll.
2026-03-29 14:04:14 | INFO | Results panel looks stuck. Clicking the feed and trying another scroll.
2026-03-29 14:04:16 | INFO | Results panel looks stuck. Clicking the feed and trying another scroll.
2026-03-29 14:04:41 | INFO | Results panel looks stuck. Clicking the feed and trying another scroll.
2026-03-29 14:05:18 | INFO | Results panel looks stuck. Clicking the feed and trying another scroll.
2026-03-29 14:05:19 | INFO | Results panel looks stuck. Clicking the feed and trying another scroll.
2026-03-29 14:05:45 | INFO | Results panel looks stuck. Clicking the feed and trying another scroll.
2026-03-29 14:06:22 | INFO | Results panel looks stuck. Clicking the feed and trying another scroll.
2026-03-29 14:06:23 | INFO | Results panel looks stuck. Clicking the feed and trying another scroll.
2026-03-29 14:06:51 | INFO | Results panel looks stuck. Clicking the feed and trying another scroll.
2026-03-29 14:07:25 | INFO | Results panel looks stuck. Clicking the feed and trying another scroll.
2026-03-29 14:07:27 | INFO | Results panel looks stuck. Clicking the feed and trying another scroll.
2026-03-29 14:07:56 | INFO | Results panel looks stuck. Clicking the feed and trying another scroll.
2026-03-29 14:08:27 | INFO | Results panel looks stuck. Clicking the feed and trying another scroll.
2026-03-29 14:08:31 | INFO | Results panel looks stuck. Clicking the feed and trying another scroll.
2026-03-29 14:09:01 | INFO | Results panel looks stuck. Clicking the feed and trying another scroll.
2026-03-29 14:09:30 | INFO | Results panel looks stuck. Clicking the feed and trying another scroll.
2026-03-29 14:09:36 | INFO | Results panel looks stuck. Clicking the feed and trying another scroll.
2026-03-29 14:10:05 | INFO | Results panel looks stuck. Clicking the feed and trying another scroll.
2026-03-29 14:10:34 | INFO | Results panel looks stuck. Clicking the feed and trying another scroll.
2026-03-29 14:10:39 | INFO | Results panel looks stuck. Clicking the feed and trying another scroll.
2026-03-29 14:11:09 | INFO | Results panel looks stuck. Clicking the feed and trying another scroll.
2026-03-29 14:11:36 | INFO | Results panel looks stuck. Clicking the feed and trying another scroll.
2026-03-29 14:11:43 | INFO | Results panel looks stuck. Clicking the feed and trying another scroll.
2026-03-29 14:12:12 | INFO | Results panel looks stuck. Clicking the feed and trying another scroll.
2026-03-29 14:12:40 | INFO | Results panel looks stuck. Clicking the feed and trying another scroll.
2026-03-29 14:12:48 | INFO | Results panel looks stuck. Clicking the feed and trying another scroll.
2026-03-29 14:13:17 | INFO | Results panel looks stuck. Clicking the feed and trying another scroll.
2026-03-29 14:13:42 | INFO | Results panel looks stuck. Clicking the feed and trying another scroll.
2026-03-29 14:13:54 | INFO | Results panel looks stuck. Clicking the feed and trying another scroll.
2026-03-29 14:14:22 | INFO | Results panel looks stuck. Clicking the feed and trying another scroll.
2026-03-29 14:14:45 | INFO | Results panel looks stuck. Clicking the feed and trying another scroll.
2026-03-29 14:14:58 | INFO | Results panel looks stuck. Clicking the feed and trying another scroll.
2026-03-29 14:15:26 | INFO | Results panel looks stuck. Clicking the feed and trying another scroll.
2026-03-29 14:15:47 | INFO | Results panel looks stuck. Clicking the feed and trying another scroll.
2026-03-29 14:16:02 | INFO | Results panel looks stuck. Clicking the feed and trying another scroll.
2026-03-29 14:16:31 | INFO | Results panel looks stuck. Clicking the feed and trying another scroll.
2026-03-29 14:16:51 | INFO | Results panel looks stuck. Clicking the feed and trying another scroll.
2026-03-29 14:17:07 | INFO | Results panel looks stuck. Clicking the feed and trying another scroll.
2026-03-29 14:17:35 | INFO | Results panel looks stuck. Clicking the feed and trying another scroll.
2026-03-29 14:17:53 | INFO | Results panel looks stuck. Clicking the feed and trying another scroll.
2026-03-29 14:18:12 | INFO | Results panel looks stuck. Clicking the feed and trying another scroll.
2026-03-29 14:18:40 | INFO | Results panel looks stuck. Clicking the feed and trying another scroll.
2026-03-29 14:18:56 | INFO | Results panel looks stuck. Clicking the feed and trying another scroll.
2026-03-29 14:19:16 | INFO | Results panel looks stuck. Clicking the feed and trying another scroll.
2026-03-29 14:19:43 | INFO | Results panel looks stuck. Clicking the feed and trying another scroll.
2026-03-29 14:19:59 | INFO | Results panel looks stuck. Clicking the feed and trying another scroll.
2026-03-29 14:20:20 | INFO | Results panel looks stuck. Clicking the feed and trying another scroll.
2026-03-29 14:20:48 | INFO | Results panel looks stuck. Clicking the feed and trying another scroll.
2026-03-29 14:21:02 | INFO | Results panel looks stuck. Clicking the feed and trying another scroll.
2026-03-29 14:21:25 | INFO | Results panel looks stuck. Clicking the feed and trying another scroll.
2026-03-29 14:21:53 | INFO | Results panel looks stuck. Clicking the feed and trying another scroll.
2026-03-29 14:22:06 | INFO | Results panel looks stuck. Clicking the feed and trying another scroll.
2026-03-29 14:22:29 | INFO | Results panel looks stuck. Clicking the feed and trying another scroll.
2026-03-29 14:22:57 | INFO | Results panel looks stuck. Clicking the feed and trying another scroll.
2026-03-29 14:23:08 | INFO | Results panel looks stuck. Clicking the feed and trying another scroll.
2026-03-29 14:23:33 | INFO | Results panel looks stuck. Clicking the feed and trying another scroll.
2026-03-29 14:24:01 | INFO | Results panel looks stuck. Clicking the feed and trying another scroll.
2026-03-29 14:24:10 | INFO | Results panel looks stuck. Clicking the feed and trying another scroll.
2026-03-29 14:24:36 | INFO | Results panel looks stuck. Clicking the feed and trying another scroll.
2026-03-29 14:25:05 | INFO | Results panel looks stuck. Clicking the feed and trying another scroll.
2026-03-29 14:25:14 | INFO | Results panel looks stuck. Clicking the feed and trying another scroll.
2026-03-29 14:25:40 | INFO | Results panel looks stuck. Clicking the feed and trying another scroll.
2026-03-29 14:26:09 | INFO | Results panel looks stuck. Clicking the feed and trying another scroll.
2026-03-29 14:26:16 | INFO | Results panel looks stuck. Clicking the feed and trying another scroll.
2026-03-29 14:26:44 | INFO | Results panel looks stuck. Clicking the feed and trying another scroll.
2026-03-29 14:27:14 | INFO | Results panel looks stuck. Clicking the feed and trying another scroll.
2026-03-29 14:27:20 | INFO | Results panel looks stuck. Clicking the feed and trying another scroll.
2026-03-29 14:27:48 | INFO | Results panel looks stuck. Clicking the feed and trying another scroll.
2026-03-29 14:28:17 | INFO | Results panel looks stuck. Clicking the feed and trying another scroll.
2026-03-29 14:28:24 | INFO | Results panel looks stuck. Clicking the feed and trying another scroll.
2026-03-29 14:28:53 | INFO | Results panel looks stuck. Clicking the feed and trying another scroll.
2026-03-29 14:29:22 | INFO | Results panel looks stuck. Clicking the feed and trying another scroll.
2026-03-29 14:29:26 | INFO | Results panel looks stuck. Clicking the feed and trying another scroll.
2026-03-29 14:29:58 | INFO | Results panel looks stuck. Clicking the feed and trying another scroll.
2026-03-29 14:30:25 | INFO | Results panel looks stuck. Clicking the feed and trying another scroll.
2026-03-29 14:30:30 | INFO | Results panel looks stuck. Clicking the feed and trying another scroll.
2026-03-29 14:31:02 | INFO | Results panel looks stuck. Clicking the feed and trying another scroll.
2026-03-29 14:31:30 | INFO | Results panel looks stuck. Clicking the feed and trying another scroll.
2026-03-29 14:31:32 | INFO | Results panel looks stuck. Clicking the feed and trying another scroll.
2026-03-29 14:32:06 | INFO | Results panel looks stuck. Clicking the feed and trying another scroll.
2026-03-29 14:32:35 | INFO | Results panel looks stuck. Clicking the feed and trying another scroll.
2026-03-29 14:32:35 | INFO | Results panel looks stuck. Clicking the feed and trying another scroll.
2026-03-29 14:33:11 | INFO | Results panel looks stuck. Clicking the feed and trying another scroll.
2026-03-29 14:33:39 | INFO | Results panel looks stuck. Clicking the feed and trying another scroll.
2026-03-29 14:33:40 | INFO | Results panel looks stuck. Clicking the feed and trying another scroll.
2026-03-29 14:34:16 | INFO | Results panel looks stuck. Clicking the feed and trying another scroll.
2026-03-29 14:34:41 | INFO | Results panel looks stuck. Clicking the feed and trying another scroll.
2026-03-29 14:34:44 | INFO | Results panel looks stuck. Clicking the feed and trying another scroll.
2026-03-29 14:35:21 | INFO | Results panel looks stuck. Clicking the feed and trying another scroll.
2026-03-29 14:35:44 | INFO | Results panel looks stuck. Clicking the feed and trying another scroll.
2026-03-29 14:35:48 | INFO | Results panel looks stuck. Clicking the feed and trying another scroll.
2026-03-29 14:36:26 | INFO | Results panel looks stuck. Clicking the feed and trying another scroll.
2026-03-29 14:36:47 | INFO | Results panel looks stuck. Clicking the feed and trying another scroll.
2026-03-29 14:36:53 | INFO | Results panel looks stuck. Clicking the feed and trying another scroll.
2026-03-29 14:37:30 | INFO | Results panel looks stuck. Clicking the feed and trying another scroll.
2026-03-29 14:37:51 | INFO | Results panel looks stuck. Clicking the feed and trying another scroll.
2026-03-29 14:37:58 | INFO | Results panel looks stuck. Clicking the feed and trying another scroll.
2026-03-29 14:38:35 | INFO | Results panel looks stuck. Clicking the feed and trying another scroll.
2026-03-29 14:38:53 | INFO | Results panel looks stuck. Clicking the feed and trying another scroll.
2026-03-29 14:39:02 | INFO | Results panel looks stuck. Clicking the feed and trying another scroll.
2026-03-29 14:39:41 | INFO | Results panel looks stuck. Clicking the feed and trying another scroll.
2026-03-29 14:39:56 | INFO | Results panel looks stuck. Clicking the feed and trying another scroll.
2026-03-29 14:40:07 | INFO | Results panel looks stuck. Clicking the feed and trying another scroll.
2026-03-29 14:40:44 | INFO | Results panel looks stuck. Clicking the feed and trying another scroll.
2026-03-29 14:41:00 | INFO | Results panel looks stuck. Clicking the feed and trying another scroll.
2026-03-29 14:41:10 | INFO | Results panel looks stuck. Clicking the feed and trying another scroll.
2026-03-29 14:41:47 | INFO | Results panel looks stuck. Clicking the feed and trying another scroll.
2026-03-29 14:42:03 | INFO | Results panel looks stuck. Clicking the feed and trying another scroll.
2026-03-29 14:42:15 | INFO | Results panel looks stuck. Clicking the feed and trying another scroll.
2026-03-29 14:42:51 | INFO | Results panel looks stuck. Clicking the feed and trying another scroll.
2026-03-29 14:43:05 | INFO | Results panel looks stuck. Clicking the feed and trying another scroll.
2026-03-29 14:43:18 | INFO | Results panel looks stuck. Clicking the feed and trying another scroll.
2026-03-29 14:43:55 | INFO | Results panel looks stuck. Clicking the feed and trying another scroll.
2026-03-29 14:44:09 | INFO | Results panel looks stuck. Clicking the feed and trying another scroll.
2026-03-29 14:44:22 | INFO | Results panel looks stuck. Clicking the feed and trying another scroll.
2026-03-29 14:44:59 | INFO | Results panel looks stuck. Clicking the feed and trying another scroll.
2026-03-29 14:45:11 | INFO | Results panel looks stuck. Clicking the feed and trying another scroll.
2026-03-29 14:45:25 | INFO | Results panel looks stuck. Clicking the feed and trying another scroll.
2026-03-29 14:46:03 | INFO | Results panel looks stuck. Clicking the feed and trying another scroll.
2026-03-29 14:46:15 | INFO | Results panel looks stuck. Clicking the feed and trying another scroll.
2026-03-29 14:46:31 | INFO | Results panel looks stuck. Clicking the feed and trying another scroll.
2026-03-29 14:47:08 | INFO | Results panel looks stuck. Clicking the feed and trying another scroll.
2026-03-29 14:47:17 | INFO | Results panel looks stuck. Clicking the feed and trying another scroll.
2026-03-29 14:47:35 | INFO | Results panel looks stuck. Clicking the feed and trying another scroll.
2026-03-29 14:47:55 | INFO | Browser started with Playwright.
2026-03-29 14:48:12 | INFO | Google Maps reported end of results.
2026-03-29 14:48:12 | INFO | Collected 10 listing URLs from Google Maps.
2026-03-29 14:48:12 | WARNING | Stop requested. Ending after current lead.
2026-03-29 14:48:12 | INFO | Saved 0 deduplicated leads to D:\RADZ AUTOMATION\pubg recoil\google-maps-scraper\RESULT FOR SCRAPING\CEO.xlsx
2026-03-29 14:48:12 | WARNING | Requested 100 leads but only found 0 real public results for this search.
2026-03-29 14:48:12 | INFO | Results panel looks stuck. Clicking the feed and trying another scroll.
2026-03-29 14:48:19 | INFO | Results panel looks stuck. Clicking the feed and trying another scroll.
2026-03-29 14:48:39 | INFO | Results panel looks stuck. Clicking the feed and trying another scroll.
2026-03-29 14:49:18 | INFO | Results panel looks stuck. Clicking the feed and trying another scroll.
2026-03-29 14:49:23 | INFO | Results panel looks stuck. Clicking the feed and trying another scroll.
2026-03-29 14:49:43 | INFO | Results panel looks stuck. Clicking the feed and trying another scroll.
2026-03-29 14:50:23 | INFO | Results panel looks stuck. Clicking the feed and trying another scroll.
2026-03-29 14:50:25 | INFO | Results panel looks stuck. Clicking the feed and trying another scroll.
2026-03-29 14:50:48 | INFO | Results panel looks stuck. Clicking the feed and trying another scroll.
2026-03-29 14:51:28 | INFO | Results panel looks stuck. Clicking the feed and trying another scroll.
2026-03-29 14:51:28 | INFO | Results panel looks stuck. Clicking the feed and trying another scroll.
2026-03-29 14:51:53 | INFO | Results panel looks stuck. Clicking the feed and trying another scroll.
2026-03-29 14:52:31 | INFO | Results panel looks stuck. Clicking the feed and trying another scroll.
2026-03-29 14:52:33 | INFO | Results panel looks stuck. Clicking the feed and trying another scroll.
2026-03-29 14:52:56 | INFO | Results panel looks stuck. Clicking the feed and trying another scroll.
2026-03-29 14:53:34 | INFO | Results panel looks stuck. Clicking the feed and trying another scroll.
2026-03-29 14:53:38 | INFO | Results panel looks stuck. Clicking the feed and trying another scroll.
2026-03-29 14:54:01 | INFO | Results panel looks stuck. Clicking the feed and trying another scroll.
2026-03-29 14:54:37 | INFO | Results panel looks stuck. Clicking the feed and trying another scroll.
2026-03-29 14:54:41 | INFO | Results panel looks stuck. Clicking the feed and trying another scroll.
2026-03-29 14:55:05 | INFO | Results panel looks stuck. Clicking the feed and trying another scroll.
2026-03-29 14:55:40 | INFO | Results panel looks stuck. Clicking the feed and trying another scroll.
2026-03-29 14:55:45 | INFO | Results panel looks stuck. Clicking the feed and trying another scroll.
2026-03-29 14:56:10 | INFO | Results panel looks stuck. Clicking the feed and trying another scroll.
2026-03-29 14:56:43 | INFO | Results panel looks stuck. Clicking the feed and trying another scroll.
2026-03-29 14:56:50 | INFO | Results panel looks stuck. Clicking the feed and trying another scroll.
2026-03-29 14:57:14 | INFO | Results panel looks stuck. Clicking the feed and trying another scroll.
2026-03-29 14:57:47 | INFO | Results panel looks stuck. Clicking the feed and trying another scroll.
2026-03-29 14:57:54 | INFO | Results panel looks stuck. Clicking the feed and trying another scroll.
2026-03-29 14:58:19 | INFO | Results panel looks stuck. Clicking the feed and trying another scroll.
2026-03-29 14:58:49 | INFO | Results panel looks stuck. Clicking the feed and trying another scroll.
2026-03-29 14:58:57 | INFO | Results panel looks stuck. Clicking the feed and trying another scroll.
2026-03-29 14:59:24 | INFO | Results panel looks stuck. Clicking the feed and trying another scroll.
2026-03-29 14:59:53 | INFO | Results panel looks stuck. Clicking the feed and trying another scroll.
2026-03-29 15:00:00 | INFO | Results panel looks stuck. Clicking the feed and trying another scroll.
2026-03-29 15:00:28 | INFO | Results panel looks stuck. Clicking the feed and trying another scroll.
2026-03-29 15:00:56 | INFO | Results panel looks stuck. Clicking the feed and trying another scroll.
2026-03-29 15:01:04 | INFO | Results panel looks stuck. Clicking the feed and trying another scroll.
2026-03-29 15:01:32 | INFO | Results panel looks stuck. Clicking the feed and trying another scroll.
2026-03-29 15:01:59 | INFO | Results panel looks stuck. Clicking the feed and trying another scroll.
2026-03-29 15:02:09 | INFO | Results panel looks stuck. Clicking the feed and trying another scroll.
2026-03-29 15:02:37 | INFO | Results panel looks stuck. Clicking the feed and trying another scroll.
2026-03-29 15:03:02 | INFO | Results panel looks stuck. Clicking the feed and trying another scroll.
2026-03-29 15:03:13 | INFO | Results panel looks stuck. Clicking the feed and trying another scroll.
2026-03-29 15:03:41 | INFO | Results panel looks stuck. Clicking the feed and trying another scroll.
2026-03-29 15:04:06 | INFO | Results panel looks stuck. Clicking the feed and trying another scroll.
2026-03-29 15:04:17 | INFO | Results panel looks stuck. Clicking the feed and trying another scroll.
2026-03-29 15:04:46 | INFO | Results panel looks stuck. Clicking the feed and trying another scroll.
2026-03-29 15:05:09 | INFO | Results panel looks stuck. Clicking the feed and trying another scroll.
2026-03-29 15:05:22 | INFO | Results panel looks stuck. Clicking the feed and trying another scroll.
2026-03-29 15:05:51 | INFO | Results panel looks stuck. Clicking the feed and trying another scroll.
2026-03-29 15:06:12 | INFO | Results panel looks stuck. Clicking the feed and trying another scroll.
2026-03-29 15:06:27 | INFO | Results panel looks stuck. Clicking the feed and trying another scroll.
2026-03-29 15:06:55 | INFO | Results panel looks stuck. Clicking the feed and trying another scroll.
2026-03-29 15:07:15 | INFO | Results panel looks stuck. Clicking the feed and trying another scroll.
2026-03-29 15:07:30 | INFO | Results panel looks stuck. Clicking the feed and trying another scroll.
2026-03-29 15:07:59 | INFO | Results panel looks stuck. Clicking the feed and trying another scroll.
2026-03-29 15:08:18 | INFO | Results panel looks stuck. Clicking the feed and trying another scroll.
2026-03-29 15:08:34 | INFO | Results panel looks stuck. Clicking the feed and trying another scroll.
2026-03-29 15:09:02 | INFO | Results panel looks stuck. Clicking the feed and trying another scroll.
2026-03-29 15:09:20 | INFO | Results panel looks stuck. Clicking the feed and trying another scroll.
2026-03-29 15:09:39 | INFO | Results panel looks stuck. Clicking the feed and trying another scroll.
2026-03-29 15:10:06 | INFO | Results panel looks stuck. Clicking the feed and trying another scroll.
2026-03-29 15:10:23 | INFO | Results panel looks stuck. Clicking the feed and trying another scroll.
2026-03-29 15:10:42 | INFO | Results panel looks stuck. Clicking the feed and trying another scroll.
2026-03-29 15:11:09 | INFO | Results panel looks stuck. Clicking the feed and trying another scroll.
2026-03-29 15:11:25 | INFO | Results panel looks stuck. Clicking the feed and trying another scroll.
2026-03-29 15:11:46 | INFO | Results panel looks stuck. Clicking the feed and trying another scroll.
2026-03-29 15:12:14 | INFO | Results panel looks stuck. Clicking the feed and trying another scroll.
2026-03-29 15:12:27 | INFO | Results panel looks stuck. Clicking the feed and trying another scroll.
2026-03-29 15:12:51 | INFO | Results panel looks stuck. Clicking the feed and trying another scroll.
2026-03-29 15:13:18 | INFO | Results panel looks stuck. Clicking the feed and trying another scroll.
2026-03-29 15:13:31 | INFO | Results panel looks stuck. Clicking the feed and trying another scroll.
2026-03-29 15:13:54 | INFO | Results panel looks stuck. Clicking the feed and trying another scroll.
2026-03-29 15:14:22 | INFO | Results panel looks stuck. Clicking the feed and trying another scroll.
2026-03-29 15:14:34 | INFO | Results panel looks stuck. Clicking the feed and trying another scroll.
2026-03-29 15:14:57 | INFO | Results panel looks stuck. Clicking the feed and trying another scroll.
2026-03-29 15:15:26 | INFO | Results panel looks stuck. Clicking the feed and trying another scroll.
2026-03-29 15:15:37 | INFO | Results panel looks stuck. Clicking the feed and trying another scroll.
2026-03-29 15:16:02 | INFO | Results panel looks stuck. Clicking the feed and trying another scroll.
2026-03-29 15:16:30 | INFO | Results panel looks stuck. Clicking the feed and trying another scroll.
2026-03-29 15:16:39 | INFO | Results panel looks stuck. Clicking the feed and trying another scroll.
2026-03-29 15:17:06 | INFO | Results panel looks stuck. Clicking the feed and trying another scroll.
2026-03-29 15:17:33 | INFO | Results panel looks stuck. Clicking the feed and trying another scroll.
2026-03-29 15:17:42 | INFO | Results panel looks stuck. Clicking the feed and trying another scroll.
2026-03-29 15:18:11 | INFO | Results panel looks stuck. Clicking the feed and trying another scroll.
2026-03-29 15:18:37 | INFO | Results panel looks stuck. Clicking the feed and trying another scroll.
2026-03-29 15:18:45 | INFO | Results panel looks stuck. Clicking the feed and trying another scroll.
2026-03-29 15:19:15 | INFO | Results panel looks stuck. Clicking the feed and trying another scroll.
2026-03-29 15:19:41 | INFO | Results panel looks stuck. Clicking the feed and trying another scroll.
2026-03-29 15:19:48 | INFO | Results panel looks stuck. Clicking the feed and trying another scroll.
2026-03-29 15:20:20 | INFO | Results panel looks stuck. Clicking the feed and trying another scroll.
2026-03-29 15:20:46 | INFO | Results panel looks stuck. Clicking the feed and trying another scroll.
2026-03-29 15:20:51 | INFO | Results panel looks stuck. Clicking the feed and trying another scroll.
2026-03-29 15:21:24 | INFO | Results panel looks stuck. Clicking the feed and trying another scroll.
2026-03-29 15:21:50 | INFO | Results panel looks stuck. Clicking the feed and trying another scroll.
2026-03-29 15:21:54 | INFO | Results panel looks stuck. Clicking the feed and trying another scroll.
2026-03-29 15:22:30 | INFO | Results panel looks stuck. Clicking the feed and trying another scroll.
2026-03-29 15:22:54 | INFO | Results panel looks stuck. Clicking the feed and trying another scroll.
2026-03-29 15:22:56 | INFO | Results panel looks stuck. Clicking the feed and trying another scroll.
2026-03-29 15:23:33 | INFO | Results panel looks stuck. Clicking the feed and trying another scroll.
2026-03-29 15:23:59 | INFO | Results panel looks stuck. Clicking the feed and trying another scroll.
2026-03-29 15:23:59 | INFO | Results panel looks stuck. Clicking the feed and trying another scroll.
2026-03-29 15:24:38 | INFO | Results panel looks stuck. Clicking the feed and trying another scroll.
2026-03-29 15:25:01 | INFO | Results panel looks stuck. Clicking the feed and trying another scroll.
2026-03-29 15:25:04 | INFO | Results panel looks stuck. Clicking the feed and trying another scroll.
2026-03-29 15:25:42 | INFO | Results panel looks stuck. Clicking the feed and trying another scroll.
2026-03-29 15:26:03 | INFO | Results panel looks stuck. Clicking the feed and trying another scroll.
2026-03-29 15:26:09 | INFO | Results panel looks stuck. Clicking the feed and trying another scroll.
2026-03-29 15:26:46 | INFO | Results panel looks stuck. Clicking the feed and trying another scroll.
2026-03-29 15:27:07 | INFO | Results panel looks stuck. Clicking the feed and trying another scroll.
2026-03-29 15:27:13 | INFO | Results panel looks stuck. Clicking the feed and trying another scroll.
2026-03-29 15:27:50 | INFO | Results panel looks stuck. Clicking the feed and trying another scroll.
2026-03-29 15:28:09 | INFO | Results panel looks stuck. Clicking the feed and trying another scroll.
2026-03-29 15:28:16 | INFO | Results panel looks stuck. Clicking the feed and trying another scroll.
2026-03-29 15:28:54 | INFO | Results panel looks stuck. Clicking the feed and trying another scroll.
2026-03-29 15:29:12 | INFO | Results panel looks stuck. Clicking the feed and trying another scroll.
2026-03-29 15:29:19 | INFO | Results panel looks stuck. Clicking the feed and trying another scroll.
2026-03-29 15:29:58 | INFO | Results panel looks stuck. Clicking the feed and trying another scroll.
2026-03-29 15:30:15 | INFO | Results panel looks stuck. Clicking the feed and trying another scroll.
2026-03-29 15:30:24 | INFO | Results panel looks stuck. Clicking the feed and trying another scroll.
2026-03-29 15:31:02 | INFO | Results panel looks stuck. Clicking the feed and trying another scroll.
2026-03-29 15:31:18 | INFO | Results panel looks stuck. Clicking the feed and trying another scroll.
2026-03-29 15:31:28 | INFO | Results panel looks stuck. Clicking the feed and trying another scroll.
2026-03-29 15:32:06 | INFO | Results panel looks stuck. Clicking the feed and trying another scroll.
2026-03-29 15:32:19 | INFO | Results panel looks stuck. Clicking the feed and trying another scroll.
2026-03-29 15:32:32 | INFO | Results panel looks stuck. Clicking the feed and trying another scroll.
2026-03-29 15:33:10 | INFO | Results panel looks stuck. Clicking the feed and trying another scroll.
2026-03-29 15:33:22 | INFO | Results panel looks stuck. Clicking the feed and trying another scroll.
2026-03-29 15:33:36 | INFO | Results panel looks stuck. Clicking the feed and trying another scroll.
2026-03-29 15:34:15 | INFO | Results panel looks stuck. Clicking the feed and trying another scroll.
2026-03-29 15:34:25 | INFO | Results panel looks stuck. Clicking the feed and trying another scroll.
2026-03-29 15:34:40 | INFO | Results panel looks stuck. Clicking the feed and trying another scroll.
2026-03-29 15:35:20 | INFO | Results panel looks stuck. Clicking the feed and trying another scroll.
2026-03-29 15:35:28 | INFO | Results panel looks stuck. Clicking the feed and trying another scroll.
2026-03-29 15:35:44 | INFO | Results panel looks stuck. Clicking the feed and trying another scroll.
2026-03-29 15:36:24 | INFO | Results panel looks stuck. Clicking the feed and trying another scroll.
2026-03-29 15:36:31 | INFO | Results panel looks stuck. Clicking the feed and trying another scroll.
2026-03-29 15:36:50 | INFO | Results panel looks stuck. Clicking the feed and trying another scroll.
2026-03-29 15:37:28 | INFO | Results panel looks stuck. Clicking the feed and trying another scroll.
2026-03-29 15:37:35 | INFO | Results panel looks stuck. Clicking the feed and trying another scroll.
2026-03-29 15:37:53 | INFO | Results panel looks stuck. Clicking the feed and trying another scroll.
2026-03-29 15:38:32 | INFO | Results panel looks stuck. Clicking the feed and trying another scroll.
2026-03-29 15:38:38 | INFO | Results panel looks stuck. Clicking the feed and trying another scroll.
2026-03-29 15:38:58 | INFO | Results panel looks stuck. Clicking the feed and trying another scroll.
2026-03-29 15:39:37 | INFO | Results panel looks stuck. Clicking the feed and trying another scroll.
2026-03-29 15:39:42 | INFO | Results panel looks stuck. Clicking the feed and trying another scroll.
2026-03-29 15:40:03 | INFO | Results panel looks stuck. Clicking the feed and trying another scroll.
2026-03-29 15:40:41 | INFO | Results panel looks stuck. Clicking the feed and trying another scroll.
2026-03-29 15:40:45 | INFO | Results panel looks stuck. Clicking the feed and trying another scroll.
2026-03-29 15:41:08 | INFO | Results panel looks stuck. Clicking the feed and trying another scroll.
2026-03-29 15:41:44 | INFO | Results panel looks stuck. Clicking the feed and trying another scroll.
2026-03-29 15:41:48 | INFO | Results panel looks stuck. Clicking the feed and trying another scroll.
2026-03-29 15:42:11 | INFO | Results panel looks stuck. Clicking the feed and trying another scroll.
2026-03-29 15:42:49 | INFO | Results panel looks stuck. Clicking the feed and trying another scroll.
2026-03-29 15:42:51 | INFO | Results panel looks stuck. Clicking the feed and trying another scroll.
2026-03-29 15:43:16 | INFO | Results panel looks stuck. Clicking the feed and trying another scroll.
2026-03-29 15:43:52 | INFO | Results panel looks stuck. Clicking the feed and trying another scroll.
2026-03-29 15:43:54 | INFO | Results panel looks stuck. Clicking the feed and trying another scroll.
2026-03-29 15:44:20 | INFO | Results panel looks stuck. Clicking the feed and trying another scroll.
2026-03-29 15:44:57 | INFO | Results panel looks stuck. Clicking the feed and trying another scroll.
2026-03-29 15:44:57 | INFO | Results panel looks stuck. Clicking the feed and trying another scroll.
2026-03-29 15:45:23 | INFO | Results panel looks stuck. Clicking the feed and trying another scroll.
2026-03-29 15:45:59 | INFO | Results panel looks stuck. Clicking the feed and trying another scroll.
2026-03-29 15:46:01 | INFO | Results panel looks stuck. Clicking the feed and trying another scroll.
2026-03-29 15:46:28 | INFO | Results panel looks stuck. Clicking the feed and trying another scroll.
2026-03-29 15:47:02 | INFO | Results panel looks stuck. Clicking the feed and trying another scroll.
2026-03-29 15:47:05 | INFO | Results panel looks stuck. Clicking the feed and trying another scroll.
2026-03-29 15:47:33 | INFO | Results panel looks stuck. Clicking the feed and trying another scroll.
2026-03-29 15:48:05 | INFO | Results panel looks stuck. Clicking the feed and trying another scroll.
2026-03-29 15:48:09 | INFO | Results panel looks stuck. Clicking the feed and trying another scroll.
2026-03-29 15:48:36 | INFO | Results panel looks stuck. Clicking the feed and trying another scroll.
2026-03-29 15:49:08 | INFO | Results panel looks stuck. Clicking the feed and trying another scroll.
2026-03-29 15:49:13 | INFO | Results panel looks stuck. Clicking the feed and trying another scroll.
2026-03-29 15:49:41 | INFO | Results panel looks stuck. Clicking the feed and trying another scroll.
2026-03-29 15:50:12 | INFO | Results panel looks stuck. Clicking the feed and trying another scroll.
2026-03-29 15:50:17 | INFO | Results panel looks stuck. Clicking the feed and trying another scroll.
2026-03-29 15:50:46 | INFO | Results panel looks stuck. Clicking the feed and trying another scroll.
2026-03-29 15:51:15 | INFO | Results panel looks stuck. Clicking the feed and trying another scroll.
2026-03-29 15:51:22 | INFO | Results panel looks stuck. Clicking the feed and trying another scroll.
2026-03-29 15:51:50 | INFO | Results panel looks stuck. Clicking the feed and trying another scroll.
2026-03-29 15:52:18 | INFO | Results panel looks stuck. Clicking the feed and trying another scroll.
2026-03-29 15:52:25 | INFO | Results panel looks stuck. Clicking the feed and trying another scroll.
2026-03-29 15:52:55 | INFO | Results panel looks stuck. Clicking the feed and trying another scroll.
2026-03-29 15:53:20 | INFO | Results panel looks stuck. Clicking the feed and trying another scroll.
2026-03-29 15:53:30 | INFO | Results panel looks stuck. Clicking the feed and trying another scroll.
2026-03-29 15:53:59 | INFO | Results panel looks stuck. Clicking the feed and trying another scroll.
2026-03-29 15:54:23 | INFO | Results panel looks stuck. Clicking the feed and trying another scroll.
2026-03-29 15:54:35 | INFO | Results panel looks stuck. Clicking the feed and trying another scroll.
2026-03-29 15:55:03 | INFO | Results panel looks stuck. Clicking the feed and trying another scroll.
2026-03-29 15:55:25 | INFO | Results panel looks stuck. Clicking the feed and trying another scroll.
2026-03-29 15:55:40 | INFO | Results panel looks stuck. Clicking the feed and trying another scroll.
2026-03-29 15:56:07 | INFO | Results panel looks stuck. Clicking the feed and trying another scroll.
2026-03-29 15:56:29 | INFO | Results panel looks stuck. Clicking the feed and trying another scroll.
2026-03-29 15:56:44 | INFO | Results panel looks stuck. Clicking the feed and trying another scroll.
2026-03-29 15:57:11 | INFO | Results panel looks stuck. Clicking the feed and trying another scroll.
2026-03-29 15:57:32 | INFO | Results panel looks stuck. Clicking the feed and trying another scroll.
2026-03-29 15:57:48 | INFO | Results panel looks stuck. Clicking the feed and trying another scroll.
2026-03-29 15:58:15 | INFO | Results panel looks stuck. Clicking the feed and trying another scroll.
2026-03-29 15:58:35 | INFO | Results panel looks stuck. Clicking the feed and trying another scroll.
2026-03-29 15:58:53 | INFO | Results panel looks stuck. Clicking the feed and trying another scroll.
2026-03-29 15:59:19 | INFO | Results panel looks stuck. Clicking the feed and trying another scroll.
2026-03-29 15:59:37 | INFO | Results panel looks stuck. Clicking the feed and trying another scroll.
2026-03-29 15:59:56 | INFO | Results panel looks stuck. Clicking the feed and trying another scroll.
2026-03-29 16:00:23 | INFO | Results panel looks stuck. Clicking the feed and trying another scroll.
2026-03-29 16:00:40 | INFO | Results panel looks stuck. Clicking the feed and trying another scroll.
2026-03-29 16:01:00 | INFO | Results panel looks stuck. Clicking the feed and trying another scroll.
2026-03-29 16:01:26 | INFO | Results panel looks stuck. Clicking the feed and trying another scroll.
2026-03-29 16:01:42 | INFO | Results panel looks stuck. Clicking the feed and trying another scroll.
2026-03-29 16:02:05 | INFO | Results panel looks stuck. Clicking the feed and trying another scroll.
2026-03-29 16:02:29 | INFO | Results panel looks stuck. Clicking the feed and trying another scroll.
2026-03-29 16:02:45 | INFO | Results panel looks stuck. Clicking the feed and trying another scroll.
2026-03-29 16:03:09 | INFO | Results panel looks stuck. Clicking the feed and trying another scroll.
2026-03-29 16:03:34 | INFO | Results panel looks stuck. Clicking the feed and trying another scroll.
2026-03-29 16:03:48 | INFO | Results panel looks stuck. Clicking the feed and trying another scroll.
2026-03-29 16:04:14 | INFO | Results panel looks stuck. Clicking the feed and trying another scroll.
2026-03-29 16:04:37 | INFO | Results panel looks stuck. Clicking the feed and trying another scroll.
2026-03-29 16:04:49 | INFO | Results panel looks stuck. Clicking the feed and trying another scroll.
2026-03-29 16:05:18 | INFO | Results panel looks stuck. Clicking the feed and trying another scroll.
2026-03-29 16:05:42 | INFO | Results panel looks stuck. Clicking the feed and trying another scroll.
2026-03-29 16:05:53 | INFO | Results panel looks stuck. Clicking the feed and trying another scroll.
2026-03-29 16:06:21 | INFO | Results panel looks stuck. Clicking the feed and trying another scroll.
2026-03-29 16:06:47 | INFO | Results panel looks stuck. Clicking the feed and trying another scroll.
2026-03-29 16:06:56 | INFO | Results panel looks stuck. Clicking the feed and trying another scroll.
2026-03-29 16:07:25 | INFO | Results panel looks stuck. Clicking the feed and trying another scroll.
2026-03-29 16:07:50 | INFO | Results panel looks stuck. Clicking the feed and trying another scroll.
2026-03-29 16:07:59 | INFO | Results panel looks stuck. Clicking the feed and trying another scroll.
2026-03-29 16:08:31 | INFO | Results panel looks stuck. Clicking the feed and trying another scroll.
2026-03-29 16:08:55 | INFO | Results panel looks stuck. Clicking the feed and trying another scroll.
2026-03-29 16:09:02 | INFO | Results panel looks stuck. Clicking the feed and trying another scroll.
2026-03-29 16:09:35 | INFO | Results panel looks stuck. Clicking the feed and trying another scroll.
2026-03-29 16:09:59 | INFO | Results panel looks stuck. Clicking the feed and trying another scroll.
2026-03-29 16:10:04 | INFO | Results panel looks stuck. Clicking the feed and trying another scroll.
2026-03-29 16:10:40 | INFO | Results panel looks stuck. Clicking the feed and trying another scroll.
2026-03-29 16:11:04 | INFO | Results panel looks stuck. Clicking the feed and trying another scroll.
2026-03-29 16:11:07 | INFO | Results panel looks stuck. Clicking the feed and trying another scroll.
2026-03-29 16:11:44 | INFO | Results panel looks stuck. Clicking the feed and trying another scroll.
2026-03-29 16:12:08 | INFO | Results panel looks stuck. Clicking the feed and trying another scroll.
2026-03-29 16:12:09 | INFO | Results panel looks stuck. Clicking the feed and trying another scroll.
2026-03-29 16:12:47 | INFO | Results panel looks stuck. Clicking the feed and trying another scroll.
2026-03-29 16:13:12 | INFO | Results panel looks stuck. Clicking the feed and trying another scroll.
2026-03-29 16:13:13 | INFO | Results panel looks stuck. Clicking the feed and trying another scroll.
2026-03-29 16:13:52 | INFO | Results panel looks stuck. Clicking the feed and trying another scroll.
2026-03-29 16:14:15 | INFO | Results panel looks stuck. Clicking the feed and trying another scroll.
2026-03-29 16:14:17 | INFO | Results panel looks stuck. Clicking the feed and trying another scroll.
2026-03-29 16:14:57 | INFO | Results panel looks stuck. Clicking the feed and trying another scroll.
2026-03-29 16:15:18 | INFO | Results panel looks stuck. Clicking the feed and trying another scroll.
2026-03-29 16:15:21 | INFO | Results panel looks stuck. Clicking the feed and trying another scroll.
2026-03-29 16:16:01 | INFO | Results panel looks stuck. Clicking the feed and trying another scroll.
2026-03-29 16:16:21 | INFO | Results panel looks stuck. Clicking the feed and trying another scroll.
2026-03-29 16:16:25 | INFO | Results panel looks stuck. Clicking the feed and trying another scroll.
2026-03-29 16:17:06 | INFO | Results panel looks stuck. Clicking the feed and trying another scroll.
2026-03-29 16:17:24 | INFO | Results panel looks stuck. Clicking the feed and trying another scroll.
2026-03-29 16:17:30 | INFO | Results panel looks stuck. Clicking the feed and trying another scroll.
2026-03-29 16:18:11 | INFO | Results panel looks stuck. Clicking the feed and trying another scroll.
2026-03-29 16:18:27 | INFO | Results panel looks stuck. Clicking the feed and trying another scroll.
2026-03-29 16:18:34 | INFO | Results panel looks stuck. Clicking the feed and trying another scroll.
2026-03-29 16:19:16 | INFO | Results panel looks stuck. Clicking the feed and trying another scroll.
2026-03-29 16:19:30 | INFO | Results panel looks stuck. Clicking the feed and trying another scroll.
2026-03-29 16:19:37 | INFO | Results panel looks stuck. Clicking the feed and trying another scroll.
2026-03-29 16:20:19 | INFO | Results panel looks stuck. Clicking the feed and trying another scroll.
2026-03-29 16:20:34 | INFO | Results panel looks stuck. Clicking the feed and trying another scroll.
2026-03-29 16:20:42 | INFO | Results panel looks stuck. Clicking the feed and trying another scroll.
2026-03-29 16:21:24 | INFO | Results panel looks stuck. Clicking the feed and trying another scroll.
2026-03-29 16:21:36 | INFO | Results panel looks stuck. Clicking the feed and trying another scroll.
2026-03-29 16:21:46 | INFO | Results panel looks stuck. Clicking the feed and trying another scroll.
2026-03-29 16:22:28 | INFO | Results panel looks stuck. Clicking the feed and trying another scroll.
2026-03-29 16:22:40 | INFO | Results panel looks stuck. Clicking the feed and trying another scroll.
2026-03-29 16:22:50 | INFO | Results panel looks stuck. Clicking the feed and trying another scroll.
2026-03-29 16:23:32 | INFO | Results panel looks stuck. Clicking the feed and trying another scroll.
2026-03-29 16:23:43 | INFO | Results panel looks stuck. Clicking the feed and trying another scroll.
2026-03-29 16:23:55 | INFO | Results panel looks stuck. Clicking the feed and trying another scroll.
2026-03-29 16:24:37 | INFO | Results panel looks stuck. Clicking the feed and trying another scroll.
2026-03-29 16:24:45 | INFO | Results panel looks stuck. Clicking the feed and trying another scroll.
2026-03-29 16:25:00 | INFO | Results panel looks stuck. Clicking the feed and trying another scroll.
2026-03-29 16:25:41 | INFO | Results panel looks stuck. Clicking the feed and trying another scroll.
2026-03-29 16:25:47 | INFO | Results panel looks stuck. Clicking the feed and trying another scroll.
2026-03-29 16:26:04 | INFO | Results panel looks stuck. Clicking the feed and trying another scroll.
2026-03-29 16:26:45 | INFO | Results panel looks stuck. Clicking the feed and trying another scroll.
2026-03-29 16:26:50 | INFO | Results panel looks stuck. Clicking the feed and trying another scroll.
2026-03-29 16:27:09 | INFO | Results panel looks stuck. Clicking the feed and trying another scroll.
2026-03-29 16:27:49 | INFO | Results panel looks stuck. Clicking the feed and trying another scroll.
2026-03-29 16:27:53 | INFO | Results panel looks stuck. Clicking the feed and trying another scroll.
2026-03-29 16:28:13 | INFO | Results panel looks stuck. Clicking the feed and trying another scroll.
2026-03-29 16:28:53 | INFO | Results panel looks stuck. Clicking the feed and trying another scroll.
2026-03-29 16:28:55 | INFO | Results panel looks stuck. Clicking the feed and trying another scroll.
2026-03-29 16:29:18 | INFO | Results panel looks stuck. Clicking the feed and trying another scroll.
2026-03-29 16:29:57 | INFO | Results panel looks stuck. Clicking the feed and trying another scroll.
2026-03-29 16:29:58 | INFO | Results panel looks stuck. Clicking the feed and trying another scroll.
2026-03-29 16:30:22 | INFO | Results panel looks stuck. Clicking the feed and trying another scroll.
2026-03-29 16:31:01 | INFO | Results panel looks stuck. Clicking the feed and trying another scroll.
2026-03-29 16:31:02 | INFO | Results panel looks stuck. Clicking the feed and trying another scroll.
2026-03-29 16:31:27 | INFO | Results panel looks stuck. Clicking the feed and trying another scroll.
2026-03-29 16:32:04 | INFO | Results panel looks stuck. Clicking the feed and trying another scroll.
2026-03-29 16:32:08 | INFO | Results panel looks stuck. Clicking the feed and trying another scroll.
2026-03-29 16:32:31 | INFO | Results panel looks stuck. Clicking the feed and trying another scroll.
2026-03-29 16:33:07 | INFO | Results panel looks stuck. Clicking the feed and trying another scroll.
2026-03-29 16:33:13 | INFO | Results panel looks stuck. Clicking the feed and trying another scroll.
2026-03-29 16:33:35 | INFO | Results panel looks stuck. Clicking the feed and trying another scroll.
2026-03-29 16:34:10 | INFO | Results panel looks stuck. Clicking the feed and trying another scroll.
2026-03-29 16:34:18 | INFO | Results panel looks stuck. Clicking the feed and trying another scroll.
2026-03-29 16:34:39 | INFO | Results panel looks stuck. Clicking the feed and trying another scroll.
2026-03-29 16:35:13 | INFO | Results panel looks stuck. Clicking the feed and trying another scroll.
2026-03-29 16:35:23 | INFO | Results panel looks stuck. Clicking the feed and trying another scroll.
2026-03-29 16:35:42 | INFO | Results panel looks stuck. Clicking the feed and trying another scroll.
2026-03-29 16:36:16 | INFO | Results panel looks stuck. Clicking the feed and trying another scroll.
2026-03-29 16:36:27 | INFO | Results panel looks stuck. Clicking the feed and trying another scroll.
2026-03-29 16:36:47 | INFO | Results panel looks stuck. Clicking the feed and trying another scroll.
2026-03-29 16:37:18 | INFO | Results panel looks stuck. Clicking the feed and trying another scroll.
2026-03-29 16:37:32 | INFO | Results panel looks stuck. Clicking the feed and trying another scroll.
2026-03-29 16:37:50 | INFO | Results panel looks stuck. Clicking the feed and trying another scroll.
2026-03-29 16:38:22 | INFO | Results panel looks stuck. Clicking the feed and trying another scroll.
2026-03-29 16:38:36 | INFO | Results panel looks stuck. Clicking the feed and trying another scroll.
2026-03-29 16:38:54 | INFO | Results panel looks stuck. Clicking the feed and trying another scroll.
2026-03-29 16:39:25 | INFO | Results panel looks stuck. Clicking the feed and trying another scroll.
2026-03-29 16:39:40 | INFO | Results panel looks stuck. Clicking the feed and trying another scroll.
2026-03-29 16:39:58 | INFO | Results panel looks stuck. Clicking the feed and trying another scroll.
2026-03-29 16:40:28 | INFO | Results panel looks stuck. Clicking the feed and trying another scroll.
2026-03-29 16:40:44 | INFO | Results panel looks stuck. Clicking the feed and trying another scroll.
2026-03-29 16:41:02 | INFO | Results panel looks stuck. Clicking the feed and trying another scroll.
2026-03-29 16:41:32 | INFO | Results panel looks stuck. Clicking the feed and trying another scroll.
2026-03-29 16:41:48 | INFO | Results panel looks stuck. Clicking the feed and trying another scroll.
2026-03-29 16:42:06 | INFO | Results panel looks stuck. Clicking the feed and trying another scroll.
2026-03-29 16:42:34 | INFO | Results panel looks stuck. Clicking the feed and trying another scroll.
2026-03-29 16:42:52 | INFO | Results panel looks stuck. Clicking the feed and trying another scroll.
2026-03-29 16:43:10 | INFO | Results panel looks stuck. Clicking the feed and trying another scroll.
2026-03-29 16:43:38 | INFO | Results panel looks stuck. Clicking the feed and trying another scroll.
2026-03-29 16:43:55 | INFO | Results panel looks stuck. Clicking the feed and trying another scroll.
2026-03-29 16:44:15 | INFO | Results panel looks stuck. Clicking the feed and trying another scroll.
2026-03-29 16:44:41 | INFO | Results panel looks stuck. Clicking the feed and trying another scroll.
2026-03-29 16:44:59 | INFO | Results panel looks stuck. Clicking the feed and trying another scroll.
2026-03-29 16:45:18 | INFO | Results panel looks stuck. Clicking the feed and trying another scroll.
2026-03-29 16:45:43 | INFO | Results panel looks stuck. Clicking the feed and trying another scroll.
2026-03-29 16:46:03 | INFO | Results panel looks stuck. Clicking the feed and trying another scroll.
2026-03-29 16:46:21 | INFO | Results panel looks stuck. Clicking the feed and trying another scroll.
2026-03-29 16:46:47 | INFO | Results panel looks stuck. Clicking the feed and trying another scroll.
2026-03-29 16:47:08 | INFO | Results panel looks stuck. Clicking the feed and trying another scroll.
2026-03-29 16:47:25 | INFO | Results panel looks stuck. Clicking the feed and trying another scroll.
2026-03-29 16:47:49 | INFO | Results panel looks stuck. Clicking the feed and trying another scroll.
2026-03-29 16:48:13 | INFO | Results panel looks stuck. Clicking the feed and trying another scroll.
2026-03-29 16:48:29 | INFO | Results panel looks stuck. Clicking the feed and trying another scroll.
2026-03-29 16:48:52 | INFO | Results panel looks stuck. Clicking the feed and trying another scroll.
2026-03-29 16:49:18 | INFO | Results panel looks stuck. Clicking the feed and trying another scroll.
2026-03-29 16:49:34 | INFO | Results panel looks stuck. Clicking the feed and trying another scroll.
2026-03-29 16:49:55 | INFO | Results panel looks stuck. Clicking the feed and trying another scroll.
2026-03-29 16:50:22 | INFO | Results panel looks stuck. Clicking the feed and trying another scroll.
2026-03-29 16:50:38 | INFO | Results panel looks stuck. Clicking the feed and trying another scroll.
2026-03-29 16:50:57 | INFO | Results panel looks stuck. Clicking the feed and trying another scroll.
2026-03-29 16:51:28 | INFO | Results panel looks stuck. Clicking the feed and trying another scroll.
2026-03-29 16:51:42 | INFO | Results panel looks stuck. Clicking the feed and trying another scroll.
2026-03-29 16:51:59 | INFO | Results panel looks stuck. Clicking the feed and trying another scroll.
2026-03-29 16:52:31 | INFO | Results panel looks stuck. Clicking the feed and trying another scroll.
2026-03-29 16:52:46 | INFO | Results panel looks stuck. Clicking the feed and trying another scroll.
2026-03-29 16:53:02 | INFO | Results panel looks stuck. Clicking the feed and trying another scroll.
2026-03-29 16:53:36 | INFO | Results panel looks stuck. Clicking the feed and trying another scroll.
2026-03-29 16:53:50 | INFO | Results panel looks stuck. Clicking the feed and trying another scroll.
2026-03-29 16:54:05 | INFO | Results panel looks stuck. Clicking the feed and trying another scroll.
2026-03-29 16:54:40 | INFO | Results panel looks stuck. Clicking the feed and trying another scroll.
2026-03-29 16:54:55 | INFO | Results panel looks stuck. Clicking the feed and trying another scroll.
2026-03-29 16:55:08 | INFO | Results panel looks stuck. Clicking the feed and trying another scroll.
2026-03-29 16:55:43 | INFO | Results panel looks stuck. Clicking the feed and trying another scroll.
2026-03-29 16:56:00 | INFO | Results panel looks stuck. Clicking the feed and trying another scroll.
2026-03-29 16:56:11 | INFO | Results panel looks stuck. Clicking the feed and trying another scroll.
2026-03-29 16:56:48 | INFO | Results panel looks stuck. Clicking the feed and trying another scroll.
2026-03-29 16:57:04 | INFO | Results panel looks stuck. Clicking the feed and trying another scroll.
2026-03-29 16:57:14 | INFO | Results panel looks stuck. Clicking the feed and trying another scroll.
2026-03-29 16:57:53 | INFO | Results panel looks stuck. Clicking the feed and trying another scroll.
2026-03-29 16:58:08 | INFO | Results panel looks stuck. Clicking the feed and trying another scroll.
2026-03-29 16:58:16 | INFO | Results panel looks stuck. Clicking the feed and trying another scroll.
2026-03-29 16:58:57 | INFO | Results panel looks stuck. Clicking the feed and trying another scroll.
2026-03-29 16:59:11 | INFO | Results panel looks stuck. Clicking the feed and trying another scroll.
2026-03-29 16:59:19 | INFO | Results panel looks stuck. Clicking the feed and trying another scroll.
2026-03-29 17:00:01 | INFO | Results panel looks stuck. Clicking the feed and trying another scroll.
2026-03-29 17:00:15 | INFO | Results panel looks stuck. Clicking the feed and trying another scroll.
2026-03-29 17:00:21 | INFO | Results panel looks stuck. Clicking the feed and trying another scroll.
2026-03-29 17:01:05 | INFO | Results panel looks stuck. Clicking the feed and trying another scroll.
2026-03-29 17:01:19 | INFO | Results panel looks stuck. Clicking the feed and trying another scroll.
2026-03-29 17:01:25 | INFO | Results panel looks stuck. Clicking the feed and trying another scroll.
2026-03-29 17:02:08 | INFO | Results panel looks stuck. Clicking the feed and trying another scroll.
2026-03-29 17:02:23 | INFO | Results panel looks stuck. Clicking the feed and trying another scroll.
2026-03-29 17:02:27 | INFO | Results panel looks stuck. Clicking the feed and trying another scroll.
2026-03-29 17:03:12 | INFO | Results panel looks stuck. Clicking the feed and trying another scroll.
2026-03-29 17:03:26 | INFO | Results panel looks stuck. Clicking the feed and trying another scroll.
2026-03-29 17:03:31 | INFO | Results panel looks stuck. Clicking the feed and trying another scroll.
2026-03-29 17:04:16 | INFO | Results panel looks stuck. Clicking the feed and trying another scroll.
2026-03-29 17:04:32 | INFO | Results panel looks stuck. Clicking the feed and trying another scroll.
2026-03-29 17:04:34 | INFO | Results panel looks stuck. Clicking the feed and trying another scroll.
2026-03-29 17:05:19 | INFO | Results panel looks stuck. Clicking the feed and trying another scroll.
2026-03-29 17:05:36 | INFO | Results panel looks stuck. Clicking the feed and trying another scroll.
2026-03-29 17:05:37 | INFO | Results panel looks stuck. Clicking the feed and trying another scroll.
2026-03-29 17:06:23 | INFO | Results panel looks stuck. Clicking the feed and trying another scroll.
2026-03-29 17:06:40 | INFO | Results panel looks stuck. Clicking the feed and trying another scroll.
2026-03-29 17:06:40 | INFO | Results panel looks stuck. Clicking the feed and trying another scroll.
2026-03-29 17:07:27 | INFO | Results panel looks stuck. Clicking the feed and trying another scroll.
2026-03-29 17:07:43 | INFO | Results panel looks stuck. Clicking the feed and trying another scroll.
2026-03-29 17:07:45 | INFO | Results panel looks stuck. Clicking the feed and trying another scroll.
2026-03-29 17:08:31 | INFO | Results panel looks stuck. Clicking the feed and trying another scroll.
2026-03-29 17:08:46 | INFO | Results panel looks stuck. Clicking the feed and trying another scroll.
2026-03-29 17:08:50 | INFO | Results panel looks stuck. Clicking the feed and trying another scroll.
2026-03-29 17:09:35 | INFO | Results panel looks stuck. Clicking the feed and trying another scroll.
2026-03-29 17:09:49 | INFO | Results panel looks stuck. Clicking the feed and trying another scroll.
2026-03-29 17:09:55 | INFO | Results panel looks stuck. Clicking the feed and trying another scroll.
2026-03-29 17:10:40 | INFO | Results panel looks stuck. Clicking the feed and trying another scroll.
2026-03-29 17:10:52 | INFO | Results panel looks stuck. Clicking the feed and trying another scroll.
2026-03-29 17:10:59 | INFO | Results panel looks stuck. Clicking the feed and trying another scroll.
2026-03-29 17:11:45 | INFO | Results panel looks stuck. Clicking the feed and trying another scroll.
2026-03-29 17:11:55 | INFO | Results panel looks stuck. Clicking the feed and trying another scroll.
2026-03-29 17:12:03 | INFO | Results panel looks stuck. Clicking the feed and trying another scroll.
2026-03-29 17:12:49 | INFO | Results panel looks stuck. Clicking the feed and trying another scroll.
2026-03-29 17:12:58 | INFO | Results panel looks stuck. Clicking the feed and trying another scroll.
2026-03-29 17:13:07 | INFO | Results panel looks stuck. Clicking the feed and trying another scroll.
2026-03-29 17:13:54 | INFO | Results panel looks stuck. Clicking the feed and trying another scroll.
2026-03-29 17:14:02 | INFO | Results panel looks stuck. Clicking the feed and trying another scroll.
2026-03-29 17:14:12 | INFO | Results panel looks stuck. Clicking the feed and trying another scroll.
2026-03-29 17:14:58 | INFO | Results panel looks stuck. Clicking the feed and trying another scroll.
2026-03-29 17:15:04 | INFO | Results panel looks stuck. Clicking the feed and trying another scroll.
2026-03-29 17:15:15 | INFO | Results panel looks stuck. Clicking the feed and trying another scroll.
2026-03-29 17:16:03 | INFO | Results panel looks stuck. Clicking the feed and trying another scroll.
2026-03-29 17:16:06 | INFO | Results panel looks stuck. Clicking the feed and trying another scroll.
2026-03-29 17:16:20 | INFO | Results panel looks stuck. Clicking the feed and trying another scroll.
2026-03-29 17:17:06 | INFO | Results panel looks stuck. Clicking the feed and trying another scroll.
2026-03-29 17:17:08 | INFO | Results panel looks stuck. Clicking the feed and trying another scroll.
2026-03-29 17:17:24 | INFO | Results panel looks stuck. Clicking the feed and trying another scroll.
2026-03-29 17:18:11 | INFO | Results panel looks stuck. Clicking the feed and trying another scroll.
2026-03-29 17:18:13 | INFO | Results panel looks stuck. Clicking the feed and trying another scroll.
2026-03-29 17:18:28 | INFO | Results panel looks stuck. Clicking the feed and trying another scroll.
2026-03-29 17:19:15 | INFO | Results panel looks stuck. Clicking the feed and trying another scroll.
2026-03-29 17:19:16 | INFO | Results panel looks stuck. Clicking the feed and trying another scroll.
2026-03-29 17:19:32 | INFO | Results panel looks stuck. Clicking the feed and trying another scroll.
2026-03-29 17:20:18 | INFO | Results panel looks stuck. Clicking the feed and trying another scroll.
2026-03-29 17:20:19 | INFO | Results panel looks stuck. Clicking the feed and trying another scroll.
2026-03-29 17:20:36 | INFO | Results panel looks stuck. Clicking the feed and trying another scroll.
2026-03-29 17:21:20 | INFO | Results panel looks stuck. Clicking the feed and trying another scroll.
2026-03-29 17:21:23 | INFO | Results panel looks stuck. Clicking the feed and trying another scroll.
2026-03-29 17:21:41 | INFO | Results panel looks stuck. Clicking the feed and trying another scroll.
2026-03-29 17:22:23 | INFO | Results panel looks stuck. Clicking the feed and trying another scroll.
2026-03-29 17:22:27 | INFO | Results panel looks stuck. Clicking the feed and trying another scroll.
2026-03-29 17:22:45 | INFO | Results panel looks stuck. Clicking the feed and trying another scroll.
2026-03-29 17:23:26 | INFO | Results panel looks stuck. Clicking the feed and trying another scroll.
2026-03-29 17:23:32 | INFO | Results panel looks stuck. Clicking the feed and trying another scroll.
2026-03-29 17:23:51 | INFO | Results panel looks stuck. Clicking the feed and trying another scroll.
2026-03-29 17:24:29 | INFO | Results panel looks stuck. Clicking the feed and trying another scroll.
2026-03-29 17:24:37 | INFO | Results panel looks stuck. Clicking the feed and trying another scroll.
2026-03-29 17:24:55 | INFO | Results panel looks stuck. Clicking the feed and trying another scroll.
2026-03-29 17:25:32 | INFO | Results panel looks stuck. Clicking the feed and trying another scroll.
2026-03-29 17:25:41 | INFO | Results panel looks stuck. Clicking the feed and trying another scroll.
2026-03-29 17:26:00 | INFO | Results panel looks stuck. Clicking the feed and trying another scroll.
2026-03-29 17:26:35 | INFO | Results panel looks stuck. Clicking the feed and trying another scroll.
2026-03-29 17:26:45 | INFO | Results panel looks stuck. Clicking the feed and trying another scroll.
2026-03-29 17:27:04 | INFO | Results panel looks stuck. Clicking the feed and trying another scroll.
2026-03-29 17:27:39 | INFO | Results panel looks stuck. Clicking the feed and trying another scroll.
2026-03-29 17:27:50 | INFO | Results panel looks stuck. Clicking the feed and trying another scroll.
2026-03-29 17:28:08 | INFO | Results panel looks stuck. Clicking the feed and trying another scroll.
2026-03-29 17:28:41 | INFO | Results panel looks stuck. Clicking the feed and trying another scroll.
2026-03-29 17:28:55 | INFO | Results panel looks stuck. Clicking the feed and trying another scroll.
2026-03-29 17:29:12 | INFO | Results panel looks stuck. Clicking the feed and trying another scroll.
2026-03-29 17:29:44 | INFO | Results panel looks stuck. Clicking the feed and trying another scroll.
2026-03-29 17:30:00 | INFO | Results panel looks stuck. Clicking the feed and trying another scroll.
2026-03-29 17:30:18 | INFO | Results panel looks stuck. Clicking the feed and trying another scroll.
2026-03-29 17:30:46 | INFO | Results panel looks stuck. Clicking the feed and trying another scroll.
2026-03-29 17:31:05 | INFO | Results panel looks stuck. Clicking the feed and trying another scroll.
2026-03-29 17:31:21 | INFO | Results panel looks stuck. Clicking the feed and trying another scroll.
2026-03-29 17:31:48 | INFO | Results panel looks stuck. Clicking the feed and trying another scroll.
2026-03-29 17:32:08 | INFO | Results panel looks stuck. Clicking the feed and trying another scroll.
2026-03-29 17:32:25 | INFO | Results panel looks stuck. Clicking the feed and trying another scroll.
2026-03-29 17:32:51 | INFO | Results panel looks stuck. Clicking the feed and trying another scroll.
2026-03-29 17:33:12 | INFO | Results panel looks stuck. Clicking the feed and trying another scroll.
2026-03-29 17:33:30 | INFO | Results panel looks stuck. Clicking the feed and trying another scroll.
2026-03-29 17:33:54 | INFO | Results panel looks stuck. Clicking the feed and trying another scroll.
2026-03-29 17:34:16 | INFO | Results panel looks stuck. Clicking the feed and trying another scroll.
2026-03-29 17:34:35 | INFO | Results panel looks stuck. Clicking the feed and trying another scroll.
2026-03-29 17:34:57 | INFO | Results panel looks stuck. Clicking the feed and trying another scroll.
2026-03-29 17:35:20 | INFO | Results panel looks stuck. Clicking the feed and trying another scroll.
2026-03-29 17:35:39 | INFO | Results panel looks stuck. Clicking the feed and trying another scroll.
2026-03-29 17:36:00 | INFO | Results panel looks stuck. Clicking the feed and trying another scroll.
2026-03-29 17:36:24 | INFO | Results panel looks stuck. Clicking the feed and trying another scroll.
2026-03-29 17:36:43 | INFO | Results panel looks stuck. Clicking the feed and trying another scroll.
2026-03-29 17:37:02 | INFO | Results panel looks stuck. Clicking the feed and trying another scroll.
2026-03-29 17:37:29 | INFO | Results panel looks stuck. Clicking the feed and trying another scroll.
2026-03-29 17:37:47 | INFO | Results panel looks stuck. Clicking the feed and trying another scroll.
2026-03-29 17:38:05 | INFO | Results panel looks stuck. Clicking the feed and trying another scroll.
2026-03-29 17:38:33 | INFO | Results panel looks stuck. Clicking the feed and trying another scroll.
2026-03-29 17:38:50 | INFO | Results panel looks stuck. Clicking the feed and trying another scroll.
2026-03-29 17:39:07 | INFO | Results panel looks stuck. Clicking the feed and trying another scroll.
2026-03-29 17:39:38 | INFO | Results panel looks stuck. Clicking the feed and trying another scroll.
2026-03-29 17:39:55 | INFO | Results panel looks stuck. Clicking the feed and trying another scroll.
2026-03-29 17:40:10 | INFO | Results panel looks stuck. Clicking the feed and trying another scroll.
2026-03-29 17:40:42 | INFO | Results panel looks stuck. Clicking the feed and trying another scroll.
2026-03-29 17:41:00 | INFO | Results panel looks stuck. Clicking the feed and trying another scroll.
2026-03-29 17:41:12 | INFO | Results panel looks stuck. Clicking the feed and trying another scroll.
2026-03-29 17:41:46 | INFO | Results panel looks stuck. Clicking the feed and trying another scroll.
2026-03-29 17:42:05 | INFO | Results panel looks stuck. Clicking the feed and trying another scroll.
2026-03-29 17:42:20 | INFO | Results panel looks stuck. Clicking the feed and trying another scroll.
2026-03-29 17:42:51 | INFO | Results panel looks stuck. Clicking the feed and trying another scroll.
2026-03-29 17:43:09 | INFO | Results panel looks stuck. Clicking the feed and trying another scroll.
2026-03-29 17:43:22 | INFO | Results panel looks stuck. Clicking the feed and trying another scroll.
2026-03-29 17:43:54 | INFO | Results panel looks stuck. Clicking the feed and trying another scroll.
2026-03-29 17:44:13 | INFO | Results panel looks stuck. Clicking the feed and trying another scroll.
2026-03-29 17:44:25 | INFO | Results panel looks stuck. Clicking the feed and trying another scroll.
2026-03-29 17:44:59 | INFO | Results panel looks stuck. Clicking the feed and trying another scroll.
2026-03-29 17:45:17 | INFO | Results panel looks stuck. Clicking the feed and trying another scroll.
2026-03-29 17:45:27 | INFO | Results panel looks stuck. Clicking the feed and trying another scroll.
2026-03-29 17:46:03 | INFO | Results panel looks stuck. Clicking the feed and trying another scroll.
2026-03-29 17:46:21 | INFO | Results panel looks stuck. Clicking the feed and trying another scroll.
2026-03-29 17:46:31 | INFO | Results panel looks stuck. Clicking the feed and trying another scroll.
2026-03-29 17:47:06 | INFO | Results panel looks stuck. Clicking the feed and trying another scroll.
2026-03-29 17:47:24 | INFO | Results panel looks stuck. Clicking the feed and trying another scroll.
2026-03-29 17:47:34 | INFO | Results panel looks stuck. Clicking the feed and trying another scroll.
2026-03-29 17:48:10 | INFO | Results panel looks stuck. Clicking the feed and trying another scroll.
2026-03-29 17:48:29 | INFO | Results panel looks stuck. Clicking the feed and trying another scroll.
2026-03-29 17:48:37 | INFO | Results panel looks stuck. Clicking the feed and trying another scroll.
2026-03-29 17:49:14 | INFO | Results panel looks stuck. Clicking the feed and trying another scroll.
2026-03-29 17:49:33 | INFO | Results panel looks stuck. Clicking the feed and trying another scroll.
2026-03-29 17:49:40 | INFO | Results panel looks stuck. Clicking the feed and trying another scroll.
2026-03-29 17:50:19 | INFO | Results panel looks stuck. Clicking the feed and trying another scroll.
2026-03-29 17:50:37 | INFO | Results panel looks stuck. Clicking the feed and trying another scroll.
2026-03-29 17:50:42 | INFO | Results panel looks stuck. Clicking the feed and trying another scroll.
2026-03-29 17:51:22 | INFO | Results panel looks stuck. Clicking the feed and trying another scroll.
2026-03-29 17:51:40 | INFO | Results panel looks stuck. Clicking the feed and trying another scroll.
2026-03-29 17:51:46 | INFO | Results panel looks stuck. Clicking the feed and trying another scroll.
2026-03-29 17:52:26 | INFO | Results panel looks stuck. Clicking the feed and trying another scroll.
2026-03-29 17:52:44 | INFO | Results panel looks stuck. Clicking the feed and trying another scroll.
2026-03-29 17:52:48 | INFO | Results panel looks stuck. Clicking the feed and trying another scroll.
2026-03-29 17:53:30 | INFO | Results panel looks stuck. Clicking the feed and trying another scroll.
2026-03-29 17:53:49 | INFO | Results panel looks stuck. Clicking the feed and trying another scroll.
2026-03-29 17:53:51 | INFO | Results panel looks stuck. Clicking the feed and trying another scroll.
2026-03-29 17:54:34 | INFO | Results panel looks stuck. Clicking the feed and trying another scroll.
2026-03-29 17:54:53 | INFO | Results panel looks stuck. Clicking the feed and trying another scroll.
2026-03-29 17:54:54 | INFO | Results panel looks stuck. Clicking the feed and trying another scroll.
2026-03-29 17:55:39 | INFO | Results panel looks stuck. Clicking the feed and trying another scroll.
2026-03-29 17:55:56 | INFO | Results panel looks stuck. Clicking the feed and trying another scroll.
2026-03-29 17:55:57 | INFO | Results panel looks stuck. Clicking the feed and trying another scroll.
2026-03-29 17:56:43 | INFO | Results panel looks stuck. Clicking the feed and trying another scroll.
2026-03-29 17:56:59 | INFO | Results panel looks stuck. Clicking the feed and trying another scroll.
2026-03-29 17:57:02 | INFO | Results panel looks stuck. Clicking the feed and trying another scroll.
2026-03-29 17:57:49 | INFO | Results panel looks stuck. Clicking the feed and trying another scroll.
2026-03-29 17:58:02 | INFO | Results panel looks stuck. Clicking the feed and trying another scroll.
2026-03-29 17:58:07 | INFO | Results panel looks stuck. Clicking the feed and trying another scroll.
2026-03-29 17:58:53 | INFO | Results panel looks stuck. Clicking the feed and trying another scroll.
2026-03-29 17:59:06 | INFO | Results panel looks stuck. Clicking the feed and trying another scroll.
2026-03-29 17:59:11 | INFO | Results panel looks stuck. Clicking the feed and trying another scroll.
2026-03-29 17:59:57 | INFO | Results panel looks stuck. Clicking the feed and trying another scroll.
2026-03-29 18:00:08 | INFO | Results panel looks stuck. Clicking the feed and trying another scroll.
2026-03-29 18:00:15 | INFO | Results panel looks stuck. Clicking the feed and trying another scroll.
2026-03-29 18:01:01 | INFO | Results panel looks stuck. Clicking the feed and trying another scroll.
2026-03-29 18:01:11 | INFO | Results panel looks stuck. Clicking the feed and trying another scroll.
2026-03-29 18:01:19 | INFO | Results panel looks stuck. Clicking the feed and trying another scroll.
2026-03-29 18:02:06 | INFO | Results panel looks stuck. Clicking the feed and trying another scroll.
2026-03-29 18:02:13 | INFO | Results panel looks stuck. Clicking the feed and trying another scroll.
2026-03-29 18:02:25 | INFO | Results panel looks stuck. Clicking the feed and trying another scroll.
2026-03-29 18:03:10 | INFO | Results panel looks stuck. Clicking the feed and trying another scroll.
2026-03-29 18:03:16 | INFO | Results panel looks stuck. Clicking the feed and trying another scroll.
2026-03-29 18:03:29 | INFO | Results panel looks stuck. Clicking the feed and trying another scroll.
2026-03-29 18:04:14 | INFO | Results panel looks stuck. Clicking the feed and trying another scroll.
2026-03-29 18:04:18 | INFO | Results panel looks stuck. Clicking the feed and trying another scroll.
2026-03-29 18:04:34 | INFO | Results panel looks stuck. Clicking the feed and trying another scroll.
2026-03-29 18:05:19 | INFO | Results panel looks stuck. Clicking the feed and trying another scroll.
2026-03-29 18:05:20 | INFO | Results panel looks stuck. Clicking the feed and trying another scroll.
2026-03-29 18:05:39 | INFO | Results panel looks stuck. Clicking the feed and trying another scroll.
2026-03-29 18:06:24 | INFO | Results panel looks stuck. Clicking the feed and trying another scroll.
2026-03-29 18:06:24 | INFO | Results panel looks stuck. Clicking the feed and trying another scroll.
2026-03-29 18:06:43 | INFO | Results panel looks stuck. Clicking the feed and trying another scroll.
2026-03-29 18:07:27 | INFO | Results panel looks stuck. Clicking the feed and trying another scroll.
2026-03-29 18:07:28 | INFO | Results panel looks stuck. Clicking the feed and trying another scroll.
2026-03-29 18:07:47 | INFO | Results panel looks stuck. Clicking the feed and trying another scroll.
2026-03-29 18:08:30 | INFO | Results panel looks stuck. Clicking the feed and trying another scroll.
2026-03-29 18:08:32 | INFO | Results panel looks stuck. Clicking the feed and trying another scroll.
2026-03-29 18:08:51 | INFO | Results panel looks stuck. Clicking the feed and trying another scroll.
2026-03-29 18:09:33 | INFO | Results panel looks stuck. Clicking the feed and trying another scroll.
2026-03-29 18:09:35 | INFO | Results panel looks stuck. Clicking the feed and trying another scroll.
2026-03-29 18:09:55 | INFO | Results panel looks stuck. Clicking the feed and trying another scroll.
2026-03-29 18:10:37 | INFO | Results panel looks stuck. Clicking the feed and trying another scroll.
2026-03-29 18:10:39 | INFO | Results panel looks stuck. Clicking the feed and trying another scroll.
2026-03-29 18:10:59 | INFO | Results panel looks stuck. Clicking the feed and trying another scroll.
2026-03-29 18:11:40 | INFO | Results panel looks stuck. Clicking the feed and trying another scroll.
2026-03-29 18:11:43 | INFO | Results panel looks stuck. Clicking the feed and trying another scroll.
2026-03-29 18:12:03 | INFO | Results panel looks stuck. Clicking the feed and trying another scroll.
2026-03-29 18:12:42 | INFO | Results panel looks stuck. Clicking the feed and trying another scroll.
2026-03-29 18:12:48 | INFO | Results panel looks stuck. Clicking the feed and trying another scroll.
2026-03-29 18:13:08 | INFO | Results panel looks stuck. Clicking the feed and trying another scroll.
2026-03-29 18:13:45 | INFO | Results panel looks stuck. Clicking the feed and trying another scroll.
2026-03-29 18:13:53 | INFO | Results panel looks stuck. Clicking the feed and trying another scroll.
2026-03-29 18:14:12 | INFO | Results panel looks stuck. Clicking the feed and trying another scroll.
2026-03-29 18:14:48 | INFO | Results panel looks stuck. Clicking the feed and trying another scroll.
2026-03-29 18:14:56 | INFO | Results panel looks stuck. Clicking the feed and trying another scroll.
2026-03-29 18:15:16 | INFO | Results panel looks stuck. Clicking the feed and trying another scroll.
2026-03-29 18:15:51 | INFO | Results panel looks stuck. Clicking the feed and trying another scroll.
2026-03-29 18:16:00 | INFO | Results panel looks stuck. Clicking the feed and trying another scroll.
2026-03-29 18:16:20 | INFO | Results panel looks stuck. Clicking the feed and trying another scroll.
2026-03-29 18:16:54 | INFO | Results panel looks stuck. Clicking the feed and trying another scroll.
2026-03-29 18:17:06 | INFO | Results panel looks stuck. Clicking the feed and trying another scroll.
2026-03-29 18:17:25 | INFO | Results panel looks stuck. Clicking the feed and trying another scroll.
2026-03-29 18:17:57 | INFO | Results panel looks stuck. Clicking the feed and trying another scroll.
2026-03-29 18:18:10 | INFO | Results panel looks stuck. Clicking the feed and trying another scroll.
2026-03-29 18:18:28 | INFO | Results panel looks stuck. Clicking the feed and trying another scroll.
2026-03-29 18:18:59 | INFO | Results panel looks stuck. Clicking the feed and trying another scroll.
2026-03-29 18:19:14 | INFO | Results panel looks stuck. Clicking the feed and trying another scroll.
2026-03-29 18:19:32 | INFO | Results panel looks stuck. Clicking the feed and trying another scroll.
2026-03-29 18:20:02 | INFO | Results panel looks stuck. Clicking the feed and trying another scroll.
2026-03-29 18:20:18 | INFO | Results panel looks stuck. Clicking the feed and trying another scroll.
2026-03-29 18:20:35 | INFO | Results panel looks stuck. Clicking the feed and trying another scroll.
2026-03-29 18:21:05 | INFO | Results panel looks stuck. Clicking the feed and trying another scroll.
2026-03-29 18:21:21 | INFO | Results panel looks stuck. Clicking the feed and trying another scroll.
2026-03-29 18:21:39 | INFO | Results panel looks stuck. Clicking the feed and trying another scroll.
2026-03-29 18:22:08 | INFO | Results panel looks stuck. Clicking the feed and trying another scroll.
2026-03-29 18:22:24 | INFO | Results panel looks stuck. Clicking the feed and trying another scroll.
2026-03-29 18:22:44 | INFO | Results panel looks stuck. Clicking the feed and trying another scroll.
2026-03-29 18:23:10 | INFO | Results panel looks stuck. Clicking the feed and trying another scroll.
2026-03-29 18:23:29 | INFO | Results panel looks stuck. Clicking the feed and trying another scroll.
2026-03-29 18:23:50 | INFO | Results panel looks stuck. Clicking the feed and trying another scroll.
2026-03-29 18:24:13 | INFO | Results panel looks stuck. Clicking the feed and trying another scroll.
2026-03-29 18:24:33 | INFO | Results panel looks stuck. Clicking the feed and trying another scroll.
2026-03-29 18:24:55 | INFO | Results panel looks stuck. Clicking the feed and trying another scroll.
2026-03-29 18:25:16 | INFO | Results panel looks stuck. Clicking the feed and trying another scroll.
2026-03-29 18:25:36 | INFO | Results panel looks stuck. Clicking the feed and trying another scroll.
2026-03-29 18:25:59 | INFO | Results panel looks stuck. Clicking the feed and trying another scroll.
2026-03-29 18:26:19 | INFO | Results panel looks stuck. Clicking the feed and trying another scroll.
2026-03-29 18:26:40 | INFO | Results panel looks stuck. Clicking the feed and trying another scroll.
2026-03-29 18:27:03 | INFO | Results panel looks stuck. Clicking the feed and trying another scroll.
2026-03-29 18:27:22 | INFO | Results panel looks stuck. Clicking the feed and trying another scroll.
2026-03-29 18:27:45 | INFO | Results panel looks stuck. Clicking the feed and trying another scroll.
2026-03-29 18:28:08 | INFO | Results panel looks stuck. Clicking the feed and trying another scroll.
2026-03-29 18:28:25 | INFO | Results panel looks stuck. Clicking the feed and trying another scroll.
2026-03-29 18:28:49 | INFO | Results panel looks stuck. Clicking the feed and trying another scroll.
2026-03-29 18:29:12 | INFO | Results panel looks stuck. Clicking the feed and trying another scroll.
2026-03-29 18:29:28 | INFO | Results panel looks stuck. Clicking the feed and trying another scroll.
2026-03-29 18:29:54 | INFO | Results panel looks stuck. Clicking the feed and trying another scroll.
2026-03-29 18:30:17 | INFO | Results panel looks stuck. Clicking the feed and trying another scroll.
2026-03-29 18:30:31 | INFO | Results panel looks stuck. Clicking the feed and trying another scroll.
2026-03-29 18:30:58 | INFO | Results panel looks stuck. Clicking the feed and trying another scroll.
2026-03-29 18:31:20 | INFO | Results panel looks stuck. Clicking the feed and trying another scroll.
2026-03-29 18:31:33 | INFO | Results panel looks stuck. Clicking the feed and trying another scroll.
2026-03-29 18:32:02 | INFO | Results panel looks stuck. Clicking the feed and trying another scroll.
2026-03-29 18:32:25 | INFO | Results panel looks stuck. Clicking the feed and trying another scroll.
2026-03-29 18:32:36 | INFO | Results panel looks stuck. Clicking the feed and trying another scroll.
2026-03-29 18:33:06 | INFO | Results panel looks stuck. Clicking the feed and trying another scroll.
2026-03-29 18:33:29 | INFO | Results panel looks stuck. Clicking the feed and trying another scroll.
2026-03-29 18:33:39 | INFO | Results panel looks stuck. Clicking the feed and trying another scroll.
2026-03-29 18:34:11 | INFO | Results panel looks stuck. Clicking the feed and trying another scroll.
2026-03-29 18:34:34 | INFO | Results panel looks stuck. Clicking the feed and trying another scroll.
2026-03-29 18:34:43 | INFO | Results panel looks stuck. Clicking the feed and trying another scroll.
2026-03-29 18:35:16 | INFO | Results panel looks stuck. Clicking the feed and trying another scroll.
2026-03-29 18:35:40 | INFO | Results panel looks stuck. Clicking the feed and trying another scroll.
2026-03-29 18:35:46 | INFO | Results panel looks stuck. Clicking the feed and trying another scroll.
2026-03-29 18:36:21 | INFO | Results panel looks stuck. Clicking the feed and trying another scroll.
2026-03-29 18:36:44 | INFO | Results panel looks stuck. Clicking the feed and trying another scroll.
2026-03-29 18:36:50 | INFO | Results panel looks stuck. Clicking the feed and trying another scroll.
2026-03-29 18:37:25 | INFO | Results panel looks stuck. Clicking the feed and trying another scroll.
2026-03-29 18:37:48 | INFO | Results panel looks stuck. Clicking the feed and trying another scroll.
2026-03-29 18:37:53 | INFO | Results panel looks stuck. Clicking the feed and trying another scroll.
2026-03-29 18:38:30 | INFO | Results panel looks stuck. Clicking the feed and trying another scroll.
2026-03-29 18:38:53 | INFO | Results panel looks stuck. Clicking the feed and trying another scroll.
2026-03-29 18:38:55 | INFO | Results panel looks stuck. Clicking the feed and trying another scroll.
2026-03-29 18:39:34 | INFO | Results panel looks stuck. Clicking the feed and trying another scroll.
2026-03-29 18:39:58 | INFO | Results panel looks stuck. Clicking the feed and trying another scroll.
2026-03-29 18:39:58 | INFO | Results panel looks stuck. Clicking the feed and trying another scroll.
2026-03-29 18:40:39 | INFO | Results panel looks stuck. Clicking the feed and trying another scroll.
2026-03-29 18:41:01 | INFO | Results panel looks stuck. Clicking the feed and trying another scroll.
2026-03-29 18:41:03 | INFO | Results panel looks stuck. Clicking the feed and trying another scroll.
2026-03-29 18:41:43 | INFO | Results panel looks stuck. Clicking the feed and trying another scroll.
2026-03-29 18:42:03 | INFO | Results panel looks stuck. Clicking the feed and trying another scroll.
2026-03-29 18:42:07 | INFO | Results panel looks stuck. Clicking the feed and trying another scroll.
2026-03-29 18:42:48 | INFO | Results panel looks stuck. Clicking the feed and trying another scroll.
2026-03-29 18:43:06 | INFO | Results panel looks stuck. Clicking the feed and trying another scroll.
2026-03-29 18:43:11 | INFO | Results panel looks stuck. Clicking the feed and trying another scroll.
2026-03-29 18:43:51 | INFO | Results panel looks stuck. Clicking the feed and trying another scroll.
2026-03-29 18:44:10 | INFO | Results panel looks stuck. Clicking the feed and trying another scroll.
2026-03-29 18:44:16 | INFO | Results panel looks stuck. Clicking the feed and trying another scroll.
2026-03-29 18:44:55 | INFO | Results panel looks stuck. Clicking the feed and trying another scroll.
2026-03-29 18:45:12 | INFO | Results panel looks stuck. Clicking the feed and trying another scroll.
2026-03-29 18:45:19 | INFO | Results panel looks stuck. Clicking the feed and trying another scroll.
2026-03-29 18:45:59 | INFO | Results panel looks stuck. Clicking the feed and trying another scroll.
2026-03-29 18:46:16 | INFO | Results panel looks stuck. Clicking the feed and trying another scroll.
2026-03-29 18:46:24 | INFO | Results panel looks stuck. Clicking the feed and trying another scroll.
2026-03-29 18:47:04 | INFO | Results panel looks stuck. Clicking the feed and trying another scroll.
2026-03-29 18:47:18 | INFO | Results panel looks stuck. Clicking the feed and trying another scroll.
2026-03-29 18:47:28 | INFO | Results panel looks stuck. Clicking the feed and trying another scroll.
2026-03-29 18:48:09 | INFO | Results panel looks stuck. Clicking the feed and trying another scroll.
2026-03-29 18:48:21 | INFO | Results panel looks stuck. Clicking the feed and trying another scroll.
2026-03-29 18:48:31 | INFO | Results panel looks stuck. Clicking the feed and trying another scroll.
2026-03-29 18:49:14 | INFO | Results panel looks stuck. Clicking the feed and trying another scroll.
2026-03-29 18:49:24 | INFO | Results panel looks stuck. Clicking the feed and trying another scroll.
2026-03-29 18:49:35 | INFO | Results panel looks stuck. Clicking the feed and trying another scroll.
2026-03-29 18:50:18 | INFO | Results panel looks stuck. Clicking the feed and trying another scroll.
2026-03-29 18:50:28 | INFO | Results panel looks stuck. Clicking the feed and trying another scroll.
2026-03-29 18:50:41 | INFO | Results panel looks stuck. Clicking the feed and trying another scroll.
2026-03-29 18:51:22 | INFO | Results panel looks stuck. Clicking the feed and trying another scroll.
2026-03-29 18:51:31 | INFO | Results panel looks stuck. Clicking the feed and trying another scroll.
2026-03-29 18:51:45 | INFO | Results panel looks stuck. Clicking the feed and trying another scroll.
2026-03-29 18:52:28 | INFO | Results panel looks stuck. Clicking the feed and trying another scroll.
2026-03-29 18:52:33 | INFO | Results panel looks stuck. Clicking the feed and trying another scroll.
2026-03-29 18:52:49 | INFO | Results panel looks stuck. Clicking the feed and trying another scroll.
2026-03-29 18:53:32 | INFO | Results panel looks stuck. Clicking the feed and trying another scroll.
2026-03-29 18:53:36 | INFO | Results panel looks stuck. Clicking the feed and trying another scroll.
2026-03-29 18:53:54 | INFO | Results panel looks stuck. Clicking the feed and trying another scroll.
2026-03-29 18:54:37 | INFO | Results panel looks stuck. Clicking the feed and trying another scroll.
2026-03-29 18:54:39 | INFO | Results panel looks stuck. Clicking the feed and trying another scroll.
2026-03-29 18:54:57 | INFO | Results panel looks stuck. Clicking the feed and trying another scroll.
2026-03-29 18:55:41 | INFO | Results panel looks stuck. Clicking the feed and trying another scroll.
2026-03-29 18:55:42 | INFO | Results panel looks stuck. Clicking the feed and trying another scroll.
2026-03-29 18:56:01 | INFO | Results panel looks stuck. Clicking the feed and trying another scroll.
2026-03-29 18:56:45 | INFO | Results panel looks stuck. Clicking the feed and trying another scroll.
2026-03-29 18:56:45 | INFO | Results panel looks stuck. Clicking the feed and trying another scroll.
2026-03-29 18:57:04 | INFO | Results panel looks stuck. Clicking the feed and trying another scroll.
2026-03-29 18:57:47 | INFO | Results panel looks stuck. Clicking the feed and trying another scroll.
2026-03-29 18:57:49 | INFO | Results panel looks stuck. Clicking the feed and trying another scroll.
2026-03-29 18:58:09 | INFO | Results panel looks stuck. Clicking the feed and trying another scroll.
2026-03-29 18:58:51 | INFO | Results panel looks stuck. Clicking the feed and trying another scroll.
2026-03-29 18:58:54 | INFO | Results panel looks stuck. Clicking the feed and trying another scroll.
2026-03-29 18:59:13 | INFO | Results panel looks stuck. Clicking the feed and trying another scroll.
2026-03-29 18:59:54 | INFO | Results panel looks stuck. Clicking the feed and trying another scroll.
2026-03-29 18:59:57 | INFO | Results panel looks stuck. Clicking the feed and trying another scroll.
2026-03-29 19:00:18 | INFO | Results panel looks stuck. Clicking the feed and trying another scroll.
2026-03-29 19:00:56 | INFO | Results panel looks stuck. Clicking the feed and trying another scroll.
2026-03-29 19:01:00 | INFO | Results panel looks stuck. Clicking the feed and trying another scroll.
2026-03-29 19:01:21 | INFO | Results panel looks stuck. Clicking the feed and trying another scroll.
2026-03-29 19:01:58 | INFO | Results panel looks stuck. Clicking the feed and trying another scroll.
2026-03-29 19:02:04 | INFO | Results panel looks stuck. Clicking the feed and trying another scroll.
2026-03-29 19:02:26 | INFO | Results panel looks stuck. Clicking the feed and trying another scroll.
2026-03-29 19:03:00 | INFO | Results panel looks stuck. Clicking the feed and trying another scroll.
2026-03-29 19:03:10 | INFO | Results panel looks stuck. Clicking the feed and trying another scroll.
2026-03-29 19:03:30 | INFO | Results panel looks stuck. Clicking the feed and trying another scroll.
2026-03-29 19:04:03 | INFO | Results panel looks stuck. Clicking the feed and trying another scroll.
2026-03-29 19:04:14 | INFO | Results panel looks stuck. Clicking the feed and trying another scroll.
2026-03-29 19:04:34 | INFO | Results panel looks stuck. Clicking the feed and trying another scroll.
2026-03-29 19:05:06 | INFO | Results panel looks stuck. Clicking the feed and trying another scroll.
2026-03-29 19:05:19 | INFO | Results panel looks stuck. Clicking the feed and trying another scroll.
2026-03-29 19:05:38 | INFO | Results panel looks stuck. Clicking the feed and trying another scroll.
2026-03-29 19:06:08 | INFO | Results panel looks stuck. Clicking the feed and trying another scroll.
2026-03-29 19:06:23 | INFO | Results panel looks stuck. Clicking the feed and trying another scroll.
2026-03-29 19:06:42 | INFO | Results panel looks stuck. Clicking the feed and trying another scroll.
2026-03-29 19:07:11 | INFO | Results panel looks stuck. Clicking the feed and trying another scroll.
2026-03-29 19:07:27 | INFO | Results panel looks stuck. Clicking the feed and trying another scroll.
2026-03-29 19:07:46 | INFO | Results panel looks stuck. Clicking the feed and trying another scroll.
2026-03-29 19:08:13 | INFO | Results panel looks stuck. Clicking the feed and trying another scroll.
2026-03-29 19:08:31 | INFO | Results panel looks stuck. Clicking the feed and trying another scroll.
2026-03-29 19:08:49 | INFO | Results panel looks stuck. Clicking the feed and trying another scroll.
2026-03-29 19:09:16 | INFO | Results panel looks stuck. Clicking the feed and trying another scroll.
2026-03-29 19:09:36 | INFO | Results panel looks stuck. Clicking the feed and trying another scroll.
2026-03-29 19:09:54 | INFO | Results panel looks stuck. Clicking the feed and trying another scroll.
2026-03-29 19:10:19 | INFO | Results panel looks stuck. Clicking the feed and trying another scroll.
2026-03-29 19:10:40 | INFO | Results panel looks stuck. Clicking the feed and trying another scroll.
2026-03-29 19:10:58 | INFO | Results panel looks stuck. Clicking the feed and trying another scroll.
2026-03-29 19:11:22 | INFO | Results panel looks stuck. Clicking the feed and trying another scroll.
2026-03-29 19:11:45 | INFO | Results panel looks stuck. Clicking the feed and trying another scroll.
2026-03-29 19:12:03 | INFO | Results panel looks stuck. Clicking the feed and trying another scroll.
2026-03-29 19:12:25 | INFO | Results panel looks stuck. Clicking the feed and trying another scroll.
2026-03-29 19:12:50 | INFO | Results panel looks stuck. Clicking the feed and trying another scroll.
2026-03-29 19:13:07 | INFO | Results panel looks stuck. Clicking the feed and trying another scroll.
2026-03-29 19:13:28 | INFO | Results panel looks stuck. Clicking the feed and trying another scroll.
2026-03-29 19:13:54 | INFO | Results panel looks stuck. Clicking the feed and trying another scroll.
2026-03-29 19:14:12 | INFO | Results panel looks stuck. Clicking the feed and trying another scroll.
2026-03-29 19:14:31 | INFO | Results panel looks stuck. Clicking the feed and trying another scroll.
2026-03-29 19:14:59 | INFO | Results panel looks stuck. Clicking the feed and trying another scroll.
2026-03-29 19:15:15 | INFO | Results panel looks stuck. Clicking the feed and trying another scroll.
2026-03-29 19:15:33 | INFO | Results panel looks stuck. Clicking the feed and trying another scroll.
2026-03-29 19:16:04 | INFO | Results panel looks stuck. Clicking the feed and trying another scroll.
2026-03-29 19:16:19 | INFO | Results panel looks stuck. Clicking the feed and trying another scroll.
2026-03-29 19:16:37 | INFO | Results panel looks stuck. Clicking the feed and trying another scroll.
2026-03-29 19:17:07 | INFO | Results panel looks stuck. Clicking the feed and trying another scroll.
2026-03-29 19:17:24 | INFO | Results panel looks stuck. Clicking the feed and trying another scroll.
2026-03-29 19:17:40 | INFO | Results panel looks stuck. Clicking the feed and trying another scroll.
2026-03-29 19:18:11 | INFO | Results panel looks stuck. Clicking the feed and trying another scroll.
2026-03-29 19:18:28 | INFO | Results panel looks stuck. Clicking the feed and trying another scroll.
2026-03-29 19:18:42 | INFO | Results panel looks stuck. Clicking the feed and trying another scroll.
2026-03-29 19:19:15 | INFO | Results panel looks stuck. Clicking the feed and trying another scroll.
2026-03-29 19:19:32 | INFO | Results panel looks stuck. Clicking the feed and trying another scroll.
2026-03-29 19:19:45 | INFO | Results panel looks stuck. Clicking the feed and trying another scroll.
2026-03-29 19:20:20 | INFO | Results panel looks stuck. Clicking the feed and trying another scroll.
2026-03-29 19:20:37 | INFO | Results panel looks stuck. Clicking the feed and trying another scroll.
2026-03-29 19:20:48 | INFO | Results panel looks stuck. Clicking the feed and trying another scroll.
2026-03-29 19:21:24 | INFO | Results panel looks stuck. Clicking the feed and trying another scroll.
2026-03-29 19:21:41 | INFO | Results panel looks stuck. Clicking the feed and trying another scroll.
2026-03-29 19:21:51 | INFO | Results panel looks stuck. Clicking the feed and trying another scroll.
2026-03-29 19:22:28 | INFO | Results panel looks stuck. Clicking the feed and trying another scroll.
2026-03-29 19:22:45 | INFO | Results panel looks stuck. Clicking the feed and trying another scroll.
2026-03-29 19:22:54 | INFO | Results panel looks stuck. Clicking the feed and trying another scroll.
2026-03-29 19:23:32 | INFO | Results panel looks stuck. Clicking the feed and trying another scroll.
2026-03-29 19:23:49 | INFO | Results panel looks stuck. Clicking the feed and trying another scroll.
2026-03-29 19:23:58 | INFO | Results panel looks stuck. Clicking the feed and trying another scroll.
2026-03-29 19:24:36 | INFO | Results panel looks stuck. Clicking the feed and trying another scroll.
2026-03-29 19:24:54 | INFO | Results panel looks stuck. Clicking the feed and trying another scroll.
2026-03-29 19:25:00 | INFO | Results panel looks stuck. Clicking the feed and trying another scroll.
2026-03-29 19:25:40 | INFO | Results panel looks stuck. Clicking the feed and trying another scroll.
2026-03-29 19:25:59 | INFO | Results panel looks stuck. Clicking the feed and trying another scroll.
2026-03-29 19:26:03 | INFO | Results panel looks stuck. Clicking the feed and trying another scroll.
2026-03-29 19:26:46 | INFO | Results panel looks stuck. Clicking the feed and trying another scroll.
2026-03-29 19:27:03 | INFO | Results panel looks stuck. Clicking the feed and trying another scroll.
2026-03-29 19:27:05 | INFO | Results panel looks stuck. Clicking the feed and trying another scroll.
2026-03-29 19:27:50 | INFO | Results panel looks stuck. Clicking the feed and trying another scroll.
2026-03-29 19:28:07 | INFO | Results panel looks stuck. Clicking the feed and trying another scroll.
2026-03-29 19:28:08 | INFO | Results panel looks stuck. Clicking the feed and trying another scroll.
2026-03-29 19:28:53 | INFO | Results panel looks stuck. Clicking the feed and trying another scroll.
2026-03-29 19:29:11 | INFO | Results panel looks stuck. Clicking the feed and trying another scroll.
2026-03-29 19:29:12 | INFO | Results panel looks stuck. Clicking the feed and trying another scroll.
2026-03-29 19:29:58 | INFO | Results panel looks stuck. Clicking the feed and trying another scroll.
2026-03-29 19:30:15 | INFO | Results panel looks stuck. Clicking the feed and trying another scroll.
2026-03-29 19:30:16 | INFO | Results panel looks stuck. Clicking the feed and trying another scroll.
2026-03-29 19:31:02 | INFO | Results panel looks stuck. Clicking the feed and trying another scroll.
2026-03-29 19:31:17 | INFO | Results panel looks stuck. Clicking the feed and trying another scroll.
2026-03-29 19:31:20 | INFO | Results panel looks stuck. Clicking the feed and trying another scroll.
2026-03-29 19:32:05 | INFO | Results panel looks stuck. Clicking the feed and trying another scroll.
2026-03-29 19:32:20 | INFO | Results panel looks stuck. Clicking the feed and trying another scroll.
2026-03-29 19:32:24 | INFO | Results panel looks stuck. Clicking the feed and trying another scroll.
2026-03-29 19:33:09 | INFO | Results panel looks stuck. Clicking the feed and trying another scroll.
2026-03-29 19:33:22 | INFO | Results panel looks stuck. Clicking the feed and trying another scroll.
2026-03-29 19:33:28 | INFO | Results panel looks stuck. Clicking the feed and trying another scroll.
2026-03-29 19:34:14 | INFO | Results panel looks stuck. Clicking the feed and trying another scroll.
2026-03-29 19:34:24 | INFO | Results panel looks stuck. Clicking the feed and trying another scroll.
2026-03-29 19:34:33 | INFO | Results panel looks stuck. Clicking the feed and trying another scroll.
2026-03-29 19:35:17 | INFO | Results panel looks stuck. Clicking the feed and trying another scroll.
2026-03-29 19:35:27 | INFO | Results panel looks stuck. Clicking the feed and trying another scroll.
2026-03-29 19:35:38 | INFO | Results panel looks stuck. Clicking the feed and trying another scroll.
2026-03-29 19:36:21 | INFO | Results panel looks stuck. Clicking the feed and trying another scroll.
2026-03-29 19:36:29 | INFO | Results panel looks stuck. Clicking the feed and trying another scroll.
2026-03-29 19:36:42 | INFO | Results panel looks stuck. Clicking the feed and trying another scroll.
2026-03-29 19:37:26 | INFO | Results panel looks stuck. Clicking the feed and trying another scroll.
2026-03-29 19:37:31 | INFO | Results panel looks stuck. Clicking the feed and trying another scroll.
2026-03-29 19:37:46 | INFO | Results panel looks stuck. Clicking the feed and trying another scroll.
2026-03-29 19:38:30 | INFO | Results panel looks stuck. Clicking the feed and trying another scroll.
2026-03-29 19:38:35 | INFO | Results panel looks stuck. Clicking the feed and trying another scroll.
2026-03-29 19:38:50 | INFO | Results panel looks stuck. Clicking the feed and trying another scroll.
2026-03-29 19:39:35 | INFO | Results panel looks stuck. Clicking the feed and trying another scroll.
2026-03-29 19:39:37 | INFO | Results panel looks stuck. Clicking the feed and trying another scroll.
2026-03-29 19:39:54 | INFO | Results panel looks stuck. Clicking the feed and trying another scroll.
2026-03-29 19:40:40 | INFO | Results panel looks stuck. Clicking the feed and trying another scroll.
2026-03-29 19:40:40 | INFO | Results panel looks stuck. Clicking the feed and trying another scroll.
2026-03-29 19:40:58 | INFO | Results panel looks stuck. Clicking the feed and trying another scroll.
2026-03-29 19:41:42 | INFO | Results panel looks stuck. Clicking the feed and trying another scroll.
2026-03-29 19:41:44 | INFO | Results panel looks stuck. Clicking the feed and trying another scroll.
2026-03-29 19:42:02 | INFO | Results panel looks stuck. Clicking the feed and trying another scroll.
2026-03-29 19:42:44 | INFO | Results panel looks stuck. Clicking the feed and trying another scroll.
2026-03-29 19:42:47 | INFO | Results panel looks stuck. Clicking the feed and trying another scroll.
2026-03-29 19:43:05 | INFO | Results panel looks stuck. Clicking the feed and trying another scroll.
2026-03-29 19:43:48 | INFO | Results panel looks stuck. Clicking the feed and trying another scroll.
2026-03-29 19:43:51 | INFO | Results panel looks stuck. Clicking the feed and trying another scroll.
2026-03-29 19:44:09 | INFO | Results panel looks stuck. Clicking the feed and trying another scroll.
2026-03-29 19:44:51 | INFO | Results panel looks stuck. Clicking the feed and trying another scroll.
2026-03-29 19:44:55 | INFO | Results panel looks stuck. Clicking the feed and trying another scroll.
2026-03-29 19:45:13 | INFO | Results panel looks stuck. Clicking the feed and trying another scroll.
2026-03-29 19:45:53 | INFO | Results panel looks stuck. Clicking the feed and trying another scroll.
2026-03-29 19:45:59 | INFO | Results panel looks stuck. Clicking the feed and trying another scroll.
2026-03-29 19:46:17 | INFO | Results panel looks stuck. Clicking the feed and trying another scroll.
2026-03-29 19:46:56 | INFO | Results panel looks stuck. Clicking the feed and trying another scroll.
2026-03-29 19:47:04 | INFO | Results panel looks stuck. Clicking the feed and trying another scroll.
2026-03-29 19:47:21 | INFO | Results panel looks stuck. Clicking the feed and trying another scroll.
2026-03-29 19:47:58 | INFO | Results panel looks stuck. Clicking the feed and trying another scroll.
2026-03-29 19:48:08 | INFO | Results panel looks stuck. Clicking the feed and trying another scroll.
2026-03-29 19:48:25 | INFO | Results panel looks stuck. Clicking the feed and trying another scroll.
2026-03-29 19:49:01 | INFO | Results panel looks stuck. Clicking the feed and trying another scroll.
2026-03-29 19:49:12 | INFO | Results panel looks stuck. Clicking the feed and trying another scroll.
2026-03-29 19:49:29 | INFO | Results panel looks stuck. Clicking the feed and trying another scroll.
2026-03-29 19:50:03 | INFO | Results panel looks stuck. Clicking the feed and trying another scroll.
2026-03-29 19:50:17 | INFO | Results panel looks stuck. Clicking the feed and trying another scroll.
2026-03-29 19:50:33 | INFO | Results panel looks stuck. Clicking the feed and trying another scroll.
2026-03-29 19:51:06 | INFO | Results panel looks stuck. Clicking the feed and trying another scroll.
2026-03-29 19:51:21 | INFO | Results panel looks stuck. Clicking the feed and trying another scroll.
2026-03-29 19:51:37 | INFO | Results panel looks stuck. Clicking the feed and trying another scroll.
2026-03-29 19:52:09 | INFO | Results panel looks stuck. Clicking the feed and trying another scroll.
2026-03-29 19:52:25 | INFO | Results panel looks stuck. Clicking the feed and trying another scroll.
2026-03-29 19:52:42 | INFO | Results panel looks stuck. Clicking the feed and trying another scroll.
2026-03-29 19:53:12 | INFO | Results panel looks stuck. Clicking the feed and trying another scroll.
2026-03-29 19:53:30 | INFO | Results panel looks stuck. Clicking the feed and trying another scroll.
2026-03-29 19:53:48 | INFO | Results panel looks stuck. Clicking the feed and trying another scroll.
2026-03-29 19:54:14 | INFO | Results panel looks stuck. Clicking the feed and trying another scroll.
2026-03-29 19:54:34 | INFO | Results panel looks stuck. Clicking the feed and trying another scroll.
2026-03-29 19:54:52 | INFO | Results panel looks stuck. Clicking the feed and trying another scroll.
2026-03-29 19:55:18 | INFO | Results panel looks stuck. Clicking the feed and trying another scroll.
2026-03-29 19:55:38 | INFO | Results panel looks stuck. Clicking the feed and trying another scroll.
2026-03-29 19:55:56 | INFO | Results panel looks stuck. Clicking the feed and trying another scroll.
2026-03-29 19:56:20 | INFO | Results panel looks stuck. Clicking the feed and trying another scroll.
2026-03-29 19:56:42 | INFO | Results panel looks stuck. Clicking the feed and trying another scroll.
2026-03-29 19:57:00 | INFO | Results panel looks stuck. Clicking the feed and trying another scroll.
2026-03-29 19:57:23 | INFO | Results panel looks stuck. Clicking the feed and trying another scroll.
2026-03-29 19:57:46 | INFO | Results panel looks stuck. Clicking the feed and trying another scroll.
2026-03-29 19:58:03 | INFO | Results panel looks stuck. Clicking the feed and trying another scroll.
2026-03-29 19:58:25 | INFO | Results panel looks stuck. Clicking the feed and trying another scroll.
2026-03-29 19:58:51 | INFO | Results panel looks stuck. Clicking the feed and trying another scroll.
2026-03-29 19:59:07 | INFO | Results panel looks stuck. Clicking the feed and trying another scroll.
2026-03-29 19:59:28 | INFO | Results panel looks stuck. Clicking the feed and trying another scroll.
2026-03-29 19:59:56 | INFO | Results panel looks stuck. Clicking the feed and trying another scroll.
2026-03-29 20:00:11 | INFO | Results panel looks stuck. Clicking the feed and trying another scroll.
2026-03-29 20:00:31 | INFO | Results panel looks stuck. Clicking the feed and trying another scroll.
2026-03-29 20:01:00 | INFO | Results panel looks stuck. Clicking the feed and trying another scroll.
2026-03-29 20:01:16 | INFO | Results panel looks stuck. Clicking the feed and trying another scroll.
2026-03-29 20:01:34 | INFO | Results panel looks stuck. Clicking the feed and trying another scroll.
2026-03-29 20:02:04 | INFO | Results panel looks stuck. Clicking the feed and trying another scroll.
2026-03-29 20:02:19 | INFO | Results panel looks stuck. Clicking the feed and trying another scroll.
2026-03-29 20:02:37 | INFO | Results panel looks stuck. Clicking the feed and trying another scroll.
2026-03-29 20:03:08 | INFO | Results panel looks stuck. Clicking the feed and trying another scroll.
2026-03-29 20:03:23 | INFO | Results panel looks stuck. Clicking the feed and trying another scroll.
2026-03-29 20:03:39 | INFO | Results panel looks stuck. Clicking the feed and trying another scroll.
2026-03-29 20:04:13 | INFO | Results panel looks stuck. Clicking the feed and trying another scroll.
2026-03-29 20:04:28 | INFO | Results panel looks stuck. Clicking the feed and trying another scroll.
2026-03-29 20:04:43 | INFO | Results panel looks stuck. Clicking the feed and trying another scroll.
2026-03-29 20:05:17 | INFO | Results panel looks stuck. Clicking the feed and trying another scroll.
2026-03-29 20:05:31 | INFO | Results panel looks stuck. Clicking the feed and trying another scroll.
2026-03-29 20:05:46 | INFO | Results panel looks stuck. Clicking the feed and trying another scroll.
2026-03-29 20:06:22 | INFO | Results panel looks stuck. Clicking the feed and trying another scroll.
2026-03-29 20:06:35 | INFO | Results panel looks stuck. Clicking the feed and trying another scroll.
2026-03-29 20:06:49 | INFO | Results panel looks stuck. Clicking the feed and trying another scroll.
2026-03-29 20:07:27 | INFO | Results panel looks stuck. Clicking the feed and trying another scroll.
2026-03-29 20:07:40 | INFO | Results panel looks stuck. Clicking the feed and trying another scroll.
2026-03-29 20:07:52 | INFO | Results panel looks stuck. Clicking the feed and trying another scroll.
2026-03-29 20:08:31 | INFO | Results panel looks stuck. Clicking the feed and trying another scroll.
2026-03-29 20:08:45 | INFO | Results panel looks stuck. Clicking the feed and trying another scroll.
2026-03-29 20:08:54 | INFO | Results panel looks stuck. Clicking the feed and trying another scroll.
2026-03-29 20:09:36 | INFO | Results panel looks stuck. Clicking the feed and trying another scroll.
2026-03-29 20:09:49 | INFO | Results panel looks stuck. Clicking the feed and trying another scroll.
2026-03-29 20:09:57 | INFO | Results panel looks stuck. Clicking the feed and trying another scroll.
2026-03-29 20:10:39 | INFO | Results panel looks stuck. Clicking the feed and trying another scroll.
2026-03-29 20:10:53 | INFO | Results panel looks stuck. Clicking the feed and trying another scroll.
2026-03-29 20:10:59 | INFO | Results panel looks stuck. Clicking the feed and trying another scroll.
2026-03-29 20:11:43 | INFO | Results panel looks stuck. Clicking the feed and trying another scroll.
2026-03-29 20:11:57 | INFO | Results panel looks stuck. Clicking the feed and trying another scroll.
2026-03-29 20:12:02 | INFO | Results panel looks stuck. Clicking the feed and trying another scroll.
2026-03-29 20:12:47 | INFO | Results panel looks stuck. Clicking the feed and trying another scroll.
2026-03-29 20:13:02 | INFO | Results panel looks stuck. Clicking the feed and trying another scroll.
2026-03-29 20:13:05 | INFO | Results panel looks stuck. Clicking the feed and trying another scroll.
2026-03-29 20:13:52 | INFO | Results panel looks stuck. Clicking the feed and trying another scroll.
2026-03-29 20:14:06 | INFO | Results panel looks stuck. Clicking the feed and trying another scroll.
2026-03-29 20:14:08 | INFO | Results panel looks stuck. Clicking the feed and trying another scroll.
2026-03-29 20:14:57 | INFO | Results panel looks stuck. Clicking the feed and trying another scroll.
2026-03-29 20:15:08 | INFO | Results panel looks stuck. Clicking the feed and trying another scroll.
2026-03-29 20:15:10 | INFO | Results panel looks stuck. Clicking the feed and trying another scroll.
2026-03-29 20:16:01 | INFO | Results panel looks stuck. Clicking the feed and trying another scroll.
2026-03-29 20:16:13 | INFO | Results panel looks stuck. Clicking the feed and trying another scroll.
2026-03-29 20:16:13 | INFO | Results panel looks stuck. Clicking the feed and trying another scroll.
2026-03-29 20:17:05 | INFO | Results panel looks stuck. Clicking the feed and trying another scroll.
2026-03-29 20:17:16 | INFO | Results panel looks stuck. Clicking the feed and trying another scroll.
2026-03-29 20:17:16 | INFO | Results panel looks stuck. Clicking the feed and trying another scroll.
2026-03-29 20:18:09 | INFO | Results panel looks stuck. Clicking the feed and trying another scroll.
2026-03-29 20:18:19 | INFO | Results panel looks stuck. Clicking the feed and trying another scroll.
2026-03-29 20:18:20 | INFO | Results panel looks stuck. Clicking the feed and trying another scroll.
2026-03-29 20:19:13 | INFO | Results panel looks stuck. Clicking the feed and trying another scroll.
2026-03-29 20:19:22 | INFO | Results panel looks stuck. Clicking the feed and trying another scroll.
2026-03-29 20:19:23 | INFO | Results panel looks stuck. Clicking the feed and trying another scroll.
2026-03-29 20:20:18 | INFO | Results panel looks stuck. Clicking the feed and trying another scroll.
2026-03-29 20:20:25 | INFO | Results panel looks stuck. Clicking the feed and trying another scroll.
2026-03-29 20:20:27 | INFO | Results panel looks stuck. Clicking the feed and trying another scroll.
2026-03-29 20:21:22 | INFO | Results panel looks stuck. Clicking the feed and trying another scroll.
2026-03-29 20:21:28 | INFO | Results panel looks stuck. Clicking the feed and trying another scroll.
2026-03-29 20:21:30 | INFO | Results panel looks stuck. Clicking the feed and trying another scroll.
2026-03-29 20:22:26 | INFO | Results panel looks stuck. Clicking the feed and trying another scroll.
2026-03-29 20:22:31 | INFO | Results panel looks stuck. Clicking the feed and trying another scroll.
2026-03-29 20:22:35 | INFO | Results panel looks stuck. Clicking the feed and trying another scroll.
2026-03-29 20:23:29 | INFO | Results panel looks stuck. Clicking the feed and trying another scroll.
2026-03-29 20:23:34 | INFO | Results panel looks stuck. Clicking the feed and trying another scroll.
2026-03-29 20:23:40 | INFO | Results panel looks stuck. Clicking the feed and trying another scroll.
2026-03-29 20:24:33 | INFO | Results panel looks stuck. Clicking the feed and trying another scroll.
2026-03-29 20:24:35 | INFO | Results panel looks stuck. Clicking the feed and trying another scroll.
2026-03-29 20:24:44 | INFO | Results panel looks stuck. Clicking the feed and trying another scroll.
2026-03-29 20:25:37 | INFO | Results panel looks stuck. Clicking the feed and trying another scroll.
2026-03-29 20:25:38 | INFO | Results panel looks stuck. Clicking the feed and trying another scroll.
2026-03-29 20:25:47 | INFO | Results panel looks stuck. Clicking the feed and trying another scroll.
2026-03-29 20:26:41 | INFO | Results panel looks stuck. Clicking the feed and trying another scroll.
2026-03-29 20:26:41 | INFO | Results panel looks stuck. Clicking the feed and trying another scroll.
2026-03-29 20:26:50 | INFO | Results panel looks stuck. Clicking the feed and trying another scroll.
2026-03-29 20:27:44 | INFO | Results panel looks stuck. Clicking the feed and trying another scroll.
2026-03-29 20:27:46 | INFO | Results panel looks stuck. Clicking the feed and trying another scroll.
2026-03-29 20:27:53 | INFO | Results panel looks stuck. Clicking the feed and trying another scroll.
2026-03-29 20:28:47 | INFO | Results panel looks stuck. Clicking the feed and trying another scroll.
2026-03-29 20:28:50 | INFO | Results panel looks stuck. Clicking the feed and trying another scroll.
2026-03-29 20:28:58 | INFO | Results panel looks stuck. Clicking the feed and trying another scroll.
2026-03-29 20:29:50 | INFO | Results panel looks stuck. Clicking the feed and trying another scroll.
2026-03-29 20:29:54 | INFO | Results panel looks stuck. Clicking the feed and trying another scroll.
2026-03-29 20:30:03 | INFO | Results panel looks stuck. Clicking the feed and trying another scroll.
2026-03-29 20:30:53 | INFO | Results panel looks stuck. Clicking the feed and trying another scroll.
2026-03-29 20:30:59 | INFO | Results panel looks stuck. Clicking the feed and trying another scroll.
2026-03-29 20:31:08 | INFO | Results panel looks stuck. Clicking the feed and trying another scroll.
2026-03-29 20:31:57 | INFO | Results panel looks stuck. Clicking the feed and trying another scroll.
2026-03-29 20:32:04 | INFO | Results panel looks stuck. Clicking the feed and trying another scroll.
2026-03-29 20:32:13 | INFO | Results panel looks stuck. Clicking the feed and trying another scroll.
2026-03-29 20:33:00 | INFO | Results panel looks stuck. Clicking the feed and trying another scroll.
2026-03-29 20:33:08 | INFO | Results panel looks stuck. Clicking the feed and trying another scroll.
2026-03-29 20:33:17 | INFO | Results panel looks stuck. Clicking the feed and trying another scroll.
2026-03-29 20:34:03 | INFO | Results panel looks stuck. Clicking the feed and trying another scroll.
2026-03-29 20:34:12 | INFO | Results panel looks stuck. Clicking the feed and trying another scroll.
2026-03-29 20:34:21 | INFO | Results panel looks stuck. Clicking the feed and trying another scroll.
2026-03-29 20:35:06 | INFO | Results panel looks stuck. Clicking the feed and trying another scroll.
2026-03-29 20:35:15 | INFO | Results panel looks stuck. Clicking the feed and trying another scroll.
2026-03-29 20:35:24 | INFO | Results panel looks stuck. Clicking the feed and trying another scroll.
2026-03-29 20:36:10 | INFO | Results panel looks stuck. Clicking the feed and trying another scroll.
2026-03-29 20:36:19 | INFO | Results panel looks stuck. Clicking the feed and trying another scroll.
2026-03-29 20:36:28 | INFO | Results panel looks stuck. Clicking the feed and trying another scroll.
2026-03-29 20:37:13 | INFO | Results panel looks stuck. Clicking the feed and trying another scroll.
2026-03-29 20:37:24 | INFO | Results panel looks stuck. Clicking the feed and trying another scroll.
2026-03-29 20:37:33 | INFO | Results panel looks stuck. Clicking the feed and trying another scroll.
2026-03-29 20:38:16 | INFO | Results panel looks stuck. Clicking the feed and trying another scroll.
2026-03-29 20:38:28 | INFO | Results panel looks stuck. Clicking the feed and trying another scroll.
2026-03-29 20:38:38 | INFO | Results panel looks stuck. Clicking the feed and trying another scroll.
2026-03-29 20:39:18 | INFO | Results panel looks stuck. Clicking the feed and trying another scroll.
2026-03-29 20:39:33 | INFO | Results panel looks stuck. Clicking the feed and trying another scroll.
2026-03-29 20:39:42 | INFO | Results panel looks stuck. Clicking the feed and trying another scroll.
2026-03-29 20:40:21 | INFO | Results panel looks stuck. Clicking the feed and trying another scroll.
2026-03-29 20:40:36 | INFO | Results panel looks stuck. Clicking the feed and trying another scroll.
2026-03-29 20:40:47 | INFO | Results panel looks stuck. Clicking the feed and trying another scroll.
2026-03-29 20:41:24 | INFO | Results panel looks stuck. Clicking the feed and trying another scroll.
2026-03-29 20:41:40 | INFO | Results panel looks stuck. Clicking the feed and trying another scroll.
2026-03-29 20:41:51 | INFO | Results panel looks stuck. Clicking the feed and trying another scroll.
2026-03-29 20:42:27 | INFO | Results panel looks stuck. Clicking the feed and trying another scroll.
2026-03-29 20:42:45 | INFO | Results panel looks stuck. Clicking the feed and trying another scroll.
2026-03-29 20:42:56 | INFO | Results panel looks stuck. Clicking the feed and trying another scroll.
2026-03-29 20:43:30 | INFO | Results panel looks stuck. Clicking the feed and trying another scroll.
2026-03-29 20:43:49 | INFO | Results panel looks stuck. Clicking the feed and trying another scroll.
2026-03-29 20:44:00 | INFO | Results panel looks stuck. Clicking the feed and trying another scroll.
2026-03-29 20:44:32 | INFO | Results panel looks stuck. Clicking the feed and trying another scroll.
2026-03-29 20:44:53 | INFO | Results panel looks stuck. Clicking the feed and trying another scroll.
2026-03-29 20:45:03 | INFO | Results panel looks stuck. Clicking the feed and trying another scroll.
2026-03-29 20:45:34 | INFO | Results panel looks stuck. Clicking the feed and trying another scroll.
2026-03-29 20:45:58 | INFO | Results panel looks stuck. Clicking the feed and trying another scroll.
2026-03-29 20:46:07 | INFO | Results panel looks stuck. Clicking the feed and trying another scroll.
2026-03-29 20:46:37 | INFO | Results panel looks stuck. Clicking the feed and trying another scroll.
2026-03-29 20:47:01 | INFO | Results panel looks stuck. Clicking the feed and trying another scroll.
2026-03-29 20:47:11 | INFO | Results panel looks stuck. Clicking the feed and trying another scroll.
2026-03-29 20:47:40 | INFO | Results panel looks stuck. Clicking the feed and trying another scroll.
2026-03-29 20:48:05 | INFO | Results panel looks stuck. Clicking the feed and trying another scroll.
2026-03-29 20:48:16 | INFO | Results panel looks stuck. Clicking the feed and trying another scroll.
2026-03-29 20:48:42 | INFO | Results panel looks stuck. Clicking the feed and trying another scroll.
2026-03-29 20:49:10 | INFO | Results panel looks stuck. Clicking the feed and trying another scroll.
2026-03-29 20:49:20 | INFO | Results panel looks stuck. Clicking the feed and trying another scroll.
2026-03-29 20:49:45 | INFO | Results panel looks stuck. Clicking the feed and trying another scroll.
2026-03-29 20:50:14 | INFO | Results panel looks stuck. Clicking the feed and trying another scroll.
2026-03-29 20:50:24 | INFO | Results panel looks stuck. Clicking the feed and trying another scroll.
2026-03-29 20:50:48 | INFO | Results panel looks stuck. Clicking the feed and trying another scroll.
2026-03-29 20:51:17 | INFO | Results panel looks stuck. Clicking the feed and trying another scroll.
2026-03-29 20:51:28 | INFO | Results panel looks stuck. Clicking the feed and trying another scroll.
2026-03-29 20:51:50 | INFO | Results panel looks stuck. Clicking the feed and trying another scroll.
2026-03-29 20:52:22 | INFO | Results panel looks stuck. Clicking the feed and trying another scroll.
2026-03-29 20:52:32 | INFO | Results panel looks stuck. Clicking the feed and trying another scroll.
2026-03-29 20:52:53 | INFO | Results panel looks stuck. Clicking the feed and trying another scroll.
2026-03-29 20:53:25 | INFO | Results panel looks stuck. Clicking the feed and trying another scroll.
2026-03-29 20:53:37 | INFO | Results panel looks stuck. Clicking the feed and trying another scroll.
2026-03-29 20:53:56 | INFO | Results panel looks stuck. Clicking the feed and trying another scroll.
2026-03-29 20:54:29 | INFO | Results panel looks stuck. Clicking the feed and trying another scroll.
2026-03-29 20:54:41 | INFO | Results panel looks stuck. Clicking the feed and trying another scroll.
2026-03-29 20:54:58 | INFO | Results panel looks stuck. Clicking the feed and trying another scroll.
2026-03-29 20:55:34 | INFO | Results panel looks stuck. Clicking the feed and trying another scroll.
2026-03-29 20:55:45 | INFO | Results panel looks stuck. Clicking the feed and trying another scroll.
2026-03-29 20:56:01 | INFO | Results panel looks stuck. Clicking the feed and trying another scroll.
2026-03-29 20:56:38 | INFO | Results panel looks stuck. Clicking the feed and trying another scroll.
2026-03-29 20:56:50 | INFO | Results panel looks stuck. Clicking the feed and trying another scroll.
2026-03-29 20:57:04 | INFO | Results panel looks stuck. Clicking the feed and trying another scroll.
2026-03-29 20:57:43 | INFO | Results panel looks stuck. Clicking the feed and trying another scroll.
2026-03-29 20:57:53 | INFO | Results panel looks stuck. Clicking the feed and trying another scroll.
2026-03-29 20:58:06 | INFO | Results panel looks stuck. Clicking the feed and trying another scroll.
2026-03-29 20:58:47 | INFO | Results panel looks stuck. Clicking the feed and trying another scroll.
2026-03-29 20:58:58 | INFO | Results panel looks stuck. Clicking the feed and trying another scroll.
2026-03-29 20:59:09 | INFO | Results panel looks stuck. Clicking the feed and trying another scroll.
2026-03-29 20:59:51 | INFO | Results panel looks stuck. Clicking the feed and trying another scroll.
2026-03-29 21:00:02 | INFO | Results panel looks stuck. Clicking the feed and trying another scroll.
2026-03-29 21:00:11 | INFO | Results panel looks stuck. Clicking the feed and trying another scroll.
2026-03-29 21:00:56 | INFO | Results panel looks stuck. Clicking the feed and trying another scroll.
2026-03-29 21:01:06 | INFO | Results panel looks stuck. Clicking the feed and trying another scroll.
2026-03-29 21:01:14 | INFO | Results panel looks stuck. Clicking the feed and trying another scroll.
2026-03-29 21:02:00 | INFO | Results panel looks stuck. Clicking the feed and trying another scroll.
2026-03-29 21:02:10 | INFO | Results panel looks stuck. Clicking the feed and trying another scroll.
2026-03-29 21:02:16 | INFO | Results panel looks stuck. Clicking the feed and trying another scroll.
2026-03-29 21:03:04 | INFO | Results panel looks stuck. Clicking the feed and trying another scroll.
2026-03-29 21:03:14 | INFO | Results panel looks stuck. Clicking the feed and trying another scroll.
2026-03-29 21:03:20 | INFO | Results panel looks stuck. Clicking the feed and trying another scroll.
2026-03-29 21:04:08 | INFO | Results panel looks stuck. Clicking the feed and trying another scroll.
2026-03-29 21:04:17 | INFO | Results panel looks stuck. Clicking the feed and trying another scroll.
2026-03-29 21:04:23 | INFO | Results panel looks stuck. Clicking the feed and trying another scroll.
2026-03-29 21:05:13 | INFO | Results panel looks stuck. Clicking the feed and trying another scroll.
2026-03-29 21:05:20 | INFO | Results panel looks stuck. Clicking the feed and trying another scroll.
2026-03-29 21:05:25 | INFO | Results panel looks stuck. Clicking the feed and trying another scroll.
2026-03-29 21:06:18 | INFO | Results panel looks stuck. Clicking the feed and trying another scroll.
2026-03-29 21:06:25 | INFO | Results panel looks stuck. Clicking the feed and trying another scroll.
2026-03-29 21:06:28 | INFO | Results panel looks stuck. Clicking the feed and trying another scroll.
2026-03-29 21:07:23 | INFO | Results panel looks stuck. Clicking the feed and trying another scroll.
2026-03-29 21:07:29 | INFO | Results panel looks stuck. Clicking the feed and trying another scroll.
2026-03-29 21:07:31 | INFO | Results panel looks stuck. Clicking the feed and trying another scroll.
2026-03-29 21:08:28 | INFO | Results panel looks stuck. Clicking the feed and trying another scroll.
2026-03-29 21:08:33 | INFO | Results panel looks stuck. Clicking the feed and trying another scroll.
2026-03-29 21:08:35 | INFO | Results panel looks stuck. Clicking the feed and trying another scroll.
2026-03-29 21:09:33 | INFO | Results panel looks stuck. Clicking the feed and trying another scroll.
2026-03-29 21:09:36 | INFO | Results panel looks stuck. Clicking the feed and trying another scroll.
2026-03-29 21:09:37 | INFO | Results panel looks stuck. Clicking the feed and trying another scroll.
2026-03-29 21:10:36 | INFO | Results panel looks stuck. Clicking the feed and trying another scroll.
2026-03-29 21:10:39 | INFO | Results panel looks stuck. Clicking the feed and trying another scroll.
2026-03-29 21:10:41 | INFO | Results panel looks stuck. Clicking the feed and trying another scroll.
2026-03-29 21:11:40 | INFO | Results panel looks stuck. Clicking the feed and trying another scroll.
2026-03-29 21:11:43 | INFO | Results panel looks stuck. Clicking the feed and trying another scroll.
2026-03-29 21:11:45 | INFO | Results panel looks stuck. Clicking the feed and trying another scroll.
2026-03-29 21:12:45 | INFO | Results panel looks stuck. Clicking the feed and trying another scroll.
2026-03-29 21:12:46 | INFO | Results panel looks stuck. Clicking the feed and trying another scroll.
2026-03-29 21:12:49 | INFO | Results panel looks stuck. Clicking the feed and trying another scroll.
2026-03-29 21:13:49 | INFO | Results panel looks stuck. Clicking the feed and trying another scroll.
2026-03-29 21:13:49 | INFO | Results panel looks stuck. Clicking the feed and trying another scroll.
2026-03-29 21:13:54 | INFO | Results panel looks stuck. Clicking the feed and trying another scroll.
2026-03-29 21:14:51 | INFO | Results panel looks stuck. Clicking the feed and trying another scroll.
2026-03-29 21:14:53 | INFO | Results panel looks stuck. Clicking the feed and trying another scroll.
2026-03-29 21:14:57 | INFO | Results panel looks stuck. Clicking the feed and trying another scroll.
2026-03-29 21:15:55 | INFO | Results panel looks stuck. Clicking the feed and trying another scroll.
2026-03-29 21:15:57 | INFO | Results panel looks stuck. Clicking the feed and trying another scroll.
2026-03-29 21:16:02 | INFO | Results panel looks stuck. Clicking the feed and trying another scroll.
2026-03-29 21:16:57 | INFO | Results panel looks stuck. Clicking the feed and trying another scroll.
2026-03-29 21:17:01 | INFO | Results panel looks stuck. Clicking the feed and trying another scroll.
2026-03-29 21:17:06 | INFO | Results panel looks stuck. Clicking the feed and trying another scroll.
2026-03-29 21:18:00 | INFO | Results panel looks stuck. Clicking the feed and trying another scroll.
2026-03-29 21:18:05 | INFO | Results panel looks stuck. Clicking the feed and trying another scroll.
2026-03-29 21:18:11 | INFO | Results panel looks stuck. Clicking the feed and trying another scroll.
2026-03-29 21:19:03 | INFO | Results panel looks stuck. Clicking the feed and trying another scroll.
2026-03-29 21:19:09 | INFO | Results panel looks stuck. Clicking the feed and trying another scroll.
2026-03-29 21:19:15 | INFO | Results panel looks stuck. Clicking the feed and trying another scroll.
2026-03-29 21:20:06 | INFO | Results panel looks stuck. Clicking the feed and trying another scroll.
2026-03-29 21:20:14 | INFO | Results panel looks stuck. Clicking the feed and trying another scroll.
2026-03-29 21:20:20 | INFO | Results panel looks stuck. Clicking the feed and trying another scroll.
2026-03-29 21:21:09 | INFO | Results panel looks stuck. Clicking the feed and trying another scroll.
2026-03-29 21:21:18 | INFO | Results panel looks stuck. Clicking the feed and trying another scroll.
2026-03-29 21:21:23 | INFO | Results panel looks stuck. Clicking the feed and trying another scroll.
2026-03-29 21:22:12 | INFO | Results panel looks stuck. Clicking the feed and trying another scroll.
2026-03-29 21:22:23 | INFO | Results panel looks stuck. Clicking the feed and trying another scroll.
2026-03-29 21:22:28 | INFO | Results panel looks stuck. Clicking the feed and trying another scroll.
2026-03-29 21:23:15 | INFO | Results panel looks stuck. Clicking the feed and trying another scroll.
2026-03-29 21:23:27 | INFO | Results panel looks stuck. Clicking the feed and trying another scroll.
2026-03-29 21:23:32 | INFO | Results panel looks stuck. Clicking the feed and trying another scroll.
2026-03-29 21:24:18 | INFO | Results panel looks stuck. Clicking the feed and trying another scroll.
2026-03-29 21:24:30 | INFO | Results panel looks stuck. Clicking the feed and trying another scroll.
2026-03-29 21:24:37 | INFO | Results panel looks stuck. Clicking the feed and trying another scroll.
2026-03-29 21:25:20 | INFO | Results panel looks stuck. Clicking the feed and trying another scroll.
2026-03-29 21:25:35 | INFO | Results panel looks stuck. Clicking the feed and trying another scroll.
2026-03-29 21:25:42 | INFO | Results panel looks stuck. Clicking the feed and trying another scroll.
2026-03-29 21:26:23 | INFO | Results panel looks stuck. Clicking the feed and trying another scroll.
2026-03-29 21:26:40 | INFO | Results panel looks stuck. Clicking the feed and trying another scroll.
2026-03-29 21:26:47 | INFO | Results panel looks stuck. Clicking the feed and trying another scroll.
2026-03-29 21:27:26 | INFO | Results panel looks stuck. Clicking the feed and trying another scroll.
2026-03-29 21:27:45 | INFO | Results panel looks stuck. Clicking the feed and trying another scroll.
2026-03-29 21:27:51 | INFO | Results panel looks stuck. Clicking the feed and trying another scroll.
2026-03-29 21:28:28 | INFO | Results panel looks stuck. Clicking the feed and trying another scroll.
2026-03-29 21:28:50 | INFO | Results panel looks stuck. Clicking the feed and trying another scroll.
2026-03-29 21:28:56 | INFO | Results panel looks stuck. Clicking the feed and trying another scroll.
2026-03-29 21:29:31 | INFO | Results panel looks stuck. Clicking the feed and trying another scroll.
2026-03-29 21:29:54 | INFO | Results panel looks stuck. Clicking the feed and trying another scroll.
2026-03-29 21:30:01 | INFO | Results panel looks stuck. Clicking the feed and trying another scroll.
2026-03-29 21:30:35 | INFO | Results panel looks stuck. Clicking the feed and trying another scroll.
2026-03-29 21:30:58 | INFO | Results panel looks stuck. Clicking the feed and trying another scroll.
2026-03-29 21:31:06 | INFO | Results panel looks stuck. Clicking the feed and trying another scroll.
2026-03-29 21:31:37 | INFO | Results panel looks stuck. Clicking the feed and trying another scroll.
2026-03-29 21:32:02 | INFO | Results panel looks stuck. Clicking the feed and trying another scroll.
2026-03-29 21:32:10 | INFO | Results panel looks stuck. Clicking the feed and trying another scroll.
2026-03-29 21:32:39 | INFO | Results panel looks stuck. Clicking the feed and trying another scroll.
2026-03-29 21:33:07 | INFO | Results panel looks stuck. Clicking the feed and trying another scroll.
2026-03-29 21:33:15 | INFO | Results panel looks stuck. Clicking the feed and trying another scroll.
2026-03-29 21:33:42 | INFO | Results panel looks stuck. Clicking the feed and trying another scroll.
2026-03-29 21:34:11 | INFO | Results panel looks stuck. Clicking the feed and trying another scroll.
2026-03-29 21:34:19 | INFO | Results panel looks stuck. Clicking the feed and trying another scroll.
2026-03-29 21:34:45 | INFO | Results panel looks stuck. Clicking the feed and trying another scroll.
2026-03-29 21:35:14 | INFO | Results panel looks stuck. Clicking the feed and trying another scroll.
2026-03-29 21:35:24 | INFO | Results panel looks stuck. Clicking the feed and trying another scroll.
2026-03-29 21:35:47 | INFO | Results panel looks stuck. Clicking the feed and trying another scroll.
2026-03-29 21:36:18 | INFO | Results panel looks stuck. Clicking the feed and trying another scroll.
2026-03-29 21:36:27 | INFO | Results panel looks stuck. Clicking the feed and trying another scroll.
2026-03-29 21:36:50 | INFO | Results panel looks stuck. Clicking the feed and trying another scroll.
2026-03-29 21:37:22 | INFO | Results panel looks stuck. Clicking the feed and trying another scroll.
2026-03-29 21:37:32 | INFO | Results panel looks stuck. Clicking the feed and trying another scroll.
2026-03-29 21:37:53 | INFO | Results panel looks stuck. Clicking the feed and trying another scroll.
2026-03-29 21:38:26 | INFO | Results panel looks stuck. Clicking the feed and trying another scroll.
2026-03-29 21:38:35 | INFO | Results panel looks stuck. Clicking the feed and trying another scroll.
2026-03-29 21:38:56 | INFO | Results panel looks stuck. Clicking the feed and trying another scroll.
2026-03-29 21:39:31 | INFO | Results panel looks stuck. Clicking the feed and trying another scroll.
2026-03-29 21:39:40 | INFO | Results panel looks stuck. Clicking the feed and trying another scroll.
2026-03-29 21:39:59 | INFO | Results panel looks stuck. Clicking the feed and trying another scroll.
2026-03-29 21:40:35 | INFO | Results panel looks stuck. Clicking the feed and trying another scroll.
2026-03-29 21:40:43 | INFO | Results panel looks stuck. Clicking the feed and trying another scroll.
2026-03-29 21:41:03 | INFO | Results panel looks stuck. Clicking the feed and trying another scroll.
2026-03-29 21:41:40 | INFO | Results panel looks stuck. Clicking the feed and trying another scroll.
2026-03-29 21:41:47 | INFO | Results panel looks stuck. Clicking the feed and trying another scroll.
2026-03-29 21:42:05 | INFO | Results panel looks stuck. Clicking the feed and trying another scroll.
2026-03-29 21:42:44 | INFO | Results panel looks stuck. Clicking the feed and trying another scroll.
2026-03-29 21:42:52 | INFO | Results panel looks stuck. Clicking the feed and trying another scroll.
2026-03-29 21:43:08 | INFO | Results panel looks stuck. Clicking the feed and trying another scroll.
2026-03-29 21:43:48 | INFO | Results panel looks stuck. Clicking the feed and trying another scroll.
2026-03-29 21:43:57 | INFO | Results panel looks stuck. Clicking the feed and trying another scroll.
2026-03-29 21:44:11 | INFO | Results panel looks stuck. Clicking the feed and trying another scroll.
2026-03-29 21:44:52 | INFO | Results panel looks stuck. Clicking the feed and trying another scroll.
2026-03-29 21:45:01 | INFO | Results panel looks stuck. Clicking the feed and trying another scroll.
2026-03-29 21:45:14 | INFO | Results panel looks stuck. Clicking the feed and trying another scroll.
2026-03-29 21:45:56 | INFO | Results panel looks stuck. Clicking the feed and trying another scroll.
2026-03-29 21:46:05 | INFO | Results panel looks stuck. Clicking the feed and trying another scroll.
2026-03-29 21:46:16 | INFO | Results panel looks stuck. Clicking the feed and trying another scroll.
2026-03-29 21:47:00 | INFO | Results panel looks stuck. Clicking the feed and trying another scroll.
2026-03-29 21:47:10 | INFO | Results panel looks stuck. Clicking the feed and trying another scroll.
2026-03-29 21:47:20 | INFO | Results panel looks stuck. Clicking the feed and trying another scroll.
2026-03-29 21:48:05 | INFO | Results panel looks stuck. Clicking the feed and trying another scroll.
2026-03-29 21:48:14 | INFO | Results panel looks stuck. Clicking the feed and trying another scroll.
2026-03-29 21:48:23 | INFO | Results panel looks stuck. Clicking the feed and trying another scroll.
2026-03-29 21:49:09 | INFO | Results panel looks stuck. Clicking the feed and trying another scroll.
2026-03-29 21:49:18 | INFO | Results panel looks stuck. Clicking the feed and trying another scroll.
2026-03-29 21:49:25 | INFO | Results panel looks stuck. Clicking the feed and trying another scroll.
2026-03-29 21:50:14 | INFO | Results panel looks stuck. Clicking the feed and trying another scroll.
2026-03-29 21:50:22 | INFO | Results panel looks stuck. Clicking the feed and trying another scroll.
2026-03-29 21:50:27 | INFO | Results panel looks stuck. Clicking the feed and trying another scroll.
2026-03-29 21:51:18 | INFO | Results panel looks stuck. Clicking the feed and trying another scroll.
2026-03-29 21:51:26 | INFO | Results panel looks stuck. Clicking the feed and trying another scroll.
2026-03-29 21:51:30 | INFO | Results panel looks stuck. Clicking the feed and trying another scroll.
2026-03-29 21:52:22 | INFO | Results panel looks stuck. Clicking the feed and trying another scroll.
2026-03-29 21:52:30 | INFO | Results panel looks stuck. Clicking the feed and trying another scroll.
2026-03-29 21:52:33 | INFO | Results panel looks stuck. Clicking the feed and trying another scroll.
2026-03-29 21:53:25 | INFO | Results panel looks stuck. Clicking the feed and trying another scroll.
2026-03-29 21:53:34 | INFO | Results panel looks stuck. Clicking the feed and trying another scroll.
2026-03-29 21:53:36 | INFO | Results panel looks stuck. Clicking the feed and trying another scroll.
2026-03-29 21:54:29 | INFO | Results panel looks stuck. Clicking the feed and trying another scroll.
2026-03-29 21:54:37 | INFO | Results panel looks stuck. Clicking the feed and trying another scroll.
2026-03-29 21:54:38 | INFO | Results panel looks stuck. Clicking the feed and trying another scroll.
2026-03-29 21:55:33 | INFO | Results panel looks stuck. Clicking the feed and trying another scroll.
2026-03-29 21:55:41 | INFO | Results panel looks stuck. Clicking the feed and trying another scroll.
2026-03-29 21:55:41 | INFO | Results panel looks stuck. Clicking the feed and trying another scroll.
2026-03-29 21:56:38 | INFO | Results panel looks stuck. Clicking the feed and trying another scroll.
2026-03-29 21:56:44 | INFO | Results panel looks stuck. Clicking the feed and trying another scroll.
2026-03-29 21:56:44 | INFO | Results panel looks stuck. Clicking the feed and trying another scroll.
2026-03-29 21:57:42 | INFO | Results panel looks stuck. Clicking the feed and trying another scroll.
2026-03-29 21:57:47 | INFO | Results panel looks stuck. Clicking the feed and trying another scroll.
2026-03-29 21:57:48 | INFO | Results panel looks stuck. Clicking the feed and trying another scroll.
2026-03-29 21:58:46 | INFO | Results panel looks stuck. Clicking the feed and trying another scroll.
2026-03-29 21:58:49 | INFO | Results panel looks stuck. Clicking the feed and trying another scroll.
2026-03-29 21:58:52 | INFO | Results panel looks stuck. Clicking the feed and trying another scroll.
2026-03-29 21:59:51 | INFO | Results panel looks stuck. Clicking the feed and trying another scroll.
2026-03-29 21:59:52 | INFO | Results panel looks stuck. Clicking the feed and trying another scroll.
2026-03-29 21:59:56 | INFO | Results panel looks stuck. Clicking the feed and trying another scroll.
2026-03-29 22:00:56 | INFO | Results panel looks stuck. Clicking the feed and trying another scroll.
2026-03-29 22:00:56 | INFO | Results panel looks stuck. Clicking the feed and trying another scroll.
2026-03-29 22:01:00 | INFO | Results panel looks stuck. Clicking the feed and trying another scroll.
2026-03-29 22:01:58 | INFO | Results panel looks stuck. Clicking the feed and trying another scroll.
2026-03-29 22:02:01 | INFO | Results panel looks stuck. Clicking the feed and trying another scroll.
2026-03-29 22:02:05 | INFO | Results panel looks stuck. Clicking the feed and trying another scroll.
2026-03-29 22:03:00 | INFO | Results panel looks stuck. Clicking the feed and trying another scroll.
2026-03-29 22:03:05 | INFO | Results panel looks stuck. Clicking the feed and trying another scroll.
2026-03-29 22:03:08 | INFO | Results panel looks stuck. Clicking the feed and trying another scroll.
2026-03-29 22:04:04 | INFO | Results panel looks stuck. Clicking the feed and trying another scroll.
2026-03-29 22:04:10 | INFO | Results panel looks stuck. Clicking the feed and trying another scroll.
2026-03-29 22:04:12 | INFO | Results panel looks stuck. Clicking the feed and trying another scroll.
2026-03-29 22:05:06 | INFO | Results panel looks stuck. Clicking the feed and trying another scroll.
2026-03-29 22:05:13 | INFO | Results panel looks stuck. Clicking the feed and trying another scroll.
2026-03-29 22:05:16 | INFO | Results panel looks stuck. Clicking the feed and trying another scroll.
2026-03-29 22:06:09 | INFO | Results panel looks stuck. Clicking the feed and trying another scroll.
2026-03-29 22:06:17 | INFO | Results panel looks stuck. Clicking the feed and trying another scroll.
2026-03-29 22:06:21 | INFO | Results panel looks stuck. Clicking the feed and trying another scroll.
2026-03-29 22:07:12 | INFO | Results panel looks stuck. Clicking the feed and trying another scroll.
2026-03-29 22:07:21 | INFO | Results panel looks stuck. Clicking the feed and trying another scroll.
2026-03-29 22:07:25 | INFO | Results panel looks stuck. Clicking the feed and trying another scroll.
2026-03-29 22:08:15 | INFO | Results panel looks stuck. Clicking the feed and trying another scroll.
2026-03-29 22:08:25 | INFO | Results panel looks stuck. Clicking the feed and trying another scroll.
2026-03-29 22:08:30 | INFO | Results panel looks stuck. Clicking the feed and trying another scroll.
2026-03-29 22:09:18 | INFO | Results panel looks stuck. Clicking the feed and trying another scroll.
2026-03-29 22:09:30 | INFO | Results panel looks stuck. Clicking the feed and trying another scroll.
2026-03-29 22:09:35 | INFO | Results panel looks stuck. Clicking the feed and trying another scroll.
2026-03-29 22:10:21 | INFO | Results panel looks stuck. Clicking the feed and trying another scroll.
2026-03-29 22:10:33 | INFO | Results panel looks stuck. Clicking the feed and trying another scroll.
2026-03-29 22:10:40 | INFO | Results panel looks stuck. Clicking the feed and trying another scroll.
2026-03-29 22:11:24 | INFO | Results panel looks stuck. Clicking the feed and trying another scroll.
2026-03-29 22:11:37 | INFO | Results panel looks stuck. Clicking the feed and trying another scroll.
2026-03-29 22:11:44 | INFO | Results panel looks stuck. Clicking the feed and trying another scroll.
2026-03-29 22:12:26 | INFO | Results panel looks stuck. Clicking the feed and trying another scroll.
2026-03-29 22:12:40 | INFO | Results panel looks stuck. Clicking the feed and trying another scroll.
2026-03-29 22:12:48 | INFO | Results panel looks stuck. Clicking the feed and trying another scroll.
2026-03-29 22:13:30 | INFO | Results panel looks stuck. Clicking the feed and trying another scroll.
2026-03-29 22:13:45 | INFO | Results panel looks stuck. Clicking the feed and trying another scroll.
2026-03-29 22:13:52 | INFO | Results panel looks stuck. Clicking the feed and trying another scroll.
2026-03-29 22:14:32 | INFO | Results panel looks stuck. Clicking the feed and trying another scroll.
2026-03-29 22:14:49 | INFO | Results panel looks stuck. Clicking the feed and trying another scroll.
2026-03-29 22:14:56 | INFO | Results panel looks stuck. Clicking the feed and trying another scroll.
2026-03-29 22:15:35 | INFO | Results panel looks stuck. Clicking the feed and trying another scroll.
2026-03-29 22:15:54 | INFO | Results panel looks stuck. Clicking the feed and trying another scroll.
2026-03-29 22:16:01 | INFO | Results panel looks stuck. Clicking the feed and trying another scroll.
2026-03-29 22:16:38 | INFO | Results panel looks stuck. Clicking the feed and trying another scroll.
2026-03-29 22:16:58 | INFO | Results panel looks stuck. Clicking the feed and trying another scroll.
2026-03-29 22:17:05 | INFO | Results panel looks stuck. Clicking the feed and trying another scroll.
2026-03-29 22:17:41 | INFO | Results panel looks stuck. Clicking the feed and trying another scroll.
2026-03-29 22:18:01 | INFO | Results panel looks stuck. Clicking the feed and trying another scroll.
2026-03-29 22:18:08 | INFO | Results panel looks stuck. Clicking the feed and trying another scroll.
2026-03-29 22:18:43 | INFO | Results panel looks stuck. Clicking the feed and trying another scroll.
2026-03-29 22:19:06 | INFO | Results panel looks stuck. Clicking the feed and trying another scroll.
2026-03-29 22:19:13 | INFO | Results panel looks stuck. Clicking the feed and trying another scroll.
2026-03-29 22:19:46 | INFO | Results panel looks stuck. Clicking the feed and trying another scroll.
2026-03-29 22:20:10 | INFO | Results panel looks stuck. Clicking the feed and trying another scroll.
2026-03-29 22:20:18 | INFO | Results panel looks stuck. Clicking the feed and trying another scroll.
2026-03-29 22:20:48 | INFO | Results panel looks stuck. Clicking the feed and trying another scroll.
2026-03-29 22:21:14 | INFO | Results panel looks stuck. Clicking the feed and trying another scroll.
2026-03-29 22:21:21 | INFO | Results panel looks stuck. Clicking the feed and trying another scroll.
2026-03-29 22:21:50 | INFO | Results panel looks stuck. Clicking the feed and trying another scroll.
2026-03-29 22:22:17 | INFO | Results panel looks stuck. Clicking the feed and trying another scroll.
2026-03-29 22:22:25 | INFO | Results panel looks stuck. Clicking the feed and trying another scroll.
2026-03-29 22:22:52 | INFO | Results panel looks stuck. Clicking the feed and trying another scroll.
2026-03-29 22:23:21 | INFO | Results panel looks stuck. Clicking the feed and trying another scroll.
2026-03-29 22:23:29 | INFO | Results panel looks stuck. Clicking the feed and trying another scroll.
2026-03-29 22:23:55 | INFO | Results panel looks stuck. Clicking the feed and trying another scroll.
2026-03-29 22:24:26 | INFO | Results panel looks stuck. Clicking the feed and trying another scroll.
2026-03-29 22:24:33 | INFO | Results panel looks stuck. Clicking the feed and trying another scroll.
2026-03-29 22:24:58 | INFO | Results panel looks stuck. Clicking the feed and trying another scroll.
2026-03-29 22:25:31 | INFO | Results panel looks stuck. Clicking the feed and trying another scroll.
2026-03-29 22:25:37 | INFO | Results panel looks stuck. Clicking the feed and trying another scroll.
2026-03-29 22:26:01 | INFO | Results panel looks stuck. Clicking the feed and trying another scroll.
2026-03-29 22:26:35 | INFO | Results panel looks stuck. Clicking the feed and trying another scroll.
2026-03-29 22:26:42 | INFO | Results panel looks stuck. Clicking the feed and trying another scroll.
2026-03-29 22:27:03 | INFO | Results panel looks stuck. Clicking the feed and trying another scroll.
2026-03-29 22:27:39 | INFO | Results panel looks stuck. Clicking the feed and trying another scroll.
2026-03-29 22:27:47 | INFO | Results panel looks stuck. Clicking the feed and trying another scroll.
2026-03-29 22:28:05 | INFO | Results panel looks stuck. Clicking the feed and trying another scroll.
2026-03-29 22:28:44 | INFO | Results panel looks stuck. Clicking the feed and trying another scroll.
2026-03-29 22:28:51 | INFO | Results panel looks stuck. Clicking the feed and trying another scroll.
2026-03-29 22:29:09 | INFO | Results panel looks stuck. Clicking the feed and trying another scroll.
2026-03-29 22:29:48 | INFO | Results panel looks stuck. Clicking the feed and trying another scroll.
2026-03-29 22:29:55 | INFO | Results panel looks stuck. Clicking the feed and trying another scroll.
2026-03-29 22:30:12 | INFO | Results panel looks stuck. Clicking the feed and trying another scroll.
2026-03-29 22:30:52 | INFO | Results panel looks stuck. Clicking the feed and trying another scroll.
2026-03-29 22:30:59 | INFO | Results panel looks stuck. Clicking the feed and trying another scroll.
2026-03-29 22:31:15 | INFO | Results panel looks stuck. Clicking the feed and trying another scroll.
2026-03-29 22:31:57 | INFO | Results panel looks stuck. Clicking the feed and trying another scroll.
2026-03-29 22:32:03 | INFO | Results panel looks stuck. Clicking the feed and trying another scroll.
2026-03-29 22:32:18 | INFO | Results panel looks stuck. Clicking the feed and trying another scroll.
2026-03-29 22:33:02 | INFO | Results panel looks stuck. Clicking the feed and trying another scroll.
2026-03-29 22:33:07 | INFO | Results panel looks stuck. Clicking the feed and trying another scroll.
2026-03-29 22:33:21 | INFO | Results panel looks stuck. Clicking the feed and trying another scroll.
2026-03-29 22:34:06 | INFO | Results panel looks stuck. Clicking the feed and trying another scroll.
2026-03-29 22:34:12 | INFO | Results panel looks stuck. Clicking the feed and trying another scroll.
2026-03-29 22:34:24 | INFO | Results panel looks stuck. Clicking the feed and trying another scroll.
2026-03-29 22:35:11 | INFO | Results panel looks stuck. Clicking the feed and trying another scroll.
2026-03-29 22:35:16 | INFO | Results panel looks stuck. Clicking the feed and trying another scroll.
2026-03-29 22:35:27 | INFO | Results panel looks stuck. Clicking the feed and trying another scroll.
2026-03-29 22:36:14 | INFO | Results panel looks stuck. Clicking the feed and trying another scroll.
2026-03-29 22:36:20 | INFO | Results panel looks stuck. Clicking the feed and trying another scroll.
2026-03-29 22:36:30 | INFO | Results panel looks stuck. Clicking the feed and trying another scroll.
2026-03-29 22:37:17 | INFO | Results panel looks stuck. Clicking the feed and trying another scroll.
2026-03-29 22:37:24 | INFO | Results panel looks stuck. Clicking the feed and trying another scroll.
2026-03-29 22:37:33 | INFO | Results panel looks stuck. Clicking the feed and trying another scroll.
2026-03-29 22:38:22 | INFO | Results panel looks stuck. Clicking the feed and trying another scroll.
2026-03-29 22:38:28 | INFO | Results panel looks stuck. Clicking the feed and trying another scroll.
2026-03-29 22:38:36 | INFO | Results panel looks stuck. Clicking the feed and trying another scroll.
2026-03-29 22:39:26 | INFO | Results panel looks stuck. Clicking the feed and trying another scroll.
2026-03-29 22:39:33 | INFO | Results panel looks stuck. Clicking the feed and trying another scroll.
2026-03-29 22:39:39 | INFO | Results panel looks stuck. Clicking the feed and trying another scroll.
2026-03-29 22:40:30 | INFO | Results panel looks stuck. Clicking the feed and trying another scroll.
2026-03-29 22:40:37 | INFO | Results panel looks stuck. Clicking the feed and trying another scroll.
2026-03-29 22:40:41 | INFO | Results panel looks stuck. Clicking the feed and trying another scroll.
2026-03-29 22:41:34 | INFO | Results panel looks stuck. Clicking the feed and trying another scroll.
2026-03-29 22:41:42 | INFO | Results panel looks stuck. Clicking the feed and trying another scroll.
2026-03-29 22:41:45 | INFO | Results panel looks stuck. Clicking the feed and trying another scroll.
2026-03-29 22:42:39 | INFO | Results panel looks stuck. Clicking the feed and trying another scroll.
2026-03-29 22:42:46 | INFO | Results panel looks stuck. Clicking the feed and trying another scroll.
2026-03-29 22:42:47 | INFO | Results panel looks stuck. Clicking the feed and trying another scroll.
2026-03-29 22:43:43 | INFO | Results panel looks stuck. Clicking the feed and trying another scroll.
2026-03-29 22:43:50 | INFO | Results panel looks stuck. Clicking the feed and trying another scroll.
2026-03-29 22:43:52 | INFO | Results panel looks stuck. Clicking the feed and trying another scroll.
2026-03-29 22:44:48 | INFO | Results panel looks stuck. Clicking the feed and trying another scroll.
2026-03-29 22:44:52 | INFO | Results panel looks stuck. Clicking the feed and trying another scroll.
2026-03-29 22:44:56 | INFO | Results panel looks stuck. Clicking the feed and trying another scroll.
2026-03-29 22:45:52 | INFO | Results panel looks stuck. Clicking the feed and trying another scroll.
2026-03-29 22:45:55 | INFO | Results panel looks stuck. Clicking the feed and trying another scroll.
2026-03-29 22:46:01 | INFO | Results panel looks stuck. Clicking the feed and trying another scroll.
2026-03-29 22:46:55 | INFO | Results panel looks stuck. Clicking the feed and trying another scroll.
2026-03-29 22:46:58 | INFO | Results panel looks stuck. Clicking the feed and trying another scroll.
2026-03-29 22:47:04 | INFO | Results panel looks stuck. Clicking the feed and trying another scroll.
2026-03-29 22:48:00 | INFO | Results panel looks stuck. Clicking the feed and trying another scroll.
2026-03-29 22:48:01 | INFO | Results panel looks stuck. Clicking the feed and trying another scroll.
2026-03-29 22:48:07 | INFO | Results panel looks stuck. Clicking the feed and trying another scroll.
2026-03-29 22:49:04 | INFO | Results panel looks stuck. Clicking the feed and trying another scroll.
2026-03-29 22:49:04 | INFO | Results panel looks stuck. Clicking the feed and trying another scroll.
2026-03-29 22:49:11 | INFO | Results panel looks stuck. Clicking the feed and trying another scroll.
2026-03-29 22:50:07 | INFO | Results panel looks stuck. Clicking the feed and trying another scroll.
2026-03-29 22:50:08 | INFO | Results panel looks stuck. Clicking the feed and trying another scroll.
2026-03-29 22:50:15 | INFO | Results panel looks stuck. Clicking the feed and trying another scroll.
2026-03-29 22:51:09 | INFO | Results panel looks stuck. Clicking the feed and trying another scroll.
2026-03-29 22:51:12 | INFO | Results panel looks stuck. Clicking the feed and trying another scroll.
2026-03-29 22:51:19 | INFO | Results panel looks stuck. Clicking the feed and trying another scroll.
2026-03-29 22:52:12 | INFO | Results panel looks stuck. Clicking the feed and trying another scroll.
2026-03-29 22:52:16 | INFO | Results panel looks stuck. Clicking the feed and trying another scroll.
2026-03-29 22:52:24 | INFO | Results panel looks stuck. Clicking the feed and trying another scroll.
2026-03-29 22:53:15 | INFO | Results panel looks stuck. Clicking the feed and trying another scroll.
2026-03-29 22:53:21 | INFO | Results panel looks stuck. Clicking the feed and trying another scroll.
2026-03-29 22:53:27 | INFO | Results panel looks stuck. Clicking the feed and trying another scroll.
2026-03-29 22:54:17 | INFO | Results panel looks stuck. Clicking the feed and trying another scroll.
2026-03-29 22:54:24 | INFO | Results panel looks stuck. Clicking the feed and trying another scroll.
2026-03-29 22:54:32 | INFO | Results panel looks stuck. Clicking the feed and trying another scroll.
2026-03-29 22:55:20 | INFO | Results panel looks stuck. Clicking the feed and trying another scroll.
2026-03-29 22:55:29 | INFO | Results panel looks stuck. Clicking the feed and trying another scroll.
2026-03-29 22:55:36 | INFO | Results panel looks stuck. Clicking the feed and trying another scroll.
2026-03-29 22:56:23 | INFO | Results panel looks stuck. Clicking the feed and trying another scroll.
2026-03-29 22:56:33 | INFO | Results panel looks stuck. Clicking the feed and trying another scroll.
2026-03-29 22:56:39 | INFO | Results panel looks stuck. Clicking the feed and trying another scroll.
2026-03-29 22:57:25 | INFO | Results panel looks stuck. Clicking the feed and trying another scroll.
2026-03-29 22:57:36 | INFO | Results panel looks stuck. Clicking the feed and trying another scroll.
2026-03-29 22:57:43 | INFO | Results panel looks stuck. Clicking the feed and trying another scroll.
2026-03-29 22:58:28 | INFO | Results panel looks stuck. Clicking the feed and trying another scroll.
2026-03-29 22:58:42 | INFO | Results panel looks stuck. Clicking the feed and trying another scroll.
2026-03-29 22:58:48 | INFO | Results panel looks stuck. Clicking the feed and trying another scroll.
2026-03-29 22:59:31 | INFO | Results panel looks stuck. Clicking the feed and trying another scroll.
2026-03-29 22:59:46 | INFO | Results panel looks stuck. Clicking the feed and trying another scroll.
2026-03-29 22:59:54 | INFO | Results panel looks stuck. Clicking the feed and trying another scroll.
2026-03-29 23:00:34 | INFO | Results panel looks stuck. Clicking the feed and trying another scroll.
2026-03-29 23:00:51 | INFO | Results panel looks stuck. Clicking the feed and trying another scroll.
2026-03-29 23:00:58 | INFO | Results panel looks stuck. Clicking the feed and trying another scroll.
2026-03-29 23:01:38 | INFO | Results panel looks stuck. Clicking the feed and trying another scroll.
2026-03-29 23:01:56 | INFO | Results panel looks stuck. Clicking the feed and trying another scroll.
2026-03-29 23:02:02 | INFO | Results panel looks stuck. Clicking the feed and trying another scroll.
2026-03-29 23:02:41 | INFO | Results panel looks stuck. Clicking the feed and trying another scroll.
2026-03-29 23:03:00 | INFO | Results panel looks stuck. Clicking the feed and trying another scroll.
2026-03-29 23:03:05 | INFO | Results panel looks stuck. Clicking the feed and trying another scroll.
2026-03-29 23:03:44 | INFO | Results panel looks stuck. Clicking the feed and trying another scroll.
2026-03-29 23:04:05 | INFO | Results panel looks stuck. Clicking the feed and trying another scroll.
2026-03-29 23:04:09 | INFO | Results panel looks stuck. Clicking the feed and trying another scroll.
2026-03-29 23:04:47 | INFO | Results panel looks stuck. Clicking the feed and trying another scroll.
2026-03-29 23:05:08 | INFO | Results panel looks stuck. Clicking the feed and trying another scroll.
2026-03-29 23:05:14 | INFO | Results panel looks stuck. Clicking the feed and trying another scroll.
2026-03-29 23:05:50 | INFO | Results panel looks stuck. Clicking the feed and trying another scroll.
2026-03-29 23:06:12 | INFO | Results panel looks stuck. Clicking the feed and trying another scroll.
2026-03-29 23:06:18 | INFO | Results panel looks stuck. Clicking the feed and trying another scroll.
2026-03-29 23:06:53 | INFO | Results panel looks stuck. Clicking the feed and trying another scroll.
2026-03-29 23:07:17 | INFO | Results panel looks stuck. Clicking the feed and trying another scroll.
2026-03-29 23:07:22 | INFO | Results panel looks stuck. Clicking the feed and trying another scroll.
2026-03-29 23:07:56 | INFO | Results panel looks stuck. Clicking the feed and trying another scroll.
2026-03-29 23:08:22 | INFO | Results panel looks stuck. Clicking the feed and trying another scroll.
2026-03-29 23:08:26 | INFO | Results panel looks stuck. Clicking the feed and trying another scroll.
2026-03-29 23:08:59 | INFO | Results panel looks stuck. Clicking the feed and trying another scroll.
2026-03-29 23:09:26 | INFO | Results panel looks stuck. Clicking the feed and trying another scroll.
2026-03-29 23:09:30 | INFO | Results panel looks stuck. Clicking the feed and trying another scroll.
2026-03-29 23:10:02 | INFO | Results panel looks stuck. Clicking the feed and trying another scroll.
2026-03-29 23:10:31 | INFO | Results panel looks stuck. Clicking the feed and trying another scroll.
2026-03-29 23:10:34 | INFO | Results panel looks stuck. Clicking the feed and trying another scroll.
2026-03-29 23:11:05 | INFO | Results panel looks stuck. Clicking the feed and trying another scroll.
2026-03-29 23:11:35 | INFO | Results panel looks stuck. Clicking the feed and trying another scroll.
2026-03-29 23:11:38 | INFO | Results panel looks stuck. Clicking the feed and trying another scroll.
2026-03-29 23:12:09 | INFO | Results panel looks stuck. Clicking the feed and trying another scroll.
2026-03-29 23:12:40 | INFO | Results panel looks stuck. Clicking the feed and trying another scroll.
2026-03-29 23:12:43 | INFO | Results panel looks stuck. Clicking the feed and trying another scroll.
2026-03-29 23:13:11 | INFO | Results panel looks stuck. Clicking the feed and trying another scroll.
2026-03-29 23:13:44 | INFO | Results panel looks stuck. Clicking the feed and trying another scroll.
2026-03-29 23:13:47 | INFO | Results panel looks stuck. Clicking the feed and trying another scroll.
2026-03-29 23:14:14 | INFO | Results panel looks stuck. Clicking the feed and trying another scroll.
2026-03-29 23:14:48 | INFO | Results panel looks stuck. Clicking the feed and trying another scroll.
2026-03-29 23:14:52 | INFO | Results panel looks stuck. Clicking the feed and trying another scroll.
2026-03-29 23:15:17 | INFO | Results panel looks stuck. Clicking the feed and trying another scroll.
2026-03-29 23:15:53 | INFO | Results panel looks stuck. Clicking the feed and trying another scroll.
2026-03-29 23:15:56 | INFO | Results panel looks stuck. Clicking the feed and trying another scroll.
2026-03-29 23:16:20 | INFO | Results panel looks stuck. Clicking the feed and trying another scroll.
2026-03-29 23:16:57 | INFO | Results panel looks stuck. Clicking the feed and trying another scroll.
2026-03-29 23:17:00 | INFO | Results panel looks stuck. Clicking the feed and trying another scroll.
2026-03-29 23:17:22 | INFO | Results panel looks stuck. Clicking the feed and trying another scroll.
2026-03-29 23:18:01 | INFO | Results panel looks stuck. Clicking the feed and trying another scroll.
2026-03-29 23:18:05 | INFO | Results panel looks stuck. Clicking the feed and trying another scroll.
2026-03-29 23:18:25 | INFO | Results panel looks stuck. Clicking the feed and trying another scroll.
2026-03-29 23:19:06 | INFO | Results panel looks stuck. Clicking the feed and trying another scroll.
2026-03-29 23:19:09 | INFO | Results panel looks stuck. Clicking the feed and trying another scroll.
2026-03-29 23:19:27 | INFO | Results panel looks stuck. Clicking the feed and trying another scroll.
2026-03-29 23:20:10 | INFO | Results panel looks stuck. Clicking the feed and trying another scroll.
2026-03-29 23:20:13 | INFO | Results panel looks stuck. Clicking the feed and trying another scroll.
2026-03-29 23:20:30 | INFO | Results panel looks stuck. Clicking the feed and trying another scroll.
2026-03-29 23:21:15 | INFO | Results panel looks stuck. Clicking the feed and trying another scroll.
2026-03-29 23:21:18 | INFO | Results panel looks stuck. Clicking the feed and trying another scroll.
2026-03-29 23:21:34 | INFO | Results panel looks stuck. Clicking the feed and trying another scroll.
2026-03-29 23:22:19 | INFO | Results panel looks stuck. Clicking the feed and trying another scroll.
2026-03-29 23:22:22 | INFO | Results panel looks stuck. Clicking the feed and trying another scroll.
2026-03-29 23:22:36 | INFO | Results panel looks stuck. Clicking the feed and trying another scroll.
2026-03-29 23:23:23 | INFO | Results panel looks stuck. Clicking the feed and trying another scroll.
2026-03-29 23:23:27 | INFO | Results panel looks stuck. Clicking the feed and trying another scroll.
2026-03-29 23:23:39 | INFO | Results panel looks stuck. Clicking the feed and trying another scroll.
2026-03-29 23:24:27 | INFO | Results panel looks stuck. Clicking the feed and trying another scroll.
2026-03-29 23:24:32 | INFO | Results panel looks stuck. Clicking the feed and trying another scroll.
2026-03-29 23:24:41 | INFO | Results panel looks stuck. Clicking the feed and trying another scroll.
2026-03-29 23:25:31 | INFO | Results panel looks stuck. Clicking the feed and trying another scroll.
2026-03-29 23:25:37 | INFO | Results panel looks stuck. Clicking the feed and trying another scroll.
2026-03-29 23:25:43 | INFO | Results panel looks stuck. Clicking the feed and trying another scroll.
2026-03-29 23:26:36 | INFO | Results panel looks stuck. Clicking the feed and trying another scroll.
2026-03-29 23:26:42 | INFO | Results panel looks stuck. Clicking the feed and trying another scroll.
2026-03-29 23:26:45 | INFO | Results panel looks stuck. Clicking the feed and trying another scroll.
2026-03-29 23:27:40 | INFO | Results panel looks stuck. Clicking the feed and trying another scroll.
2026-03-29 23:27:47 | INFO | Results panel looks stuck. Clicking the feed and trying another scroll.
2026-03-29 23:27:48 | INFO | Results panel looks stuck. Clicking the feed and trying another scroll.
2026-03-29 23:28:45 | INFO | Results panel looks stuck. Clicking the feed and trying another scroll.
2026-03-29 23:28:50 | INFO | Results panel looks stuck. Clicking the feed and trying another scroll.
2026-03-29 23:28:51 | INFO | Results panel looks stuck. Clicking the feed and trying another scroll.
2026-03-29 23:29:49 | INFO | Results panel looks stuck. Clicking the feed and trying another scroll.
2026-03-29 23:29:54 | INFO | Results panel looks stuck. Clicking the feed and trying another scroll.
2026-03-29 23:29:54 | INFO | Results panel looks stuck. Clicking the feed and trying another scroll.
2026-03-29 23:30:54 | INFO | Results panel looks stuck. Clicking the feed and trying another scroll.
2026-03-29 23:30:57 | INFO | Results panel looks stuck. Clicking the feed and trying another scroll.
2026-03-29 23:30:59 | INFO | Results panel looks stuck. Clicking the feed and trying another scroll.
2026-03-29 23:31:59 | INFO | Results panel looks stuck. Clicking the feed and trying another scroll.
2026-03-29 23:31:59 | INFO | Results panel looks stuck. Clicking the feed and trying another scroll.
2026-03-29 23:32:03 | INFO | Results panel looks stuck. Clicking the feed and trying another scroll.
2026-03-29 23:33:03 | INFO | Results panel looks stuck. Clicking the feed and trying another scroll.
2026-03-29 23:33:03 | INFO | Results panel looks stuck. Clicking the feed and trying another scroll.
2026-03-29 23:33:07 | INFO | Results panel looks stuck. Clicking the feed and trying another scroll.
2026-03-29 23:34:05 | INFO | Results panel looks stuck. Clicking the feed and trying another scroll.
2026-03-29 23:34:07 | INFO | Results panel looks stuck. Clicking the feed and trying another scroll.
2026-03-29 23:34:11 | INFO | Results panel looks stuck. Clicking the feed and trying another scroll.
2026-03-29 23:35:07 | INFO | Results panel looks stuck. Clicking the feed and trying another scroll.
2026-03-29 23:35:10 | INFO | Results panel looks stuck. Clicking the feed and trying another scroll.
2026-03-29 23:35:15 | INFO | Results panel looks stuck. Clicking the feed and trying another scroll.
2026-03-29 23:36:10 | INFO | Results panel looks stuck. Clicking the feed and trying another scroll.
2026-03-29 23:36:14 | INFO | Results panel looks stuck. Clicking the feed and trying another scroll.
2026-03-29 23:36:19 | INFO | Results panel looks stuck. Clicking the feed and trying another scroll.
2026-03-29 23:37:13 | INFO | Results panel looks stuck. Clicking the feed and trying another scroll.
2026-03-29 23:37:18 | INFO | Results panel looks stuck. Clicking the feed and trying another scroll.
2026-03-29 23:37:24 | INFO | Results panel looks stuck. Clicking the feed and trying another scroll.
2026-03-29 23:38:15 | INFO | Results panel looks stuck. Clicking the feed and trying another scroll.
2026-03-29 23:38:23 | INFO | Results panel looks stuck. Clicking the feed and trying another scroll.
2026-03-29 23:38:28 | INFO | Results panel looks stuck. Clicking the feed and trying another scroll.
2026-03-29 23:39:18 | INFO | Results panel looks stuck. Clicking the feed and trying another scroll.
2026-03-29 23:39:26 | INFO | Results panel looks stuck. Clicking the feed and trying another scroll.
2026-03-29 23:39:32 | INFO | Results panel looks stuck. Clicking the feed and trying another scroll.
2026-03-29 23:40:21 | INFO | Results panel looks stuck. Clicking the feed and trying another scroll.
2026-03-29 23:40:31 | INFO | Results panel looks stuck. Clicking the feed and trying another scroll.
2026-03-29 23:40:37 | INFO | Results panel looks stuck. Clicking the feed and trying another scroll.
2026-03-29 23:41:23 | INFO | Results panel looks stuck. Clicking the feed and trying another scroll.
2026-03-29 23:41:35 | INFO | Results panel looks stuck. Clicking the feed and trying another scroll.
2026-03-29 23:41:41 | INFO | Results panel looks stuck. Clicking the feed and trying another scroll.
2026-03-29 23:42:27 | INFO | Results panel looks stuck. Clicking the feed and trying another scroll.
2026-03-29 23:42:39 | INFO | Results panel looks stuck. Clicking the feed and trying another scroll.
2026-03-29 23:42:45 | INFO | Results panel looks stuck. Clicking the feed and trying another scroll.
2026-03-29 23:43:30 | INFO | Results panel looks stuck. Clicking the feed and trying another scroll.
2026-03-29 23:43:42 | INFO | Results panel looks stuck. Clicking the feed and trying another scroll.
2026-03-29 23:43:49 | INFO | Results panel looks stuck. Clicking the feed and trying another scroll.
2026-03-29 23:44:33 | INFO | Results panel looks stuck. Clicking the feed and trying another scroll.
2026-03-29 23:44:46 | INFO | Results panel looks stuck. Clicking the feed and trying another scroll.
2026-03-29 23:44:53 | INFO | Results panel looks stuck. Clicking the feed and trying another scroll.
2026-03-29 23:45:36 | INFO | Results panel looks stuck. Clicking the feed and trying another scroll.
2026-03-29 23:45:50 | INFO | Results panel looks stuck. Clicking the feed and trying another scroll.
2026-03-29 23:45:57 | INFO | Results panel looks stuck. Clicking the feed and trying another scroll.
2026-03-29 23:46:38 | INFO | Results panel looks stuck. Clicking the feed and trying another scroll.
2026-03-29 23:46:54 | INFO | Results panel looks stuck. Clicking the feed and trying another scroll.
2026-03-29 23:47:02 | INFO | Results panel looks stuck. Clicking the feed and trying another scroll.
2026-03-29 23:47:40 | INFO | Results panel looks stuck. Clicking the feed and trying another scroll.
2026-03-29 23:47:59 | INFO | Results panel looks stuck. Clicking the feed and trying another scroll.
2026-03-29 23:48:07 | INFO | Results panel looks stuck. Clicking the feed and trying another scroll.
2026-03-29 23:48:43 | INFO | Results panel looks stuck. Clicking the feed and trying another scroll.
2026-03-29 23:49:04 | INFO | Results panel looks stuck. Clicking the feed and trying another scroll.
2026-03-29 23:49:11 | INFO | Results panel looks stuck. Clicking the feed and trying another scroll.
2026-03-29 23:49:46 | INFO | Results panel looks stuck. Clicking the feed and trying another scroll.
2026-03-29 23:50:08 | INFO | Results panel looks stuck. Clicking the feed and trying another scroll.
2026-03-29 23:50:14 | INFO | Results panel looks stuck. Clicking the feed and trying another scroll.
2026-03-29 23:50:48 | INFO | Results panel looks stuck. Clicking the feed and trying another scroll.
2026-03-29 23:51:12 | INFO | Results panel looks stuck. Clicking the feed and trying another scroll.
2026-03-29 23:51:19 | INFO | Results panel looks stuck. Clicking the feed and trying another scroll.
2026-03-29 23:51:51 | INFO | Results panel looks stuck. Clicking the feed and trying another scroll.
2026-03-29 23:52:17 | INFO | Results panel looks stuck. Clicking the feed and trying another scroll.
2026-03-29 23:52:23 | INFO | Results panel looks stuck. Clicking the feed and trying another scroll.
2026-03-29 23:52:54 | INFO | Results panel looks stuck. Clicking the feed and trying another scroll.
2026-03-29 23:53:21 | INFO | Results panel looks stuck. Clicking the feed and trying another scroll.
2026-03-29 23:53:28 | INFO | Results panel looks stuck. Clicking the feed and trying another scroll.
2026-03-29 23:53:58 | INFO | Results panel looks stuck. Clicking the feed and trying another scroll.
2026-03-29 23:54:24 | INFO | Results panel looks stuck. Clicking the feed and trying another scroll.
2026-03-29 23:54:33 | INFO | Results panel looks stuck. Clicking the feed and trying another scroll.
2026-03-29 23:55:00 | INFO | Results panel looks stuck. Clicking the feed and trying another scroll.
2026-03-29 23:55:27 | INFO | Results panel looks stuck. Clicking the feed and trying another scroll.
2026-03-29 23:55:38 | INFO | Results panel looks stuck. Clicking the feed and trying another scroll.
2026-03-29 23:56:03 | INFO | Results panel looks stuck. Clicking the feed and trying another scroll.
2026-03-29 23:56:32 | INFO | Results panel looks stuck. Clicking the feed and trying another scroll.
2026-03-29 23:56:42 | INFO | Results panel looks stuck. Clicking the feed and trying another scroll.
2026-03-29 23:57:05 | INFO | Results panel looks stuck. Clicking the feed and trying another scroll.
2026-03-29 23:57:35 | INFO | Results panel looks stuck. Clicking the feed and trying another scroll.
2026-03-29 23:57:46 | INFO | Results panel looks stuck. Clicking the feed and trying another scroll.
2026-03-29 23:58:08 | INFO | Results panel looks stuck. Clicking the feed and trying another scroll.
2026-03-29 23:58:39 | INFO | Results panel looks stuck. Clicking the feed and trying another scroll.
2026-03-29 23:58:50 | INFO | Results panel looks stuck. Clicking the feed and trying another scroll.
2026-03-29 23:59:11 | INFO | Results panel looks stuck. Clicking the feed and trying another scroll.
2026-03-29 23:59:44 | INFO | Results panel looks stuck. Clicking the feed and trying another scroll.
2026-03-29 23:59:54 | INFO | Results panel looks stuck. Clicking the feed and trying another scroll.
2026-03-30 00:00:14 | INFO | Results panel looks stuck. Clicking the feed and trying another scroll.
2026-03-30 00:00:49 | INFO | Results panel looks stuck. Clicking the feed and trying another scroll.
2026-03-30 00:01:00 | INFO | Results panel looks stuck. Clicking the feed and trying another scroll.
2026-03-30 00:01:17 | INFO | Results panel looks stuck. Clicking the feed and trying another scroll.
2026-03-30 00:01:54 | INFO | Results panel looks stuck. Clicking the feed and trying another scroll.
2026-03-30 00:02:05 | INFO | Results panel looks stuck. Clicking the feed and trying another scroll.
2026-03-30 00:02:19 | INFO | Results panel looks stuck. Clicking the feed and trying another scroll.
2026-03-30 00:02:59 | INFO | Results panel looks stuck. Clicking the feed and trying another scroll.
2026-03-30 00:03:09 | INFO | Results panel looks stuck. Clicking the feed and trying another scroll.
2026-03-30 00:03:21 | INFO | Results panel looks stuck. Clicking the feed and trying another scroll.
2026-03-30 00:04:04 | INFO | Results panel looks stuck. Clicking the feed and trying another scroll.
2026-03-30 00:04:14 | INFO | Results panel looks stuck. Clicking the feed and trying another scroll.
2026-03-30 00:04:24 | INFO | Results panel looks stuck. Clicking the feed and trying another scroll.
2026-03-30 00:05:08 | INFO | Results panel looks stuck. Clicking the feed and trying another scroll.
2026-03-30 00:05:17 | INFO | Results panel looks stuck. Clicking the feed and trying another scroll.
2026-03-30 00:05:27 | INFO | Results panel looks stuck. Clicking the feed and trying another scroll.
2026-03-30 00:06:13 | INFO | Results panel looks stuck. Clicking the feed and trying another scroll.
2026-03-30 00:06:21 | INFO | Results panel looks stuck. Clicking the feed and trying another scroll.
2026-03-30 00:06:30 | INFO | Results panel looks stuck. Clicking the feed and trying another scroll.
2026-03-30 00:07:17 | INFO | Results panel looks stuck. Clicking the feed and trying another scroll.
2026-03-30 00:07:26 | INFO | Results panel looks stuck. Clicking the feed and trying another scroll.
2026-03-30 00:07:32 | INFO | Results panel looks stuck. Clicking the feed and trying another scroll.
2026-03-30 00:08:22 | INFO | Results panel looks stuck. Clicking the feed and trying another scroll.
2026-03-30 00:08:31 | INFO | Results panel looks stuck. Clicking the feed and trying another scroll.
2026-03-30 00:08:34 | INFO | Results panel looks stuck. Clicking the feed and trying another scroll.
2026-03-30 00:09:26 | INFO | Results panel looks stuck. Clicking the feed and trying another scroll.
2026-03-30 00:09:35 | INFO | Results panel looks stuck. Clicking the feed and trying another scroll.
2026-03-30 00:09:37 | INFO | Results panel looks stuck. Clicking the feed and trying another scroll.
2026-03-30 00:10:30 | INFO | Results panel looks stuck. Clicking the feed and trying another scroll.
2026-03-30 00:10:40 | INFO | Results panel looks stuck. Clicking the feed and trying another scroll.
2026-03-30 00:10:40 | INFO | Results panel looks stuck. Clicking the feed and trying another scroll.
2026-03-30 00:11:34 | INFO | Results panel looks stuck. Clicking the feed and trying another scroll.
2026-03-30 00:11:44 | INFO | Results panel looks stuck. Clicking the feed and trying another scroll.
2026-03-30 00:11:44 | INFO | Results panel looks stuck. Clicking the feed and trying another scroll.
2026-03-30 00:12:37 | INFO | Results panel looks stuck. Clicking the feed and trying another scroll.
2026-03-30 00:12:46 | INFO | Results panel looks stuck. Clicking the feed and trying another scroll.
2026-03-30 00:12:49 | INFO | Results panel looks stuck. Clicking the feed and trying another scroll.
2026-03-30 00:13:41 | INFO | Results panel looks stuck. Clicking the feed and trying another scroll.
2026-03-30 00:13:49 | INFO | Results panel looks stuck. Clicking the feed and trying another scroll.
2026-03-30 00:13:53 | INFO | Results panel looks stuck. Clicking the feed and trying another scroll.
2026-03-30 00:14:45 | INFO | Results panel looks stuck. Clicking the feed and trying another scroll.
2026-03-30 00:14:53 | INFO | Results panel looks stuck. Clicking the feed and trying another scroll.
2026-03-30 00:14:57 | INFO | Results panel looks stuck. Clicking the feed and trying another scroll.
2026-03-30 00:15:49 | INFO | Results panel looks stuck. Clicking the feed and trying another scroll.
2026-03-30 00:15:55 | INFO | Results panel looks stuck. Clicking the feed and trying another scroll.
2026-03-30 00:16:01 | INFO | Results panel looks stuck. Clicking the feed and trying another scroll.
2026-03-30 00:16:54 | INFO | Results panel looks stuck. Clicking the feed and trying another scroll.
2026-03-30 00:16:57 | INFO | Results panel looks stuck. Clicking the feed and trying another scroll.
2026-03-30 00:17:06 | INFO | Results panel looks stuck. Clicking the feed and trying another scroll.
2026-03-30 00:17:58 | INFO | Results panel looks stuck. Clicking the feed and trying another scroll.
2026-03-30 00:18:00 | INFO | Results panel looks stuck. Clicking the feed and trying another scroll.
2026-03-30 00:18:10 | INFO | Results panel looks stuck. Clicking the feed and trying another scroll.
2026-03-30 00:19:02 | INFO | Results panel looks stuck. Clicking the feed and trying another scroll.
2026-03-30 00:19:03 | INFO | Results panel looks stuck. Clicking the feed and trying another scroll.
2026-03-30 00:19:15 | INFO | Results panel looks stuck. Clicking the feed and trying another scroll.
2026-03-30 00:20:06 | INFO | Results panel looks stuck. Clicking the feed and trying another scroll.
2026-03-30 00:20:07 | INFO | Results panel looks stuck. Clicking the feed and trying another scroll.
2026-03-30 00:20:19 | INFO | Results panel looks stuck. Clicking the feed and trying another scroll.
2026-03-30 00:21:09 | INFO | Results panel looks stuck. Clicking the feed and trying another scroll.
2026-03-30 00:21:11 | INFO | Results panel looks stuck. Clicking the feed and trying another scroll.
2026-03-30 00:21:23 | INFO | Results panel looks stuck. Clicking the feed and trying another scroll.
2026-03-30 00:22:11 | INFO | Results panel looks stuck. Clicking the feed and trying another scroll.
2026-03-30 00:22:15 | INFO | Results panel looks stuck. Clicking the feed and trying another scroll.
2026-03-30 00:22:27 | INFO | Results panel looks stuck. Clicking the feed and trying another scroll.
2026-03-30 00:23:14 | INFO | Results panel looks stuck. Clicking the feed and trying another scroll.
2026-03-30 00:23:20 | INFO | Results panel looks stuck. Clicking the feed and trying another scroll.
2026-03-30 00:23:33 | INFO | Results panel looks stuck. Clicking the feed and trying another scroll.
2026-03-30 00:24:17 | INFO | Results panel looks stuck. Clicking the feed and trying another scroll.
2026-03-30 00:24:23 | INFO | Results panel looks stuck. Clicking the feed and trying another scroll.
2026-03-30 00:24:36 | INFO | Results panel looks stuck. Clicking the feed and trying another scroll.
2026-03-30 00:25:19 | INFO | Results panel looks stuck. Clicking the feed and trying another scroll.
2026-03-30 00:25:28 | INFO | Results panel looks stuck. Clicking the feed and trying another scroll.
2026-03-30 00:25:40 | INFO | Results panel looks stuck. Clicking the feed and trying another scroll.
2026-03-30 00:26:21 | INFO | Results panel looks stuck. Clicking the feed and trying another scroll.
2026-03-30 00:26:33 | INFO | Results panel looks stuck. Clicking the feed and trying another scroll.
2026-03-30 00:26:44 | INFO | Results panel looks stuck. Clicking the feed and trying another scroll.
2026-03-30 00:27:24 | INFO | Results panel looks stuck. Clicking the feed and trying another scroll.
2026-03-30 00:27:37 | INFO | Results panel looks stuck. Clicking the feed and trying another scroll.
2026-03-30 00:27:48 | INFO | Results panel looks stuck. Clicking the feed and trying another scroll.
2026-03-30 00:28:26 | INFO | Results panel looks stuck. Clicking the feed and trying another scroll.
2026-03-30 00:28:41 | INFO | Results panel looks stuck. Clicking the feed and trying another scroll.
2026-03-30 00:28:52 | INFO | Results panel looks stuck. Clicking the feed and trying another scroll.
2026-03-30 00:29:29 | INFO | Results panel looks stuck. Clicking the feed and trying another scroll.
2026-03-30 00:29:46 | INFO | Results panel looks stuck. Clicking the feed and trying another scroll.
2026-03-30 00:29:57 | INFO | Results panel looks stuck. Clicking the feed and trying another scroll.
2026-03-30 00:30:33 | INFO | Results panel looks stuck. Clicking the feed and trying another scroll.
2026-03-30 00:30:50 | INFO | Results panel looks stuck. Clicking the feed and trying another scroll.
2026-03-30 00:31:01 | INFO | Results panel looks stuck. Clicking the feed and trying another scroll.
2026-03-30 00:31:36 | INFO | Results panel looks stuck. Clicking the feed and trying another scroll.
2026-03-30 00:31:53 | INFO | Results panel looks stuck. Clicking the feed and trying another scroll.
2026-03-30 00:32:05 | INFO | Results panel looks stuck. Clicking the feed and trying another scroll.
2026-03-30 00:32:39 | INFO | Results panel looks stuck. Clicking the feed and trying another scroll.
2026-03-30 00:32:58 | INFO | Results panel looks stuck. Clicking the feed and trying another scroll.
2026-03-30 00:33:09 | INFO | Results panel looks stuck. Clicking the feed and trying another scroll.
2026-03-30 00:33:42 | INFO | Results panel looks stuck. Clicking the feed and trying another scroll.
2026-03-30 00:34:02 | INFO | Results panel looks stuck. Clicking the feed and trying another scroll.
2026-03-30 00:34:13 | INFO | Results panel looks stuck. Clicking the feed and trying another scroll.
2026-03-30 00:34:44 | INFO | Results panel looks stuck. Clicking the feed and trying another scroll.
2026-03-30 00:35:07 | INFO | Results panel looks stuck. Clicking the feed and trying another scroll.
2026-03-30 00:35:17 | INFO | Results panel looks stuck. Clicking the feed and trying another scroll.
2026-03-30 00:35:47 | INFO | Results panel looks stuck. Clicking the feed and trying another scroll.
2026-03-30 00:36:11 | INFO | Results panel looks stuck. Clicking the feed and trying another scroll.
2026-03-30 00:36:21 | INFO | Results panel looks stuck. Clicking the feed and trying another scroll.
2026-03-30 00:36:50 | INFO | Results panel looks stuck. Clicking the feed and trying another scroll.
2026-03-30 00:37:15 | INFO | Results panel looks stuck. Clicking the feed and trying another scroll.
2026-03-30 00:37:25 | INFO | Results panel looks stuck. Clicking the feed and trying another scroll.
2026-03-30 00:37:53 | INFO | Results panel looks stuck. Clicking the feed and trying another scroll.
2026-03-30 00:38:18 | INFO | Results panel looks stuck. Clicking the feed and trying another scroll.
2026-03-30 00:38:29 | INFO | Results panel looks stuck. Clicking the feed and trying another scroll.
2026-03-30 00:38:56 | INFO | Results panel looks stuck. Clicking the feed and trying another scroll.
2026-03-30 00:39:22 | INFO | Results panel looks stuck. Clicking the feed and trying another scroll.
2026-03-30 00:39:33 | INFO | Results panel looks stuck. Clicking the feed and trying another scroll.
2026-03-30 00:39:59 | INFO | Results panel looks stuck. Clicking the feed and trying another scroll.
2026-03-30 00:40:27 | INFO | Results panel looks stuck. Clicking the feed and trying another scroll.
2026-03-30 00:40:37 | INFO | Results panel looks stuck. Clicking the feed and trying another scroll.
2026-03-30 00:41:01 | INFO | Results panel looks stuck. Clicking the feed and trying another scroll.
2026-03-30 00:41:31 | INFO | Results panel looks stuck. Clicking the feed and trying another scroll.
2026-03-30 00:41:40 | INFO | Results panel looks stuck. Clicking the feed and trying another scroll.
2026-03-30 00:42:04 | INFO | Results panel looks stuck. Clicking the feed and trying another scroll.
2026-03-30 00:42:34 | INFO | Results panel looks stuck. Clicking the feed and trying another scroll.
2026-03-30 00:42:44 | INFO | Results panel looks stuck. Clicking the feed and trying another scroll.
2026-03-30 00:43:07 | INFO | Results panel looks stuck. Clicking the feed and trying another scroll.
2026-03-30 00:43:39 | INFO | Results panel looks stuck. Clicking the feed and trying another scroll.
2026-03-30 00:43:48 | INFO | Results panel looks stuck. Clicking the feed and trying another scroll.
2026-03-30 00:44:10 | INFO | Results panel looks stuck. Clicking the feed and trying another scroll.
2026-03-30 00:44:42 | INFO | Results panel looks stuck. Clicking the feed and trying another scroll.
2026-03-30 00:44:53 | INFO | Results panel looks stuck. Clicking the feed and trying another scroll.
2026-03-30 00:45:12 | INFO | Results panel looks stuck. Clicking the feed and trying another scroll.
2026-03-30 00:45:47 | INFO | Results panel looks stuck. Clicking the feed and trying another scroll.
2026-03-30 00:45:58 | INFO | Results panel looks stuck. Clicking the feed and trying another scroll.
2026-03-30 00:46:15 | INFO | Results panel looks stuck. Clicking the feed and trying another scroll.
2026-03-30 00:46:52 | INFO | Results panel looks stuck. Clicking the feed and trying another scroll.
2026-03-30 00:47:02 | INFO | Results panel looks stuck. Clicking the feed and trying another scroll.
2026-03-30 00:47:18 | INFO | Results panel looks stuck. Clicking the feed and trying another scroll.
2026-03-30 00:47:56 | INFO | Results panel looks stuck. Clicking the feed and trying another scroll.
2026-03-30 00:48:06 | INFO | Results panel looks stuck. Clicking the feed and trying another scroll.
2026-03-30 00:48:21 | INFO | Results panel looks stuck. Clicking the feed and trying another scroll.
2026-03-30 00:49:00 | INFO | Results panel looks stuck. Clicking the feed and trying another scroll.
2026-03-30 00:49:10 | INFO | Results panel looks stuck. Clicking the feed and trying another scroll.
2026-03-30 00:49:24 | INFO | Results panel looks stuck. Clicking the feed and trying another scroll.
2026-03-30 00:50:04 | INFO | Results panel looks stuck. Clicking the feed and trying another scroll.
2026-03-30 00:50:14 | INFO | Results panel looks stuck. Clicking the feed and trying another scroll.
2026-03-30 00:50:27 | INFO | Results panel looks stuck. Clicking the feed and trying another scroll.
2026-03-30 00:51:08 | INFO | Results panel looks stuck. Clicking the feed and trying another scroll.
2026-03-30 00:51:19 | INFO | Results panel looks stuck. Clicking the feed and trying another scroll.
2026-03-30 00:51:29 | INFO | Results panel looks stuck. Clicking the feed and trying another scroll.
2026-03-30 00:52:12 | INFO | Results panel looks stuck. Clicking the feed and trying another scroll.
2026-03-30 00:52:22 | INFO | Results panel looks stuck. Clicking the feed and trying another scroll.
2026-03-30 00:52:31 | INFO | Results panel looks stuck. Clicking the feed and trying another scroll.
2026-03-30 00:53:16 | INFO | Results panel looks stuck. Clicking the feed and trying another scroll.
2026-03-30 00:53:26 | INFO | Results panel looks stuck. Clicking the feed and trying another scroll.
2026-03-30 00:53:35 | INFO | Results panel looks stuck. Clicking the feed and trying another scroll.
2026-03-30 00:54:21 | INFO | Results panel looks stuck. Clicking the feed and trying another scroll.
2026-03-30 00:54:30 | INFO | Results panel looks stuck. Clicking the feed and trying another scroll.
2026-03-30 00:54:37 | INFO | Results panel looks stuck. Clicking the feed and trying another scroll.
2026-03-30 00:55:26 | INFO | Results panel looks stuck. Clicking the feed and trying another scroll.
2026-03-30 00:55:34 | INFO | Results panel looks stuck. Clicking the feed and trying another scroll.
2026-03-30 00:55:40 | INFO | Results panel looks stuck. Clicking the feed and trying another scroll.
2026-03-30 00:56:31 | INFO | Results panel looks stuck. Clicking the feed and trying another scroll.
2026-03-30 00:56:39 | INFO | Results panel looks stuck. Clicking the feed and trying another scroll.
2026-03-30 00:56:43 | INFO | Results panel looks stuck. Clicking the feed and trying another scroll.
2026-03-30 00:57:35 | INFO | Results panel looks stuck. Clicking the feed and trying another scroll.
2026-03-30 00:57:43 | INFO | Results panel looks stuck. Clicking the feed and trying another scroll.
2026-03-30 00:57:45 | INFO | Results panel looks stuck. Clicking the feed and trying another scroll.
2026-03-30 00:58:41 | INFO | Results panel looks stuck. Clicking the feed and trying another scroll.
2026-03-30 00:58:48 | INFO | Results panel looks stuck. Clicking the feed and trying another scroll.
2026-03-30 00:58:48 | INFO | Results panel looks stuck. Clicking the feed and trying another scroll.
2026-03-30 00:59:45 | INFO | Results panel looks stuck. Clicking the feed and trying another scroll.
2026-03-30 00:59:51 | INFO | Results panel looks stuck. Clicking the feed and trying another scroll.
2026-03-30 00:59:52 | INFO | Results panel looks stuck. Clicking the feed and trying another scroll.
2026-03-30 01:00:48 | INFO | Results panel looks stuck. Clicking the feed and trying another scroll.
2026-03-30 01:00:54 | INFO | Results panel looks stuck. Clicking the feed and trying another scroll.
2026-03-30 01:00:56 | INFO | Results panel looks stuck. Clicking the feed and trying another scroll.
2026-03-30 01:01:53 | INFO | Results panel looks stuck. Clicking the feed and trying another scroll.
2026-03-30 01:01:57 | INFO | Results panel looks stuck. Clicking the feed and trying another scroll.
2026-03-30 01:02:00 | INFO | Results panel looks stuck. Clicking the feed and trying another scroll.
2026-03-30 01:02:58 | INFO | Results panel looks stuck. Clicking the feed and trying another scroll.
2026-03-30 01:03:00 | INFO | Results panel looks stuck. Clicking the feed and trying another scroll.
2026-03-30 01:03:05 | INFO | Results panel looks stuck. Clicking the feed and trying another scroll.
2026-03-30 01:04:02 | INFO | Results panel looks stuck. Clicking the feed and trying another scroll.
2026-03-30 01:04:03 | INFO | Results panel looks stuck. Clicking the feed and trying another scroll.
2026-03-30 01:04:09 | INFO | Results panel looks stuck. Clicking the feed and trying another scroll.
2026-03-30 01:05:06 | INFO | Results panel looks stuck. Clicking the feed and trying another scroll.
2026-03-30 01:05:07 | INFO | Results panel looks stuck. Clicking the feed and trying another scroll.
2026-03-30 01:05:13 | INFO | Results panel looks stuck. Clicking the feed and trying another scroll.
2026-03-30 01:06:10 | INFO | Results panel looks stuck. Clicking the feed and trying another scroll.
2026-03-30 01:06:10 | INFO | Results panel looks stuck. Clicking the feed and trying another scroll.
2026-03-30 01:06:16 | INFO | Results panel looks stuck. Clicking the feed and trying another scroll.
2026-03-30 01:07:13 | INFO | Results panel looks stuck. Clicking the feed and trying another scroll.
2026-03-30 01:07:14 | INFO | Results panel looks stuck. Clicking the feed and trying another scroll.
2026-03-30 01:07:21 | INFO | Results panel looks stuck. Clicking the feed and trying another scroll.
2026-03-30 01:08:15 | INFO | Results panel looks stuck. Clicking the feed and trying another scroll.
2026-03-30 01:08:18 | INFO | Results panel looks stuck. Clicking the feed and trying another scroll.
2026-03-30 01:08:26 | INFO | Results panel looks stuck. Clicking the feed and trying another scroll.
2026-03-30 01:09:18 | INFO | Results panel looks stuck. Clicking the feed and trying another scroll.
2026-03-30 01:09:22 | INFO | Results panel looks stuck. Clicking the feed and trying another scroll.
2026-03-30 01:09:29 | INFO | Results panel looks stuck. Clicking the feed and trying another scroll.
2026-03-30 01:10:20 | INFO | Results panel looks stuck. Clicking the feed and trying another scroll.
2026-03-30 01:10:25 | INFO | Results panel looks stuck. Clicking the feed and trying another scroll.
2026-03-30 01:10:33 | INFO | Results panel looks stuck. Clicking the feed and trying another scroll.
2026-03-30 01:11:23 | INFO | Results panel looks stuck. Clicking the feed and trying another scroll.
2026-03-30 01:11:29 | INFO | Results panel looks stuck. Clicking the feed and trying another scroll.
2026-03-30 01:11:37 | INFO | Results panel looks stuck. Clicking the feed and trying another scroll.
2026-03-30 01:12:27 | INFO | Results panel looks stuck. Clicking the feed and trying another scroll.
2026-03-30 01:12:34 | INFO | Results panel looks stuck. Clicking the feed and trying another scroll.
2026-03-30 01:12:41 | INFO | Results panel looks stuck. Clicking the feed and trying another scroll.
2026-03-30 01:13:30 | INFO | Results panel looks stuck. Clicking the feed and trying another scroll.
2026-03-30 01:13:38 | INFO | Results panel looks stuck. Clicking the feed and trying another scroll.
2026-03-30 01:13:45 | INFO | Results panel looks stuck. Clicking the feed and trying another scroll.
2026-03-30 01:14:32 | INFO | Results panel looks stuck. Clicking the feed and trying another scroll.
2026-03-30 01:14:42 | INFO | Results panel looks stuck. Clicking the feed and trying another scroll.
2026-03-30 01:14:49 | INFO | Results panel looks stuck. Clicking the feed and trying another scroll.
2026-03-30 01:15:35 | INFO | Results panel looks stuck. Clicking the feed and trying another scroll.
2026-03-30 01:15:46 | INFO | Results panel looks stuck. Clicking the feed and trying another scroll.
2026-03-30 01:15:54 | INFO | Results panel looks stuck. Clicking the feed and trying another scroll.
2026-03-30 01:16:38 | INFO | Results panel looks stuck. Clicking the feed and trying another scroll.
2026-03-30 01:16:50 | INFO | Results panel looks stuck. Clicking the feed and trying another scroll.
2026-03-30 01:16:58 | INFO | Results panel looks stuck. Clicking the feed and trying another scroll.
2026-03-30 01:17:41 | INFO | Results panel looks stuck. Clicking the feed and trying another scroll.
2026-03-30 01:17:55 | INFO | Results panel looks stuck. Clicking the feed and trying another scroll.
2026-03-30 01:18:02 | INFO | Results panel looks stuck. Clicking the feed and trying another scroll.
2026-03-30 01:18:44 | INFO | Results panel looks stuck. Clicking the feed and trying another scroll.
2026-03-30 01:18:59 | INFO | Results panel looks stuck. Clicking the feed and trying another scroll.
2026-03-30 01:19:07 | INFO | Results panel looks stuck. Clicking the feed and trying another scroll.
2026-03-30 01:19:48 | INFO | Results panel looks stuck. Clicking the feed and trying another scroll.
2026-03-30 01:20:03 | INFO | Results panel looks stuck. Clicking the feed and trying another scroll.
2026-03-30 01:20:11 | INFO | Results panel looks stuck. Clicking the feed and trying another scroll.
2026-03-30 01:20:51 | INFO | Results panel looks stuck. Clicking the feed and trying another scroll.
2026-03-30 01:21:07 | INFO | Results panel looks stuck. Clicking the feed and trying another scroll.
2026-03-30 01:21:15 | INFO | Results panel looks stuck. Clicking the feed and trying another scroll.
2026-03-30 01:21:54 | INFO | Results panel looks stuck. Clicking the feed and trying another scroll.
2026-03-30 01:22:12 | INFO | Results panel looks stuck. Clicking the feed and trying another scroll.
2026-03-30 01:22:19 | INFO | Results panel looks stuck. Clicking the feed and trying another scroll.
2026-03-30 01:22:56 | INFO | Results panel looks stuck. Clicking the feed and trying another scroll.
2026-03-30 01:23:17 | INFO | Results panel looks stuck. Clicking the feed and trying another scroll.
2026-03-30 01:23:23 | INFO | Results panel looks stuck. Clicking the feed and trying another scroll.
2026-03-30 01:23:59 | INFO | Results panel looks stuck. Clicking the feed and trying another scroll.
2026-03-30 01:24:21 | INFO | Results panel looks stuck. Clicking the feed and trying another scroll.
2026-03-30 01:24:27 | INFO | Results panel looks stuck. Clicking the feed and trying another scroll.
2026-03-30 01:25:02 | INFO | Results panel looks stuck. Clicking the feed and trying another scroll.
2026-03-30 01:25:25 | INFO | Results panel looks stuck. Clicking the feed and trying another scroll.
2026-03-30 01:25:31 | INFO | Results panel looks stuck. Clicking the feed and trying another scroll.
2026-03-30 01:26:05 | INFO | Results panel looks stuck. Clicking the feed and trying another scroll.
2026-03-30 01:26:30 | INFO | Results panel looks stuck. Clicking the feed and trying another scroll.
2026-03-30 01:26:36 | INFO | Results panel looks stuck. Clicking the feed and trying another scroll.
2026-03-30 01:27:08 | INFO | Results panel looks stuck. Clicking the feed and trying another scroll.
2026-03-30 01:27:34 | INFO | Results panel looks stuck. Clicking the feed and trying another scroll.
2026-03-30 01:27:40 | INFO | Results panel looks stuck. Clicking the feed and trying another scroll.
2026-03-30 01:28:10 | INFO | Results panel looks stuck. Clicking the feed and trying another scroll.
2026-03-30 01:28:38 | INFO | Results panel looks stuck. Clicking the feed and trying another scroll.
2026-03-30 01:28:44 | INFO | Results panel looks stuck. Clicking the feed and trying another scroll.
2026-03-30 01:29:13 | INFO | Results panel looks stuck. Clicking the feed and trying another scroll.
2026-03-30 01:29:43 | INFO | Results panel looks stuck. Clicking the feed and trying another scroll.
2026-03-30 01:29:48 | INFO | Results panel looks stuck. Clicking the feed and trying another scroll.
2026-03-30 01:30:16 | INFO | Results panel looks stuck. Clicking the feed and trying another scroll.
2026-03-30 01:30:47 | INFO | Results panel looks stuck. Clicking the feed and trying another scroll.
2026-03-30 01:30:52 | INFO | Results panel looks stuck. Clicking the feed and trying another scroll.
2026-03-30 01:31:18 | INFO | Results panel looks stuck. Clicking the feed and trying another scroll.
2026-03-30 01:31:51 | INFO | Results panel looks stuck. Clicking the feed and trying another scroll.
2026-03-30 01:31:56 | INFO | Results panel looks stuck. Clicking the feed and trying another scroll.
2026-03-30 01:32:21 | INFO | Results panel looks stuck. Clicking the feed and trying another scroll.
2026-03-30 01:32:55 | INFO | Results panel looks stuck. Clicking the feed and trying another scroll.
2026-03-30 01:33:00 | INFO | Results panel looks stuck. Clicking the feed and trying another scroll.
2026-03-30 01:33:23 | INFO | Results panel looks stuck. Clicking the feed and trying another scroll.
2026-03-30 01:34:00 | INFO | Results panel looks stuck. Clicking the feed and trying another scroll.
2026-03-30 01:34:04 | INFO | Results panel looks stuck. Clicking the feed and trying another scroll.
2026-03-30 01:34:27 | INFO | Results panel looks stuck. Clicking the feed and trying another scroll.
2026-03-30 01:35:04 | INFO | Results panel looks stuck. Clicking the feed and trying another scroll.
2026-03-30 01:35:09 | INFO | Results panel looks stuck. Clicking the feed and trying another scroll.
2026-03-30 01:35:29 | INFO | Results panel looks stuck. Clicking the feed and trying another scroll.
2026-03-30 01:36:09 | INFO | Results panel looks stuck. Clicking the feed and trying another scroll.
2026-03-30 01:36:13 | INFO | Results panel looks stuck. Clicking the feed and trying another scroll.
2026-03-30 01:36:32 | INFO | Results panel looks stuck. Clicking the feed and trying another scroll.
2026-03-30 01:37:14 | INFO | Results panel looks stuck. Clicking the feed and trying another scroll.
2026-03-30 01:37:16 | INFO | Results panel looks stuck. Clicking the feed and trying another scroll.
2026-03-30 01:37:35 | INFO | Results panel looks stuck. Clicking the feed and trying another scroll.
2026-03-30 01:38:18 | INFO | Results panel looks stuck. Clicking the feed and trying another scroll.
2026-03-30 01:38:21 | INFO | Results panel looks stuck. Clicking the feed and trying another scroll.
2026-03-30 01:38:38 | INFO | Results panel looks stuck. Clicking the feed and trying another scroll.
2026-03-30 01:39:22 | INFO | Results panel looks stuck. Clicking the feed and trying another scroll.
2026-03-30 01:39:24 | INFO | Results panel looks stuck. Clicking the feed and trying another scroll.
2026-03-30 01:39:41 | INFO | Results panel looks stuck. Clicking the feed and trying another scroll.
2026-03-30 01:40:25 | INFO | Results panel looks stuck. Clicking the feed and trying another scroll.
2026-03-30 01:40:29 | INFO | Results panel looks stuck. Clicking the feed and trying another scroll.
2026-03-30 01:40:44 | INFO | Results panel looks stuck. Clicking the feed and trying another scroll.
2026-03-30 01:41:30 | INFO | Results panel looks stuck. Clicking the feed and trying another scroll.
2026-03-30 01:41:33 | INFO | Results panel looks stuck. Clicking the feed and trying another scroll.
2026-03-30 01:41:46 | INFO | Results panel looks stuck. Clicking the feed and trying another scroll.
2026-03-30 01:42:35 | INFO | Results panel looks stuck. Clicking the feed and trying another scroll.
2026-03-30 01:42:38 | INFO | Results panel looks stuck. Clicking the feed and trying another scroll.
2026-03-30 01:42:49 | INFO | Results panel looks stuck. Clicking the feed and trying another scroll.
2026-03-30 01:43:39 | INFO | Results panel looks stuck. Clicking the feed and trying another scroll.
2026-03-30 01:43:41 | INFO | Results panel looks stuck. Clicking the feed and trying another scroll.
2026-03-30 01:43:52 | INFO | Results panel looks stuck. Clicking the feed and trying another scroll.
2026-03-30 01:44:44 | INFO | Results panel looks stuck. Clicking the feed and trying another scroll.
2026-03-30 01:44:46 | INFO | Results panel looks stuck. Clicking the feed and trying another scroll.
2026-03-30 01:44:54 | INFO | Results panel looks stuck. Clicking the feed and trying another scroll.
2026-03-30 01:45:48 | INFO | Results panel looks stuck. Clicking the feed and trying another scroll.
2026-03-30 01:45:50 | INFO | Results panel looks stuck. Clicking the feed and trying another scroll.
2026-03-30 01:45:58 | INFO | Results panel looks stuck. Clicking the feed and trying another scroll.
2026-03-30 01:46:53 | INFO | Results panel looks stuck. Clicking the feed and trying another scroll.
2026-03-30 01:46:55 | INFO | Results panel looks stuck. Clicking the feed and trying another scroll.
2026-03-30 01:47:01 | INFO | Results panel looks stuck. Clicking the feed and trying another scroll.
2026-03-30 01:47:57 | INFO | Results panel looks stuck. Clicking the feed and trying another scroll.
2026-03-30 01:48:00 | INFO | Results panel looks stuck. Clicking the feed and trying another scroll.
2026-03-30 01:48:05 | INFO | Results panel looks stuck. Clicking the feed and trying another scroll.
2026-03-30 01:49:02 | INFO | Results panel looks stuck. Clicking the feed and trying another scroll.
2026-03-30 01:49:05 | INFO | Results panel looks stuck. Clicking the feed and trying another scroll.
2026-03-30 01:49:08 | INFO | Results panel looks stuck. Clicking the feed and trying another scroll.
2026-03-30 01:50:06 | INFO | Results panel looks stuck. Clicking the feed and trying another scroll.
2026-03-30 01:50:10 | INFO | Results panel looks stuck. Clicking the feed and trying another scroll.
2026-03-30 01:50:11 | INFO | Results panel looks stuck. Clicking the feed and trying another scroll.
2026-03-30 01:51:10 | INFO | Results panel looks stuck. Clicking the feed and trying another scroll.
2026-03-30 01:51:14 | INFO | Results panel looks stuck. Clicking the feed and trying another scroll.
2026-03-30 01:51:15 | INFO | Results panel looks stuck. Clicking the feed and trying another scroll.
2026-03-30 01:52:14 | INFO | Results panel looks stuck. Clicking the feed and trying another scroll.
2026-03-30 01:52:16 | INFO | Results panel looks stuck. Clicking the feed and trying another scroll.
2026-03-30 01:52:18 | INFO | Results panel looks stuck. Clicking the feed and trying another scroll.
2026-03-30 01:53:19 | INFO | Results panel looks stuck. Clicking the feed and trying another scroll.
2026-03-30 01:53:19 | INFO | Results panel looks stuck. Clicking the feed and trying another scroll.
2026-03-30 01:53:23 | INFO | Results panel looks stuck. Clicking the feed and trying another scroll.
2026-03-30 01:54:22 | INFO | Results panel looks stuck. Clicking the feed and trying another scroll.
2026-03-30 01:54:23 | INFO | Results panel looks stuck. Clicking the feed and trying another scroll.
2026-03-30 01:54:27 | INFO | Results panel looks stuck. Clicking the feed and trying another scroll.
2026-03-30 01:55:25 | INFO | Results panel looks stuck. Clicking the feed and trying another scroll.
2026-03-30 01:55:26 | INFO | Results panel looks stuck. Clicking the feed and trying another scroll.
2026-03-30 01:55:31 | INFO | Results panel looks stuck. Clicking the feed and trying another scroll.
2026-03-30 01:56:28 | INFO | Results panel looks stuck. Clicking the feed and trying another scroll.
2026-03-30 01:56:29 | INFO | Results panel looks stuck. Clicking the feed and trying another scroll.
2026-03-30 01:56:36 | INFO | Results panel looks stuck. Clicking the feed and trying another scroll.
2026-03-30 01:57:31 | INFO | Results panel looks stuck. Clicking the feed and trying another scroll.
2026-03-30 01:57:34 | INFO | Results panel looks stuck. Clicking the feed and trying another scroll.
2026-03-30 01:57:41 | INFO | Results panel looks stuck. Clicking the feed and trying another scroll.
2026-03-30 01:58:34 | INFO | Results panel looks stuck. Clicking the feed and trying another scroll.
2026-03-30 01:58:38 | INFO | Results panel looks stuck. Clicking the feed and trying another scroll.
2026-03-30 01:58:45 | INFO | Results panel looks stuck. Clicking the feed and trying another scroll.
2026-03-30 01:59:36 | INFO | Results panel looks stuck. Clicking the feed and trying another scroll.
2026-03-30 01:59:42 | INFO | Results panel looks stuck. Clicking the feed and trying another scroll.
2026-03-30 01:59:49 | INFO | Results panel looks stuck. Clicking the feed and trying another scroll.
2026-03-30 02:00:39 | INFO | Results panel looks stuck. Clicking the feed and trying another scroll.
2026-03-30 02:00:46 | INFO | Results panel looks stuck. Clicking the feed and trying another scroll.
2026-03-30 02:00:54 | INFO | Results panel looks stuck. Clicking the feed and trying another scroll.
2026-03-30 02:01:41 | INFO | Results panel looks stuck. Clicking the feed and trying another scroll.
2026-03-30 02:01:50 | INFO | Results panel looks stuck. Clicking the feed and trying another scroll.
2026-03-30 02:01:58 | INFO | Results panel looks stuck. Clicking the feed and trying another scroll.
2026-03-30 02:02:45 | INFO | Results panel looks stuck. Clicking the feed and trying another scroll.
2026-03-30 02:02:54 | INFO | Results panel looks stuck. Clicking the feed and trying another scroll.
2026-03-30 02:03:03 | INFO | Results panel looks stuck. Clicking the feed and trying another scroll.
2026-03-30 02:03:48 | INFO | Results panel looks stuck. Clicking the feed and trying another scroll.
2026-03-30 02:03:59 | INFO | Results panel looks stuck. Clicking the feed and trying another scroll.
2026-03-30 02:04:06 | INFO | Results panel looks stuck. Clicking the feed and trying another scroll.
2026-03-30 02:04:51 | INFO | Results panel looks stuck. Clicking the feed and trying another scroll.
2026-03-30 02:05:03 | INFO | Results panel looks stuck. Clicking the feed and trying another scroll.
2026-03-30 02:05:10 | INFO | Results panel looks stuck. Clicking the feed and trying another scroll.
2026-03-30 02:05:54 | INFO | Results panel looks stuck. Clicking the feed and trying another scroll.
2026-03-30 02:06:08 | INFO | Results panel looks stuck. Clicking the feed and trying another scroll.
2026-03-30 02:06:16 | INFO | Results panel looks stuck. Clicking the feed and trying another scroll.
2026-03-30 02:06:56 | INFO | Results panel looks stuck. Clicking the feed and trying another scroll.
2026-03-30 02:07:12 | INFO | Results panel looks stuck. Clicking the feed and trying another scroll.
2026-03-30 02:07:21 | INFO | Results panel looks stuck. Clicking the feed and trying another scroll.
2026-03-30 02:08:00 | INFO | Results panel looks stuck. Clicking the feed and trying another scroll.
2026-03-30 02:08:16 | INFO | Results panel looks stuck. Clicking the feed and trying another scroll.
2026-03-30 02:08:25 | INFO | Results panel looks stuck. Clicking the feed and trying another scroll.
2026-03-30 02:09:04 | INFO | Results panel looks stuck. Clicking the feed and trying another scroll.
2026-03-30 02:09:21 | INFO | Results panel looks stuck. Clicking the feed and trying another scroll.
2026-03-30 02:09:30 | INFO | Results panel looks stuck. Clicking the feed and trying another scroll.
2026-03-30 02:10:06 | INFO | Results panel looks stuck. Clicking the feed and trying another scroll.
2026-03-30 02:10:24 | INFO | Results panel looks stuck. Clicking the feed and trying another scroll.
2026-03-30 02:10:35 | INFO | Results panel looks stuck. Clicking the feed and trying another scroll.
2026-03-30 02:11:08 | INFO | Results panel looks stuck. Clicking the feed and trying another scroll.
2026-03-30 02:11:30 | INFO | Results panel looks stuck. Clicking the feed and trying another scroll.
2026-03-30 02:11:38 | INFO | Results panel looks stuck. Clicking the feed and trying another scroll.
2026-03-30 02:12:11 | INFO | Results panel looks stuck. Clicking the feed and trying another scroll.
2026-03-30 02:12:35 | INFO | Results panel looks stuck. Clicking the feed and trying another scroll.
2026-03-30 02:12:43 | INFO | Results panel looks stuck. Clicking the feed and trying another scroll.
2026-03-30 02:13:13 | INFO | Results panel looks stuck. Clicking the feed and trying another scroll.
2026-03-30 02:13:40 | INFO | Results panel looks stuck. Clicking the feed and trying another scroll.
2026-03-30 02:13:46 | INFO | Results panel looks stuck. Clicking the feed and trying another scroll.
2026-03-30 02:14:17 | INFO | Results panel looks stuck. Clicking the feed and trying another scroll.
2026-03-30 02:14:43 | INFO | Results panel looks stuck. Clicking the feed and trying another scroll.
2026-03-30 02:14:51 | INFO | Results panel looks stuck. Clicking the feed and trying another scroll.
2026-03-30 02:15:20 | INFO | Results panel looks stuck. Clicking the feed and trying another scroll.
2026-03-30 02:15:47 | INFO | Results panel looks stuck. Clicking the feed and trying another scroll.
2026-03-30 02:15:55 | INFO | Results panel looks stuck. Clicking the feed and trying another scroll.
2026-03-30 02:16:23 | INFO | Results panel looks stuck. Clicking the feed and trying another scroll.
2026-03-30 02:16:52 | INFO | Results panel looks stuck. Clicking the feed and trying another scroll.
2026-03-30 02:17:00 | INFO | Results panel looks stuck. Clicking the feed and trying another scroll.
2026-03-30 02:17:25 | INFO | Results panel looks stuck. Clicking the feed and trying another scroll.
2026-03-30 02:17:56 | INFO | Results panel looks stuck. Clicking the feed and trying another scroll.
2026-03-30 02:18:03 | INFO | Results panel looks stuck. Clicking the feed and trying another scroll.
2026-03-30 02:18:28 | INFO | Results panel looks stuck. Clicking the feed and trying another scroll.
2026-03-30 02:19:00 | INFO | Results panel looks stuck. Clicking the feed and trying another scroll.
2026-03-30 02:19:07 | INFO | Results panel looks stuck. Clicking the feed and trying another scroll.
2026-03-30 02:19:31 | INFO | Results panel looks stuck. Clicking the feed and trying another scroll.
2026-03-30 02:20:05 | INFO | Results panel looks stuck. Clicking the feed and trying another scroll.
2026-03-30 02:20:11 | INFO | Results panel looks stuck. Clicking the feed and trying another scroll.
2026-03-30 02:20:34 | INFO | Results panel looks stuck. Clicking the feed and trying another scroll.
2026-03-30 02:21:08 | INFO | Results panel looks stuck. Clicking the feed and trying another scroll.
2026-03-30 02:21:15 | INFO | Results panel looks stuck. Clicking the feed and trying another scroll.
2026-03-30 02:21:36 | INFO | Results panel looks stuck. Clicking the feed and trying another scroll.
2026-03-30 02:22:13 | INFO | Results panel looks stuck. Clicking the feed and trying another scroll.
2026-03-30 02:22:20 | INFO | Results panel looks stuck. Clicking the feed and trying another scroll.
2026-03-30 02:22:40 | INFO | Results panel looks stuck. Clicking the feed and trying another scroll.
2026-03-30 02:23:17 | INFO | Results panel looks stuck. Clicking the feed and trying another scroll.
2026-03-30 02:23:26 | INFO | Results panel looks stuck. Clicking the feed and trying another scroll.
2026-03-30 02:23:42 | INFO | Results panel looks stuck. Clicking the feed and trying another scroll.
2026-03-30 02:24:20 | INFO | Results panel looks stuck. Clicking the feed and trying another scroll.
2026-03-30 02:24:30 | INFO | Results panel looks stuck. Clicking the feed and trying another scroll.
2026-03-30 02:24:45 | INFO | Results panel looks stuck. Clicking the feed and trying another scroll.
2026-03-30 02:25:24 | INFO | Results panel looks stuck. Clicking the feed and trying another scroll.
2026-03-30 02:25:33 | INFO | Results panel looks stuck. Clicking the feed and trying another scroll.
2026-03-30 02:25:48 | INFO | Results panel looks stuck. Clicking the feed and trying another scroll.
2026-03-30 02:26:28 | INFO | Results panel looks stuck. Clicking the feed and trying another scroll.
2026-03-30 02:26:36 | INFO | Results panel looks stuck. Clicking the feed and trying another scroll.
2026-03-30 02:26:51 | INFO | Results panel looks stuck. Clicking the feed and trying another scroll.
2026-03-30 02:27:32 | INFO | Results panel looks stuck. Clicking the feed and trying another scroll.
2026-03-30 02:27:41 | INFO | Results panel looks stuck. Clicking the feed and trying another scroll.
2026-03-30 02:27:55 | INFO | Results panel looks stuck. Clicking the feed and trying another scroll.
2026-03-30 02:28:36 | INFO | Results panel looks stuck. Clicking the feed and trying another scroll.
2026-03-30 02:28:45 | INFO | Results panel looks stuck. Clicking the feed and trying another scroll.
2026-03-30 02:28:58 | INFO | Results panel looks stuck. Clicking the feed and trying another scroll.
2026-03-30 02:29:41 | INFO | Results panel looks stuck. Clicking the feed and trying another scroll.
2026-03-30 02:29:50 | INFO | Results panel looks stuck. Clicking the feed and trying another scroll.
2026-03-30 02:30:02 | INFO | Results panel looks stuck. Clicking the feed and trying another scroll.
2026-03-30 02:30:45 | INFO | Results panel looks stuck. Clicking the feed and trying another scroll.
2026-03-30 02:30:54 | INFO | Results panel looks stuck. Clicking the feed and trying another scroll.
2026-03-30 02:31:04 | INFO | Results panel looks stuck. Clicking the feed and trying another scroll.
2026-03-30 02:31:49 | INFO | Results panel looks stuck. Clicking the feed and trying another scroll.
2026-03-30 02:31:59 | INFO | Results panel looks stuck. Clicking the feed and trying another scroll.
2026-03-30 02:32:07 | INFO | Results panel looks stuck. Clicking the feed and trying another scroll.
2026-03-30 02:32:53 | INFO | Results panel looks stuck. Clicking the feed and trying another scroll.
2026-03-30 02:33:03 | INFO | Results panel looks stuck. Clicking the feed and trying another scroll.
2026-03-30 02:33:09 | INFO | Results panel looks stuck. Clicking the feed and trying another scroll.
2026-03-30 02:33:57 | INFO | Results panel looks stuck. Clicking the feed and trying another scroll.
2026-03-30 02:34:08 | INFO | Results panel looks stuck. Clicking the feed and trying another scroll.
2026-03-30 02:34:13 | INFO | Results panel looks stuck. Clicking the feed and trying another scroll.
2026-03-30 02:35:02 | INFO | Results panel looks stuck. Clicking the feed and trying another scroll.
2026-03-30 02:35:13 | INFO | Results panel looks stuck. Clicking the feed and trying another scroll.
2026-03-30 02:35:16 | INFO | Results panel looks stuck. Clicking the feed and trying another scroll.
2026-03-30 02:36:06 | INFO | Results panel looks stuck. Clicking the feed and trying another scroll.
2026-03-30 02:36:17 | INFO | Results panel looks stuck. Clicking the feed and trying another scroll.
2026-03-30 02:36:19 | INFO | Results panel looks stuck. Clicking the feed and trying another scroll.
2026-03-30 02:37:11 | INFO | Results panel looks stuck. Clicking the feed and trying another scroll.
2026-03-30 02:37:22 | INFO | Results panel looks stuck. Clicking the feed and trying another scroll.
2026-03-30 02:37:23 | INFO | Results panel looks stuck. Clicking the feed and trying another scroll.
2026-03-30 02:38:15 | INFO | Results panel looks stuck. Clicking the feed and trying another scroll.
2026-03-30 02:38:26 | INFO | Results panel looks stuck. Clicking the feed and trying another scroll.
2026-03-30 02:38:26 | INFO | Results panel looks stuck. Clicking the feed and trying another scroll.
2026-03-30 02:39:19 | INFO | Results panel looks stuck. Clicking the feed and trying another scroll.
2026-03-30 02:39:28 | INFO | Results panel looks stuck. Clicking the feed and trying another scroll.
2026-03-30 02:39:30 | INFO | Results panel looks stuck. Clicking the feed and trying another scroll.
2026-03-30 02:40:23 | INFO | Results panel looks stuck. Clicking the feed and trying another scroll.
2026-03-30 02:40:31 | INFO | Results panel looks stuck. Clicking the feed and trying another scroll.
2026-03-30 02:40:34 | INFO | Results panel looks stuck. Clicking the feed and trying another scroll.
2026-03-30 02:41:28 | INFO | Results panel looks stuck. Clicking the feed and trying another scroll.
2026-03-30 02:41:34 | INFO | Results panel looks stuck. Clicking the feed and trying another scroll.
2026-03-30 02:41:38 | INFO | Results panel looks stuck. Clicking the feed and trying another scroll.
2026-03-30 02:42:32 | INFO | Results panel looks stuck. Clicking the feed and trying another scroll.
2026-03-30 02:42:37 | INFO | Results panel looks stuck. Clicking the feed and trying another scroll.
2026-03-30 02:42:43 | INFO | Results panel looks stuck. Clicking the feed and trying another scroll.
2026-03-30 02:43:36 | INFO | Results panel looks stuck. Clicking the feed and trying another scroll.
2026-03-30 02:43:40 | INFO | Results panel looks stuck. Clicking the feed and trying another scroll.
2026-03-30 02:43:46 | INFO | Results panel looks stuck. Clicking the feed and trying another scroll.
2026-03-30 02:44:39 | INFO | Results panel looks stuck. Clicking the feed and trying another scroll.
2026-03-30 02:44:43 | INFO | Results panel looks stuck. Clicking the feed and trying another scroll.
2026-03-30 02:44:51 | INFO | Results panel looks stuck. Clicking the feed and trying another scroll.
2026-03-30 02:45:44 | INFO | Results panel looks stuck. Clicking the feed and trying another scroll.
2026-03-30 02:45:46 | INFO | Results panel looks stuck. Clicking the feed and trying another scroll.
2026-03-30 02:45:55 | INFO | Results panel looks stuck. Clicking the feed and trying another scroll.
2026-03-30 02:46:49 | INFO | Results panel looks stuck. Clicking the feed and trying another scroll.
2026-03-30 02:46:50 | INFO | Results panel looks stuck. Clicking the feed and trying another scroll.
2026-03-30 02:46:59 | INFO | Results panel looks stuck. Clicking the feed and trying another scroll.
2026-03-30 02:47:51 | INFO | Results panel looks stuck. Clicking the feed and trying another scroll.
2026-03-30 02:47:53 | INFO | Results panel looks stuck. Clicking the feed and trying another scroll.
2026-03-30 02:48:04 | INFO | Results panel looks stuck. Clicking the feed and trying another scroll.
2026-03-30 02:48:54 | INFO | Results panel looks stuck. Clicking the feed and trying another scroll.
2026-03-30 02:48:57 | INFO | Results panel looks stuck. Clicking the feed and trying another scroll.
2026-03-30 02:49:09 | INFO | Results panel looks stuck. Clicking the feed and trying another scroll.
2026-03-30 02:49:57 | INFO | Results panel looks stuck. Clicking the feed and trying another scroll.
2026-03-30 02:50:02 | INFO | Results panel looks stuck. Clicking the feed and trying another scroll.
2026-03-30 02:50:13 | INFO | Results panel looks stuck. Clicking the feed and trying another scroll.
2026-03-30 02:51:00 | INFO | Results panel looks stuck. Clicking the feed and trying another scroll.
2026-03-30 02:51:06 | INFO | Results panel looks stuck. Clicking the feed and trying another scroll.
2026-03-30 02:51:18 | INFO | Results panel looks stuck. Clicking the feed and trying another scroll.
2026-03-30 02:52:04 | INFO | Results panel looks stuck. Clicking the feed and trying another scroll.
2026-03-30 02:52:09 | INFO | Results panel looks stuck. Clicking the feed and trying another scroll.
2026-03-30 02:52:23 | INFO | Results panel looks stuck. Clicking the feed and trying another scroll.
2026-03-30 02:53:06 | INFO | Results panel looks stuck. Clicking the feed and trying another scroll.
2026-03-30 02:53:12 | INFO | Results panel looks stuck. Clicking the feed and trying another scroll.
2026-03-30 02:53:27 | INFO | Results panel looks stuck. Clicking the feed and trying another scroll.
2026-03-30 02:54:09 | INFO | Results panel looks stuck. Clicking the feed and trying another scroll.
2026-03-30 02:54:17 | INFO | Results panel looks stuck. Clicking the feed and trying another scroll.
2026-03-30 02:54:31 | INFO | Results panel looks stuck. Clicking the feed and trying another scroll.
2026-03-30 02:55:11 | INFO | Results panel looks stuck. Clicking the feed and trying another scroll.
2026-03-30 02:55:20 | INFO | Results panel looks stuck. Clicking the feed and trying another scroll.
2026-03-30 02:55:36 | INFO | Results panel looks stuck. Clicking the feed and trying another scroll.
2026-03-30 02:56:13 | INFO | Results panel looks stuck. Clicking the feed and trying another scroll.
2026-03-30 02:56:24 | INFO | Results panel looks stuck. Clicking the feed and trying another scroll.
2026-03-30 02:56:40 | INFO | Results panel looks stuck. Clicking the feed and trying another scroll.
2026-03-30 02:57:17 | INFO | Results panel looks stuck. Clicking the feed and trying another scroll.
2026-03-30 02:57:28 | INFO | Results panel looks stuck. Clicking the feed and trying another scroll.
2026-03-30 02:57:45 | INFO | Results panel looks stuck. Clicking the feed and trying another scroll.
2026-03-30 02:58:19 | INFO | Results panel looks stuck. Clicking the feed and trying another scroll.
2026-03-30 02:58:32 | INFO | Results panel looks stuck. Clicking the feed and trying another scroll.
2026-03-30 02:58:49 | INFO | Results panel looks stuck. Clicking the feed and trying another scroll.
2026-03-30 02:59:21 | INFO | Results panel looks stuck. Clicking the feed and trying another scroll.
2026-03-30 02:59:36 | INFO | Results panel looks stuck. Clicking the feed and trying another scroll.
2026-03-30 02:59:54 | INFO | Results panel looks stuck. Clicking the feed and trying another scroll.
2026-03-30 03:00:24 | INFO | Results panel looks stuck. Clicking the feed and trying another scroll.
2026-03-30 03:00:41 | INFO | Results panel looks stuck. Clicking the feed and trying another scroll.
2026-03-30 03:00:57 | INFO | Results panel looks stuck. Clicking the feed and trying another scroll.
2026-03-30 03:01:27 | INFO | Results panel looks stuck. Clicking the feed and trying another scroll.
2026-03-30 03:01:45 | INFO | Results panel looks stuck. Clicking the feed and trying another scroll.
2026-03-30 03:02:00 | INFO | Results panel looks stuck. Clicking the feed and trying another scroll.
2026-03-30 03:02:30 | INFO | Results panel looks stuck. Clicking the feed and trying another scroll.
2026-03-30 03:02:49 | INFO | Results panel looks stuck. Clicking the feed and trying another scroll.
2026-03-30 03:03:05 | INFO | Results panel looks stuck. Clicking the feed and trying another scroll.
2026-03-30 03:03:33 | INFO | Results panel looks stuck. Clicking the feed and trying another scroll.
2026-03-30 03:03:54 | INFO | Results panel looks stuck. Clicking the feed and trying another scroll.
2026-03-30 03:04:08 | INFO | Results panel looks stuck. Clicking the feed and trying another scroll.
2026-03-30 03:04:35 | INFO | Results panel looks stuck. Clicking the feed and trying another scroll.
2026-03-30 03:04:58 | INFO | Results panel looks stuck. Clicking the feed and trying another scroll.
2026-03-30 03:05:12 | INFO | Results panel looks stuck. Clicking the feed and trying another scroll.
2026-03-30 03:05:38 | INFO | Results panel looks stuck. Clicking the feed and trying another scroll.
2026-03-30 03:06:02 | INFO | Results panel looks stuck. Clicking the feed and trying another scroll.
2026-03-30 03:06:16 | INFO | Results panel looks stuck. Clicking the feed and trying another scroll.
2026-03-30 03:06:41 | INFO | Results panel looks stuck. Clicking the feed and trying another scroll.
2026-03-30 03:07:06 | INFO | Results panel looks stuck. Clicking the feed and trying another scroll.
2026-03-30 03:07:21 | INFO | Results panel looks stuck. Clicking the feed and trying another scroll.
2026-03-30 03:07:44 | INFO | Results panel looks stuck. Clicking the feed and trying another scroll.
2026-03-30 03:08:10 | INFO | Results panel looks stuck. Clicking the feed and trying another scroll.
2026-03-30 03:08:25 | INFO | Results panel looks stuck. Clicking the feed and trying another scroll.
2026-03-30 03:08:47 | INFO | Results panel looks stuck. Clicking the feed and trying another scroll.
2026-03-30 03:09:15 | INFO | Results panel looks stuck. Clicking the feed and trying another scroll.
2026-03-30 03:09:30 | INFO | Results panel looks stuck. Clicking the feed and trying another scroll.
2026-03-30 03:09:51 | INFO | Results panel looks stuck. Clicking the feed and trying another scroll.
2026-03-30 03:10:18 | INFO | Results panel looks stuck. Clicking the feed and trying another scroll.
2026-03-30 03:10:35 | INFO | Results panel looks stuck. Clicking the feed and trying another scroll.
2026-03-30 03:10:53 | INFO | Results panel looks stuck. Clicking the feed and trying another scroll.
2026-03-30 03:11:22 | INFO | Results panel looks stuck. Clicking the feed and trying another scroll.
2026-03-30 03:11:40 | INFO | Results panel looks stuck. Clicking the feed and trying another scroll.
2026-03-30 03:11:56 | INFO | Results panel looks stuck. Clicking the feed and trying another scroll.
2026-03-30 03:12:26 | INFO | Results panel looks stuck. Clicking the feed and trying another scroll.
2026-03-30 03:12:44 | INFO | Results panel looks stuck. Clicking the feed and trying another scroll.
2026-03-30 03:12:58 | INFO | Results panel looks stuck. Clicking the feed and trying another scroll.
2026-03-30 03:13:30 | INFO | Results panel looks stuck. Clicking the feed and trying another scroll.
2026-03-30 03:13:49 | INFO | Results panel looks stuck. Clicking the feed and trying another scroll.
2026-03-30 03:14:01 | INFO | Results panel looks stuck. Clicking the feed and trying another scroll.
2026-03-30 03:14:34 | INFO | Results panel looks stuck. Clicking the feed and trying another scroll.
2026-03-30 03:14:52 | INFO | Results panel looks stuck. Clicking the feed and trying another scroll.
2026-03-30 03:15:04 | INFO | Results panel looks stuck. Clicking the feed and trying another scroll.
2026-03-30 03:15:39 | INFO | Results panel looks stuck. Clicking the feed and trying another scroll.
2026-03-30 03:15:57 | INFO | Results panel looks stuck. Clicking the feed and trying another scroll.
2026-03-30 03:16:06 | INFO | Results panel looks stuck. Clicking the feed and trying another scroll.
2026-03-30 03:16:42 | INFO | Results panel looks stuck. Clicking the feed and trying another scroll.
2026-03-30 03:17:02 | INFO | Results panel looks stuck. Clicking the feed and trying another scroll.
2026-03-30 03:17:08 | INFO | Results panel looks stuck. Clicking the feed and trying another scroll.
2026-03-30 03:17:46 | INFO | Results panel looks stuck. Clicking the feed and trying another scroll.
2026-03-30 03:18:06 | INFO | Results panel looks stuck. Clicking the feed and trying another scroll.
2026-03-30 03:18:11 | INFO | Results panel looks stuck. Clicking the feed and trying another scroll.
2026-03-30 03:18:51 | INFO | Results panel looks stuck. Clicking the feed and trying another scroll.
2026-03-30 03:19:11 | INFO | Results panel looks stuck. Clicking the feed and trying another scroll.
2026-03-30 03:19:14 | INFO | Results panel looks stuck. Clicking the feed and trying another scroll.
2026-03-30 03:19:55 | INFO | Results panel looks stuck. Clicking the feed and trying another scroll.
2026-03-30 03:20:16 | INFO | Results panel looks stuck. Clicking the feed and trying another scroll.
2026-03-30 03:20:18 | INFO | Results panel looks stuck. Clicking the feed and trying another scroll.
2026-03-30 03:21:00 | INFO | Results panel looks stuck. Clicking the feed and trying another scroll.
2026-03-30 03:21:20 | INFO | Results panel looks stuck. Clicking the feed and trying another scroll.
2026-03-30 03:21:21 | INFO | Results panel looks stuck. Clicking the feed and trying another scroll.
2026-03-30 03:22:04 | INFO | Results panel looks stuck. Clicking the feed and trying another scroll.
2026-03-30 03:22:22 | INFO | Results panel looks stuck. Clicking the feed and trying another scroll.
2026-03-30 03:22:26 | INFO | Results panel looks stuck. Clicking the feed and trying another scroll.
2026-03-30 03:23:08 | INFO | Results panel looks stuck. Clicking the feed and trying another scroll.
2026-03-30 03:23:26 | INFO | Results panel looks stuck. Clicking the feed and trying another scroll.
2026-03-30 03:23:30 | INFO | Results panel looks stuck. Clicking the feed and trying another scroll.
2026-03-30 03:24:12 | INFO | Results panel looks stuck. Clicking the feed and trying another scroll.
2026-03-30 03:24:28 | INFO | Results panel looks stuck. Clicking the feed and trying another scroll.
2026-03-30 03:24:35 | INFO | Results panel looks stuck. Clicking the feed and trying another scroll.
2026-03-30 03:25:17 | INFO | Results panel looks stuck. Clicking the feed and trying another scroll.
2026-03-30 03:25:30 | INFO | Results panel looks stuck. Clicking the feed and trying another scroll.
2026-03-30 03:25:38 | INFO | Results panel looks stuck. Clicking the feed and trying another scroll.
2026-03-30 03:26:22 | INFO | Results panel looks stuck. Clicking the feed and trying another scroll.
2026-03-30 03:26:32 | INFO | Results panel looks stuck. Clicking the feed and trying another scroll.
2026-03-30 03:26:42 | INFO | Results panel looks stuck. Clicking the feed and trying another scroll.
2026-03-30 03:27:26 | INFO | Results panel looks stuck. Clicking the feed and trying another scroll.
2026-03-30 03:27:34 | INFO | Results panel looks stuck. Clicking the feed and trying another scroll.
2026-03-30 03:27:47 | INFO | Results panel looks stuck. Clicking the feed and trying another scroll.
2026-03-30 03:28:31 | INFO | Results panel looks stuck. Clicking the feed and trying another scroll.
2026-03-30 03:28:37 | INFO | Results panel looks stuck. Clicking the feed and trying another scroll.
2026-03-30 03:28:52 | INFO | Results panel looks stuck. Clicking the feed and trying another scroll.
2026-03-30 03:29:35 | INFO | Results panel looks stuck. Clicking the feed and trying another scroll.
2026-03-30 03:29:40 | INFO | Results panel looks stuck. Clicking the feed and trying another scroll.
2026-03-30 03:29:56 | INFO | Results panel looks stuck. Clicking the feed and trying another scroll.
2026-03-30 03:30:39 | INFO | Results panel looks stuck. Clicking the feed and trying another scroll.
2026-03-30 03:30:42 | INFO | Results panel looks stuck. Clicking the feed and trying another scroll.
2026-03-30 03:30:59 | INFO | Results panel looks stuck. Clicking the feed and trying another scroll.
2026-03-30 03:31:43 | INFO | Results panel looks stuck. Clicking the feed and trying another scroll.
2026-03-30 03:31:45 | INFO | Results panel looks stuck. Clicking the feed and trying another scroll.
2026-03-30 03:32:04 | INFO | Results panel looks stuck. Clicking the feed and trying another scroll.
2026-03-30 03:32:48 | INFO | Results panel looks stuck. Clicking the feed and trying another scroll.
2026-03-30 03:32:48 | INFO | Results panel looks stuck. Clicking the feed and trying another scroll.
2026-03-30 03:33:09 | INFO | Results panel looks stuck. Clicking the feed and trying another scroll.
2026-03-30 03:33:50 | INFO | Results panel looks stuck. Clicking the feed and trying another scroll.
2026-03-30 03:33:51 | INFO | Results panel looks stuck. Clicking the feed and trying another scroll.
2026-03-30 03:34:13 | INFO | Results panel looks stuck. Clicking the feed and trying another scroll.
2026-03-30 03:34:52 | INFO | Results panel looks stuck. Clicking the feed and trying another scroll.
2026-03-30 03:34:56 | INFO | Results panel looks stuck. Clicking the feed and trying another scroll.
2026-03-30 03:35:17 | INFO | Results panel looks stuck. Clicking the feed and trying another scroll.
2026-03-30 03:35:55 | INFO | Results panel looks stuck. Clicking the feed and trying another scroll.
2026-03-30 03:36:00 | INFO | Results panel looks stuck. Clicking the feed and trying another scroll.
2026-03-30 03:36:21 | INFO | Results panel looks stuck. Clicking the feed and trying another scroll.
2026-03-30 03:36:58 | INFO | Results panel looks stuck. Clicking the feed and trying another scroll.
2026-03-30 03:37:04 | INFO | Results panel looks stuck. Clicking the feed and trying another scroll.
2026-03-30 03:37:25 | INFO | Results panel looks stuck. Clicking the feed and trying another scroll.
2026-03-30 03:38:01 | INFO | Results panel looks stuck. Clicking the feed and trying another scroll.
2026-03-30 03:38:09 | INFO | Results panel looks stuck. Clicking the feed and trying another scroll.
2026-03-30 03:38:29 | INFO | Results panel looks stuck. Clicking the feed and trying another scroll.
2026-03-30 03:39:03 | INFO | Results panel looks stuck. Clicking the feed and trying another scroll.
2026-03-30 03:39:13 | INFO | Results panel looks stuck. Clicking the feed and trying another scroll.
2026-03-30 03:39:34 | INFO | Results panel looks stuck. Clicking the feed and trying another scroll.
2026-03-30 03:40:07 | INFO | Results panel looks stuck. Clicking the feed and trying another scroll.
2026-03-30 03:40:19 | INFO | Results panel looks stuck. Clicking the feed and trying another scroll.
2026-03-30 03:40:39 | INFO | Results panel looks stuck. Clicking the feed and trying another scroll.
2026-03-30 03:41:09 | INFO | Results panel looks stuck. Clicking the feed and trying another scroll.
2026-03-30 03:41:23 | INFO | Results panel looks stuck. Clicking the feed and trying another scroll.
2026-03-30 03:41:43 | INFO | Results panel looks stuck. Clicking the feed and trying another scroll.
2026-03-30 03:42:11 | INFO | Results panel looks stuck. Clicking the feed and trying another scroll.
2026-03-30 03:42:27 | INFO | Results panel looks stuck. Clicking the feed and trying another scroll.
2026-03-30 03:42:46 | INFO | Results panel looks stuck. Clicking the feed and trying another scroll.
2026-03-30 03:43:14 | INFO | Results panel looks stuck. Clicking the feed and trying another scroll.
2026-03-30 03:43:31 | INFO | Results panel looks stuck. Clicking the feed and trying another scroll.
2026-03-30 03:43:51 | INFO | Results panel looks stuck. Clicking the feed and trying another scroll.
2026-03-30 03:44:17 | INFO | Results panel looks stuck. Clicking the feed and trying another scroll.
2026-03-30 03:44:36 | INFO | Results panel looks stuck. Clicking the feed and trying another scroll.
2026-03-30 03:44:56 | INFO | Results panel looks stuck. Clicking the feed and trying another scroll.
2026-03-30 03:45:19 | INFO | Results panel looks stuck. Clicking the feed and trying another scroll.
2026-03-30 03:45:40 | INFO | Results panel looks stuck. Clicking the feed and trying another scroll.
2026-03-30 03:45:59 | INFO | Results panel looks stuck. Clicking the feed and trying another scroll.
2026-03-30 03:46:22 | INFO | Results panel looks stuck. Clicking the feed and trying another scroll.
2026-03-30 03:46:45 | INFO | Results panel looks stuck. Clicking the feed and trying another scroll.
2026-03-30 03:47:02 | INFO | Results panel looks stuck. Clicking the feed and trying another scroll.
2026-03-30 03:47:25 | INFO | Results panel looks stuck. Clicking the feed and trying another scroll.
2026-03-30 03:47:49 | INFO | Results panel looks stuck. Clicking the feed and trying another scroll.
2026-03-30 03:48:06 | INFO | Results panel looks stuck. Clicking the feed and trying another scroll.
2026-03-30 03:48:26 | INFO | Results panel looks stuck. Clicking the feed and trying another scroll.
2026-03-30 03:48:53 | INFO | Results panel looks stuck. Clicking the feed and trying another scroll.
2026-03-30 03:49:10 | INFO | Results panel looks stuck. Clicking the feed and trying another scroll.
2026-03-30 03:49:29 | INFO | Results panel looks stuck. Clicking the feed and trying another scroll.
2026-03-30 03:49:57 | INFO | Results panel looks stuck. Clicking the feed and trying another scroll.
2026-03-30 03:50:13 | INFO | Results panel looks stuck. Clicking the feed and trying another scroll.
2026-03-30 03:50:33 | INFO | Results panel looks stuck. Clicking the feed and trying another scroll.
2026-03-30 03:51:01 | INFO | Results panel looks stuck. Clicking the feed and trying another scroll.
2026-03-30 03:51:17 | INFO | Results panel looks stuck. Clicking the feed and trying another scroll.
2026-03-30 03:51:36 | INFO | Results panel looks stuck. Clicking the feed and trying another scroll.
2026-03-30 03:52:05 | INFO | Results panel looks stuck. Clicking the feed and trying another scroll.
2026-03-30 03:52:20 | INFO | Results panel looks stuck. Clicking the feed and trying another scroll.
2026-03-30 03:52:39 | INFO | Results panel looks stuck. Clicking the feed and trying another scroll.
2026-03-30 03:53:09 | INFO | Results panel looks stuck. Clicking the feed and trying another scroll.
2026-03-30 03:53:25 | INFO | Results panel looks stuck. Clicking the feed and trying another scroll.
2026-03-30 03:53:42 | INFO | Results panel looks stuck. Clicking the feed and trying another scroll.
2026-03-30 03:54:14 | INFO | Results panel looks stuck. Clicking the feed and trying another scroll.
2026-03-30 03:54:29 | INFO | Results panel looks stuck. Clicking the feed and trying another scroll.
2026-03-30 03:54:45 | INFO | Results panel looks stuck. Clicking the feed and trying another scroll.
2026-03-30 03:55:19 | INFO | Results panel looks stuck. Clicking the feed and trying another scroll.
2026-03-30 03:55:33 | INFO | Results panel looks stuck. Clicking the feed and trying another scroll.
2026-03-30 03:55:48 | INFO | Results panel looks stuck. Clicking the feed and trying another scroll.
2026-03-30 03:56:23 | INFO | Results panel looks stuck. Clicking the feed and trying another scroll.
2026-03-30 03:56:37 | INFO | Results panel looks stuck. Clicking the feed and trying another scroll.
2026-03-30 03:56:51 | INFO | Results panel looks stuck. Clicking the feed and trying another scroll.
2026-03-30 03:57:27 | INFO | Results panel looks stuck. Clicking the feed and trying another scroll.
2026-03-30 03:57:42 | INFO | Results panel looks stuck. Clicking the feed and trying another scroll.
2026-03-30 03:57:53 | INFO | Results panel looks stuck. Clicking the feed and trying another scroll.
2026-03-30 03:58:31 | INFO | Results panel looks stuck. Clicking the feed and trying another scroll.
2026-03-30 03:58:44 | INFO | Results panel looks stuck. Clicking the feed and trying another scroll.
2026-03-30 03:58:56 | INFO | Results panel looks stuck. Clicking the feed and trying another scroll.
2026-03-30 03:59:35 | INFO | Results panel looks stuck. Clicking the feed and trying another scroll.
2026-03-30 03:59:49 | INFO | Results panel looks stuck. Clicking the feed and trying another scroll.
2026-03-30 03:59:58 | INFO | Results panel looks stuck. Clicking the feed and trying another scroll.
2026-03-30 04:00:40 | INFO | Results panel looks stuck. Clicking the feed and trying another scroll.
2026-03-30 04:00:52 | INFO | Results panel looks stuck. Clicking the feed and trying another scroll.
2026-03-30 04:01:00 | INFO | Results panel looks stuck. Clicking the feed and trying another scroll.
2026-03-30 04:01:44 | INFO | Results panel looks stuck. Clicking the feed and trying another scroll.
2026-03-30 04:01:57 | INFO | Results panel looks stuck. Clicking the feed and trying another scroll.
2026-03-30 04:02:03 | INFO | Results panel looks stuck. Clicking the feed and trying another scroll.
2026-03-30 04:02:49 | INFO | Results panel looks stuck. Clicking the feed and trying another scroll.
2026-03-30 04:03:01 | INFO | Results panel looks stuck. Clicking the feed and trying another scroll.
2026-03-30 04:03:06 | INFO | Results panel looks stuck. Clicking the feed and trying another scroll.
2026-03-30 04:03:52 | INFO | Results panel looks stuck. Clicking the feed and trying another scroll.
2026-03-30 04:04:05 | INFO | Results panel looks stuck. Clicking the feed and trying another scroll.
2026-03-30 04:04:08 | INFO | Results panel looks stuck. Clicking the feed and trying another scroll.
2026-03-30 04:04:57 | INFO | Results panel looks stuck. Clicking the feed and trying another scroll.
2026-03-30 04:05:09 | INFO | Results panel looks stuck. Clicking the feed and trying another scroll.
2026-03-30 04:05:12 | INFO | Results panel looks stuck. Clicking the feed and trying another scroll.
2026-03-30 04:06:02 | INFO | Results panel looks stuck. Clicking the feed and trying another scroll.
2026-03-30 04:06:14 | INFO | Results panel looks stuck. Clicking the feed and trying another scroll.
2026-03-30 04:06:15 | INFO | Results panel looks stuck. Clicking the feed and trying another scroll.
2026-03-30 04:07:05 | INFO | Results panel looks stuck. Clicking the feed and trying another scroll.
2026-03-30 04:07:17 | INFO | Results panel looks stuck. Clicking the feed and trying another scroll.
2026-03-30 04:07:18 | INFO | Results panel looks stuck. Clicking the feed and trying another scroll.
2026-03-30 04:08:09 | INFO | Results panel looks stuck. Clicking the feed and trying another scroll.
2026-03-30 04:08:21 | INFO | Results panel looks stuck. Clicking the feed and trying another scroll.
2026-03-30 04:08:21 | INFO | Results panel looks stuck. Clicking the feed and trying another scroll.
2026-03-30 04:09:14 | INFO | Results panel looks stuck. Clicking the feed and trying another scroll.
2026-03-30 04:09:24 | INFO | Results panel looks stuck. Clicking the feed and trying another scroll.
2026-03-30 04:09:24 | INFO | Results panel looks stuck. Clicking the feed and trying another scroll.
2026-03-30 04:10:18 | INFO | Results panel looks stuck. Clicking the feed and trying another scroll.
2026-03-30 04:10:28 | INFO | Results panel looks stuck. Clicking the feed and trying another scroll.
2026-03-30 04:10:28 | INFO | Results panel looks stuck. Clicking the feed and trying another scroll.
2026-03-30 04:11:22 | INFO | Results panel looks stuck. Clicking the feed and trying another scroll.
2026-03-30 04:11:30 | INFO | Results panel looks stuck. Clicking the feed and trying another scroll.
2026-03-30 04:11:33 | INFO | Results panel looks stuck. Clicking the feed and trying another scroll.
2026-03-30 04:12:26 | INFO | Results panel looks stuck. Clicking the feed and trying another scroll.
2026-03-30 04:12:33 | INFO | Results panel looks stuck. Clicking the feed and trying another scroll.
2026-03-30 04:12:38 | INFO | Results panel looks stuck. Clicking the feed and trying another scroll.
2026-03-30 04:13:30 | INFO | Results panel looks stuck. Clicking the feed and trying another scroll.
2026-03-30 04:13:35 | INFO | Results panel looks stuck. Clicking the feed and trying another scroll.
2026-03-30 04:13:42 | INFO | Results panel looks stuck. Clicking the feed and trying another scroll.
2026-03-30 04:14:36 | INFO | Results panel looks stuck. Clicking the feed and trying another scroll.
2026-03-30 04:14:38 | INFO | Results panel looks stuck. Clicking the feed and trying another scroll.
2026-03-30 04:14:46 | INFO | Results panel looks stuck. Clicking the feed and trying another scroll.
2026-03-30 04:15:40 | INFO | Results panel looks stuck. Clicking the feed and trying another scroll.
2026-03-30 04:15:40 | INFO | Results panel looks stuck. Clicking the feed and trying another scroll.
2026-03-30 04:15:50 | INFO | Results panel looks stuck. Clicking the feed and trying another scroll.
2026-03-30 04:16:42 | INFO | Results panel looks stuck. Clicking the feed and trying another scroll.
2026-03-30 04:16:44 | INFO | Results panel looks stuck. Clicking the feed and trying another scroll.
2026-03-30 04:16:55 | INFO | Results panel looks stuck. Clicking the feed and trying another scroll.
2026-03-30 04:17:46 | INFO | Results panel looks stuck. Clicking the feed and trying another scroll.
2026-03-30 04:17:48 | INFO | Results panel looks stuck. Clicking the feed and trying another scroll.
2026-03-30 04:18:00 | INFO | Results panel looks stuck. Clicking the feed and trying another scroll.
2026-03-30 04:18:49 | INFO | Results panel looks stuck. Clicking the feed and trying another scroll.
2026-03-30 04:18:53 | INFO | Results panel looks stuck. Clicking the feed and trying another scroll.
2026-03-30 04:19:02 | INFO | Results panel looks stuck. Clicking the feed and trying another scroll.
2026-03-30 04:19:52 | INFO | Results panel looks stuck. Clicking the feed and trying another scroll.
2026-03-30 04:19:57 | INFO | Results panel looks stuck. Clicking the feed and trying another scroll.
2026-03-30 04:20:07 | INFO | Results panel looks stuck. Clicking the feed and trying another scroll.
2026-03-30 04:20:54 | INFO | Results panel looks stuck. Clicking the feed and trying another scroll.
2026-03-30 04:21:01 | INFO | Results panel looks stuck. Clicking the feed and trying another scroll.
2026-03-30 04:21:11 | INFO | Results panel looks stuck. Clicking the feed and trying another scroll.
2026-03-30 04:21:57 | INFO | Results panel looks stuck. Clicking the feed and trying another scroll.
2026-03-30 04:22:04 | INFO | Results panel looks stuck. Clicking the feed and trying another scroll.
2026-03-30 04:22:16 | INFO | Results panel looks stuck. Clicking the feed and trying another scroll.
2026-03-30 04:22:59 | INFO | Results panel looks stuck. Clicking the feed and trying another scroll.
2026-03-30 04:23:08 | INFO | Results panel looks stuck. Clicking the feed and trying another scroll.
2026-03-30 04:23:20 | INFO | Results panel looks stuck. Clicking the feed and trying another scroll.
2026-03-30 04:24:02 | INFO | Results panel looks stuck. Clicking the feed and trying another scroll.
2026-03-30 04:24:12 | INFO | Results panel looks stuck. Clicking the feed and trying another scroll.
2026-03-30 04:24:23 | INFO | Results panel looks stuck. Clicking the feed and trying another scroll.
2026-03-30 04:25:04 | INFO | Results panel looks stuck. Clicking the feed and trying another scroll.
2026-03-30 04:25:15 | INFO | Results panel looks stuck. Clicking the feed and trying another scroll.
2026-03-30 04:25:27 | INFO | Results panel looks stuck. Clicking the feed and trying another scroll.
2026-03-30 04:26:08 | INFO | Results panel looks stuck. Clicking the feed and trying another scroll.
2026-03-30 04:26:18 | INFO | Results panel looks stuck. Clicking the feed and trying another scroll.
2026-03-30 04:26:31 | INFO | Results panel looks stuck. Clicking the feed and trying another scroll.
2026-03-30 04:27:10 | INFO | Results panel looks stuck. Clicking the feed and trying another scroll.
2026-03-30 04:27:23 | INFO | Results panel looks stuck. Clicking the feed and trying another scroll.
2026-03-30 04:27:36 | INFO | Results panel looks stuck. Clicking the feed and trying another scroll.
2026-03-30 04:28:14 | INFO | Results panel looks stuck. Clicking the feed and trying another scroll.
2026-03-30 04:28:26 | INFO | Results panel looks stuck. Clicking the feed and trying another scroll.
2026-03-30 04:28:40 | INFO | Results panel looks stuck. Clicking the feed and trying another scroll.
2026-03-30 04:29:17 | INFO | Results panel looks stuck. Clicking the feed and trying another scroll.
2026-03-30 04:29:31 | INFO | Results panel looks stuck. Clicking the feed and trying another scroll.
2026-03-30 04:29:44 | INFO | Results panel looks stuck. Clicking the feed and trying another scroll.
2026-03-30 04:30:20 | INFO | Results panel looks stuck. Clicking the feed and trying another scroll.
2026-03-30 04:30:35 | INFO | Results panel looks stuck. Clicking the feed and trying another scroll.
2026-03-30 04:30:49 | INFO | Results panel looks stuck. Clicking the feed and trying another scroll.
2026-03-30 04:31:22 | INFO | Results panel looks stuck. Clicking the feed and trying another scroll.
2026-03-30 04:31:40 | INFO | Results panel looks stuck. Clicking the feed and trying another scroll.
2026-03-30 04:31:53 | INFO | Results panel looks stuck. Clicking the feed and trying another scroll.
2026-03-30 04:32:25 | INFO | Results panel looks stuck. Clicking the feed and trying another scroll.
2026-03-30 04:32:44 | INFO | Results panel looks stuck. Clicking the feed and trying another scroll.
2026-03-30 04:32:55 | INFO | Results panel looks stuck. Clicking the feed and trying another scroll.
2026-03-30 04:33:27 | INFO | Results panel looks stuck. Clicking the feed and trying another scroll.
2026-03-30 04:33:49 | INFO | Results panel looks stuck. Clicking the feed and trying another scroll.
2026-03-30 04:34:00 | INFO | Results panel looks stuck. Clicking the feed and trying another scroll.
2026-03-30 04:34:30 | INFO | Results panel looks stuck. Clicking the feed and trying another scroll.
2026-03-30 04:34:54 | INFO | Results panel looks stuck. Clicking the feed and trying another scroll.
2026-03-30 04:35:04 | INFO | Results panel looks stuck. Clicking the feed and trying another scroll.
2026-03-30 04:35:33 | INFO | Results panel looks stuck. Clicking the feed and trying another scroll.
2026-03-30 04:35:59 | INFO | Results panel looks stuck. Clicking the feed and trying another scroll.
2026-03-30 04:36:07 | INFO | Results panel looks stuck. Clicking the feed and trying another scroll.
2026-03-30 04:36:36 | INFO | Results panel looks stuck. Clicking the feed and trying another scroll.
2026-03-30 04:37:03 | INFO | Results panel looks stuck. Clicking the feed and trying another scroll.
2026-03-30 04:37:11 | INFO | Results panel looks stuck. Clicking the feed and trying another scroll.
2026-03-30 04:37:39 | INFO | Results panel looks stuck. Clicking the feed and trying another scroll.
2026-03-30 04:38:09 | INFO | Results panel looks stuck. Clicking the feed and trying another scroll.
2026-03-30 04:38:15 | INFO | Results panel looks stuck. Clicking the feed and trying another scroll.
2026-03-30 04:38:42 | INFO | Results panel looks stuck. Clicking the feed and trying another scroll.
2026-03-30 04:39:13 | INFO | Results panel looks stuck. Clicking the feed and trying another scroll.
2026-03-30 04:39:19 | INFO | Results panel looks stuck. Clicking the feed and trying another scroll.
2026-03-30 04:39:44 | INFO | Results panel looks stuck. Clicking the feed and trying another scroll.
2026-03-30 04:40:17 | INFO | Results panel looks stuck. Clicking the feed and trying another scroll.
2026-03-30 04:40:24 | INFO | Results panel looks stuck. Clicking the feed and trying another scroll.
2026-03-30 04:40:46 | INFO | Results panel looks stuck. Clicking the feed and trying another scroll.
2026-03-30 04:41:22 | INFO | Results panel looks stuck. Clicking the feed and trying another scroll.
2026-03-30 04:41:28 | INFO | Results panel looks stuck. Clicking the feed and trying another scroll.
2026-03-30 04:41:50 | INFO | Results panel looks stuck. Clicking the feed and trying another scroll.
2026-03-30 04:42:26 | INFO | Results panel looks stuck. Clicking the feed and trying another scroll.
2026-03-30 04:42:32 | INFO | Results panel looks stuck. Clicking the feed and trying another scroll.
2026-03-30 04:42:52 | INFO | Results panel looks stuck. Clicking the feed and trying another scroll.
2026-03-30 04:43:30 | INFO | Results panel looks stuck. Clicking the feed and trying another scroll.
2026-03-30 04:43:36 | INFO | Results panel looks stuck. Clicking the feed and trying another scroll.
2026-03-30 04:43:56 | INFO | Results panel looks stuck. Clicking the feed and trying another scroll.
2026-03-30 04:44:35 | INFO | Results panel looks stuck. Clicking the feed and trying another scroll.
2026-03-30 04:44:40 | INFO | Results panel looks stuck. Clicking the feed and trying another scroll.
2026-03-30 04:44:58 | INFO | Results panel looks stuck. Clicking the feed and trying another scroll.
2026-03-30 04:45:39 | INFO | Results panel looks stuck. Clicking the feed and trying another scroll.
2026-03-30 04:45:45 | INFO | Results panel looks stuck. Clicking the feed and trying another scroll.
2026-03-30 04:46:02 | INFO | Results panel looks stuck. Clicking the feed and trying another scroll.
2026-03-30 04:46:44 | INFO | Results panel looks stuck. Clicking the feed and trying another scroll.
2026-03-30 04:46:50 | INFO | Results panel looks stuck. Clicking the feed and trying another scroll.
2026-03-30 04:47:05 | INFO | Results panel looks stuck. Clicking the feed and trying another scroll.
2026-03-30 04:47:47 | INFO | Results panel looks stuck. Clicking the feed and trying another scroll.
2026-03-30 04:47:54 | INFO | Results panel looks stuck. Clicking the feed and trying another scroll.
2026-03-30 04:48:08 | INFO | Results panel looks stuck. Clicking the feed and trying another scroll.
2026-03-30 04:48:53 | INFO | Results panel looks stuck. Clicking the feed and trying another scroll.
2026-03-30 04:48:58 | INFO | Results panel looks stuck. Clicking the feed and trying another scroll.
2026-03-30 04:49:10 | INFO | Results panel looks stuck. Clicking the feed and trying another scroll.
2026-03-30 04:49:58 | INFO | Results panel looks stuck. Clicking the feed and trying another scroll.
2026-03-30 04:50:02 | INFO | Results panel looks stuck. Clicking the feed and trying another scroll.
2026-03-30 04:50:13 | INFO | Results panel looks stuck. Clicking the feed and trying another scroll.
2026-03-30 04:51:02 | INFO | Results panel looks stuck. Clicking the feed and trying another scroll.
2026-03-30 04:51:07 | INFO | Results panel looks stuck. Clicking the feed and trying another scroll.
2026-03-30 04:51:16 | INFO | Results panel looks stuck. Clicking the feed and trying another scroll.
2026-03-30 04:52:06 | INFO | Results panel looks stuck. Clicking the feed and trying another scroll.
2026-03-30 04:52:12 | INFO | Results panel looks stuck. Clicking the feed and trying another scroll.
2026-03-30 04:52:18 | INFO | Results panel looks stuck. Clicking the feed and trying another scroll.
2026-03-30 04:53:10 | INFO | Results panel looks stuck. Clicking the feed and trying another scroll.
2026-03-30 04:53:16 | INFO | Results panel looks stuck. Clicking the feed and trying another scroll.
2026-03-30 04:53:20 | INFO | Results panel looks stuck. Clicking the feed and trying another scroll.
2026-03-30 04:54:15 | INFO | Results panel looks stuck. Clicking the feed and trying another scroll.
2026-03-30 04:54:19 | INFO | Results panel looks stuck. Clicking the feed and trying another scroll.
2026-03-30 04:54:23 | INFO | Results panel looks stuck. Clicking the feed and trying another scroll.
2026-03-30 04:55:18 | INFO | Results panel looks stuck. Clicking the feed and trying another scroll.
2026-03-30 04:55:23 | INFO | Results panel looks stuck. Clicking the feed and trying another scroll.
2026-03-30 04:55:26 | INFO | Results panel looks stuck. Clicking the feed and trying another scroll.
2026-03-30 04:56:22 | INFO | Results panel looks stuck. Clicking the feed and trying another scroll.
2026-03-30 04:56:28 | INFO | Results panel looks stuck. Clicking the feed and trying another scroll.
2026-03-30 04:56:29 | INFO | Results panel looks stuck. Clicking the feed and trying another scroll.
2026-03-30 04:57:26 | INFO | Results panel looks stuck. Clicking the feed and trying another scroll.
2026-03-30 04:57:31 | INFO | Results panel looks stuck. Clicking the feed and trying another scroll.
2026-03-30 04:57:31 | INFO | Results panel looks stuck. Clicking the feed and trying another scroll.
2026-03-30 04:58:31 | INFO | Results panel looks stuck. Clicking the feed and trying another scroll.
2026-03-30 04:58:34 | INFO | Results panel looks stuck. Clicking the feed and trying another scroll.
2026-03-30 04:58:35 | INFO | Results panel looks stuck. Clicking the feed and trying another scroll.
2026-03-30 04:59:35 | INFO | Results panel looks stuck. Clicking the feed and trying another scroll.
2026-03-30 04:59:36 | INFO | Results panel looks stuck. Clicking the feed and trying another scroll.
2026-03-30 04:59:39 | INFO | Results panel looks stuck. Clicking the feed and trying another scroll.
2026-03-30 05:00:39 | INFO | Results panel looks stuck. Clicking the feed and trying another scroll.
2026-03-30 05:00:39 | INFO | Results panel looks stuck. Clicking the feed and trying another scroll.
2026-03-30 05:00:43 | INFO | Results panel looks stuck. Clicking the feed and trying another scroll.
2026-03-30 05:01:42 | INFO | Results panel looks stuck. Clicking the feed and trying another scroll.
2026-03-30 05:01:43 | INFO | Results panel looks stuck. Clicking the feed and trying another scroll.
2026-03-30 05:01:47 | INFO | Results panel looks stuck. Clicking the feed and trying another scroll.
2026-03-30 05:02:44 | INFO | Results panel looks stuck. Clicking the feed and trying another scroll.
2026-03-30 05:02:47 | INFO | Results panel looks stuck. Clicking the feed and trying another scroll.
2026-03-30 05:02:51 | INFO | Results panel looks stuck. Clicking the feed and trying another scroll.
2026-03-30 05:03:46 | INFO | Results panel looks stuck. Clicking the feed and trying another scroll.
2026-03-30 05:03:52 | INFO | Results panel looks stuck. Clicking the feed and trying another scroll.
2026-03-30 05:03:55 | INFO | Results panel looks stuck. Clicking the feed and trying another scroll.
2026-03-30 05:04:49 | INFO | Results panel looks stuck. Clicking the feed and trying another scroll.
2026-03-30 05:04:55 | INFO | Results panel looks stuck. Clicking the feed and trying another scroll.
2026-03-30 05:04:59 | INFO | Results panel looks stuck. Clicking the feed and trying another scroll.
2026-03-30 05:05:52 | INFO | Results panel looks stuck. Clicking the feed and trying another scroll.
2026-03-30 05:06:00 | INFO | Results panel looks stuck. Clicking the feed and trying another scroll.
2026-03-30 05:06:04 | INFO | Results panel looks stuck. Clicking the feed and trying another scroll.
2026-03-30 05:06:55 | INFO | Results panel looks stuck. Clicking the feed and trying another scroll.
2026-03-30 05:07:04 | INFO | Results panel looks stuck. Clicking the feed and trying another scroll.
2026-03-30 05:07:09 | INFO | Results panel looks stuck. Clicking the feed and trying another scroll.
2026-03-30 05:07:58 | INFO | Results panel looks stuck. Clicking the feed and trying another scroll.
2026-03-30 05:08:09 | INFO | Results panel looks stuck. Clicking the feed and trying another scroll.
2026-03-30 05:08:13 | INFO | Results panel looks stuck. Clicking the feed and trying another scroll.
2026-03-30 05:09:01 | INFO | Results panel looks stuck. Clicking the feed and trying another scroll.
2026-03-30 05:09:13 | INFO | Results panel looks stuck. Clicking the feed and trying another scroll.
2026-03-30 05:09:17 | INFO | Results panel looks stuck. Clicking the feed and trying another scroll.
2026-03-30 05:10:03 | INFO | Results panel looks stuck. Clicking the feed and trying another scroll.
2026-03-30 05:10:17 | INFO | Results panel looks stuck. Clicking the feed and trying another scroll.
2026-03-30 05:10:21 | INFO | Results panel looks stuck. Clicking the feed and trying another scroll.
2026-03-30 05:11:06 | INFO | Results panel looks stuck. Clicking the feed and trying another scroll.
2026-03-30 05:11:20 | INFO | Results panel looks stuck. Clicking the feed and trying another scroll.
2026-03-30 05:11:24 | INFO | Results panel looks stuck. Clicking the feed and trying another scroll.
2026-03-30 05:12:09 | INFO | Results panel looks stuck. Clicking the feed and trying another scroll.
2026-03-30 05:12:25 | INFO | Results panel looks stuck. Clicking the feed and trying another scroll.
2026-03-30 05:12:29 | INFO | Results panel looks stuck. Clicking the feed and trying another scroll.
2026-03-30 05:13:11 | INFO | Results panel looks stuck. Clicking the feed and trying another scroll.
2026-03-30 05:13:30 | INFO | Results panel looks stuck. Clicking the feed and trying another scroll.
2026-03-30 05:13:33 | INFO | Results panel looks stuck. Clicking the feed and trying another scroll.
2026-03-30 05:14:14 | INFO | Results panel looks stuck. Clicking the feed and trying another scroll.
2026-03-30 05:14:34 | INFO | Results panel looks stuck. Clicking the feed and trying another scroll.
2026-03-30 05:14:37 | INFO | Results panel looks stuck. Clicking the feed and trying another scroll.
2026-03-30 05:15:17 | INFO | Results panel looks stuck. Clicking the feed and trying another scroll.
2026-03-30 05:15:39 | INFO | Results panel looks stuck. Clicking the feed and trying another scroll.
2026-03-30 05:15:41 | INFO | Results panel looks stuck. Clicking the feed and trying another scroll.
2026-03-30 05:16:20 | INFO | Results panel looks stuck. Clicking the feed and trying another scroll.
2026-03-30 05:16:43 | INFO | Results panel looks stuck. Clicking the feed and trying another scroll.
2026-03-30 05:16:46 | INFO | Results panel looks stuck. Clicking the feed and trying another scroll.
2026-03-30 05:17:23 | INFO | Results panel looks stuck. Clicking the feed and trying another scroll.
2026-03-30 05:17:48 | INFO | Results panel looks stuck. Clicking the feed and trying another scroll.
2026-03-30 05:17:50 | INFO | Results panel looks stuck. Clicking the feed and trying another scroll.
2026-03-30 05:18:26 | INFO | Results panel looks stuck. Clicking the feed and trying another scroll.
2026-03-30 05:18:52 | INFO | Results panel looks stuck. Clicking the feed and trying another scroll.
2026-03-30 05:18:54 | INFO | Results panel looks stuck. Clicking the feed and trying another scroll.
2026-03-30 05:19:28 | INFO | Results panel looks stuck. Clicking the feed and trying another scroll.
2026-03-30 05:19:56 | INFO | Results panel looks stuck. Clicking the feed and trying another scroll.
2026-03-30 05:19:59 | INFO | Results panel looks stuck. Clicking the feed and trying another scroll.
2026-03-30 05:20:31 | INFO | Results panel looks stuck. Clicking the feed and trying another scroll.
2026-03-30 05:20:59 | INFO | Results panel looks stuck. Clicking the feed and trying another scroll.
2026-03-30 05:21:03 | INFO | Results panel looks stuck. Clicking the feed and trying another scroll.
2026-03-30 05:21:34 | INFO | Results panel looks stuck. Clicking the feed and trying another scroll.
2026-03-30 05:22:04 | INFO | Results panel looks stuck. Clicking the feed and trying another scroll.
2026-03-30 05:22:08 | INFO | Results panel looks stuck. Clicking the feed and trying another scroll.
2026-03-30 05:22:36 | INFO | Results panel looks stuck. Clicking the feed and trying another scroll.
2026-03-30 05:23:08 | INFO | Results panel looks stuck. Clicking the feed and trying another scroll.
2026-03-30 05:23:12 | INFO | Results panel looks stuck. Clicking the feed and trying another scroll.
2026-03-30 05:23:40 | INFO | Results panel looks stuck. Clicking the feed and trying another scroll.
2026-03-30 05:24:13 | INFO | Results panel looks stuck. Clicking the feed and trying another scroll.
2026-03-30 05:24:15 | INFO | Results panel looks stuck. Clicking the feed and trying another scroll.
2026-03-30 05:24:43 | INFO | Results panel looks stuck. Clicking the feed and trying another scroll.
2026-03-30 05:25:16 | INFO | Results panel looks stuck. Clicking the feed and trying another scroll.
2026-03-30 05:25:18 | INFO | Results panel looks stuck. Clicking the feed and trying another scroll.
2026-03-30 05:25:46 | INFO | Results panel looks stuck. Clicking the feed and trying another scroll.
2026-03-30 05:26:20 | INFO | Results panel looks stuck. Clicking the feed and trying another scroll.
2026-03-30 05:26:23 | INFO | Results panel looks stuck. Clicking the feed and trying another scroll.
2026-03-30 05:26:48 | INFO | Results panel looks stuck. Clicking the feed and trying another scroll.
2026-03-30 05:27:24 | INFO | Results panel looks stuck. Clicking the feed and trying another scroll.
2026-03-30 05:27:27 | INFO | Results panel looks stuck. Clicking the feed and trying another scroll.
2026-03-30 05:27:51 | INFO | Results panel looks stuck. Clicking the feed and trying another scroll.
2026-03-30 05:28:28 | INFO | Results panel looks stuck. Clicking the feed and trying another scroll.
2026-03-30 05:28:31 | INFO | Results panel looks stuck. Clicking the feed and trying another scroll.
2026-03-30 05:28:53 | INFO | Results panel looks stuck. Clicking the feed and trying another scroll.
2026-03-30 05:29:32 | INFO | Results panel looks stuck. Clicking the feed and trying another scroll.
2026-03-30 05:29:35 | INFO | Results panel looks stuck. Clicking the feed and trying another scroll.
2026-03-30 05:29:56 | INFO | Results panel looks stuck. Clicking the feed and trying another scroll.
2026-03-30 05:30:37 | INFO | Results panel looks stuck. Clicking the feed and trying another scroll.
2026-03-30 05:30:39 | INFO | Results panel looks stuck. Clicking the feed and trying another scroll.
2026-03-30 05:30:59 | INFO | Results panel looks stuck. Clicking the feed and trying another scroll.
2026-03-30 05:31:40 | INFO | Results panel looks stuck. Clicking the feed and trying another scroll.
2026-03-30 05:31:44 | INFO | Results panel looks stuck. Clicking the feed and trying another scroll.
2026-03-30 05:32:02 | INFO | Results panel looks stuck. Clicking the feed and trying another scroll.
2026-03-30 05:32:45 | INFO | Results panel looks stuck. Clicking the feed and trying another scroll.
2026-03-30 05:32:47 | INFO | Results panel looks stuck. Clicking the feed and trying another scroll.
2026-03-30 05:33:05 | INFO | Results panel looks stuck. Clicking the feed and trying another scroll.
2026-03-30 05:33:49 | INFO | Results panel looks stuck. Clicking the feed and trying another scroll.
2026-03-30 05:33:52 | INFO | Results panel looks stuck. Clicking the feed and trying another scroll.
2026-03-30 05:34:07 | INFO | Results panel looks stuck. Clicking the feed and trying another scroll.
2026-03-30 05:34:52 | INFO | Results panel looks stuck. Clicking the feed and trying another scroll.
2026-03-30 05:34:56 | INFO | Results panel looks stuck. Clicking the feed and trying another scroll.
2026-03-30 05:35:10 | INFO | Results panel looks stuck. Clicking the feed and trying another scroll.
2026-03-30 05:35:57 | INFO | Results panel looks stuck. Clicking the feed and trying another scroll.
2026-03-30 05:36:00 | INFO | Results panel looks stuck. Clicking the feed and trying another scroll.
2026-03-30 05:36:13 | INFO | Results panel looks stuck. Clicking the feed and trying another scroll.
2026-03-30 05:37:02 | INFO | Results panel looks stuck. Clicking the feed and trying another scroll.
2026-03-30 05:37:04 | INFO | Results panel looks stuck. Clicking the feed and trying another scroll.
2026-03-30 05:37:17 | INFO | Results panel looks stuck. Clicking the feed and trying another scroll.
2026-03-30 05:38:07 | INFO | Results panel looks stuck. Clicking the feed and trying another scroll.
2026-03-30 05:38:08 | INFO | Results panel looks stuck. Clicking the feed and trying another scroll.
2026-03-30 05:38:19 | INFO | Results panel looks stuck. Clicking the feed and trying another scroll.
2026-03-30 05:39:12 | INFO | Results panel looks stuck. Clicking the feed and trying another scroll.
2026-03-30 05:39:12 | INFO | Results panel looks stuck. Clicking the feed and trying another scroll.
2026-03-30 05:39:21 | INFO | Results panel looks stuck. Clicking the feed and trying another scroll.
2026-03-30 05:40:16 | INFO | Results panel looks stuck. Clicking the feed and trying another scroll.
2026-03-30 05:40:17 | INFO | Results panel looks stuck. Clicking the feed and trying another scroll.
2026-03-30 05:40:24 | INFO | Results panel looks stuck. Clicking the feed and trying another scroll.
2026-03-30 05:41:20 | INFO | Results panel looks stuck. Clicking the feed and trying another scroll.
2026-03-30 05:41:23 | INFO | Results panel looks stuck. Clicking the feed and trying another scroll.
2026-03-30 05:41:27 | INFO | Results panel looks stuck. Clicking the feed and trying another scroll.
2026-03-30 05:42:24 | INFO | Results panel looks stuck. Clicking the feed and trying another scroll.
2026-03-30 05:42:27 | INFO | Results panel looks stuck. Clicking the feed and trying another scroll.
2026-03-30 05:42:30 | INFO | Results panel looks stuck. Clicking the feed and trying another scroll.
2026-03-30 05:43:28 | INFO | Results panel looks stuck. Clicking the feed and trying another scroll.
2026-03-30 05:43:31 | INFO | Results panel looks stuck. Clicking the feed and trying another scroll.
2026-03-30 05:43:34 | INFO | Results panel looks stuck. Clicking the feed and trying another scroll.
2026-03-30 05:44:31 | INFO | Results panel looks stuck. Clicking the feed and trying another scroll.
2026-03-30 05:44:35 | INFO | Results panel looks stuck. Clicking the feed and trying another scroll.
2026-03-30 05:44:36 | INFO | Results panel looks stuck. Clicking the feed and trying another scroll.
2026-03-30 05:45:36 | INFO | Results panel looks stuck. Clicking the feed and trying another scroll.
2026-03-30 05:45:38 | INFO | Results panel looks stuck. Clicking the feed and trying another scroll.
2026-03-30 05:45:40 | INFO | Results panel looks stuck. Clicking the feed and trying another scroll.
2026-03-30 05:46:40 | INFO | Results panel looks stuck. Clicking the feed and trying another scroll.
2026-03-30 05:46:42 | INFO | Results panel looks stuck. Clicking the feed and trying another scroll.
2026-03-30 05:46:44 | INFO | Results panel looks stuck. Clicking the feed and trying another scroll.
2026-03-30 05:47:44 | INFO | Results panel looks stuck. Clicking the feed and trying another scroll.
2026-03-30 05:47:45 | INFO | Results panel looks stuck. Clicking the feed and trying another scroll.
2026-03-30 05:47:48 | INFO | Results panel looks stuck. Clicking the feed and trying another scroll.
2026-03-30 05:48:47 | INFO | Results panel looks stuck. Clicking the feed and trying another scroll.
2026-03-30 05:48:48 | INFO | Results panel looks stuck. Clicking the feed and trying another scroll.
2026-03-30 05:48:52 | INFO | Results panel looks stuck. Clicking the feed and trying another scroll.
2026-03-30 05:49:50 | INFO | Results panel looks stuck. Clicking the feed and trying another scroll.
2026-03-30 05:49:51 | INFO | Results panel looks stuck. Clicking the feed and trying another scroll.
2026-03-30 05:49:55 | INFO | Results panel looks stuck. Clicking the feed and trying another scroll.
2026-03-30 05:50:52 | INFO | Results panel looks stuck. Clicking the feed and trying another scroll.
2026-03-30 05:50:56 | INFO | Results panel looks stuck. Clicking the feed and trying another scroll.
2026-03-30 05:50:59 | INFO | Results panel looks stuck. Clicking the feed and trying another scroll.
2026-03-30 05:51:55 | INFO | Results panel looks stuck. Clicking the feed and trying another scroll.
2026-03-30 05:52:00 | INFO | Results panel looks stuck. Clicking the feed and trying another scroll.
2026-03-30 05:52:03 | INFO | Results panel looks stuck. Clicking the feed and trying another scroll.
2026-03-30 05:52:58 | INFO | Results panel looks stuck. Clicking the feed and trying another scroll.
2026-03-30 05:53:05 | INFO | Results panel looks stuck. Clicking the feed and trying another scroll.
2026-03-30 05:53:08 | INFO | Results panel looks stuck. Clicking the feed and trying another scroll.
2026-03-30 05:54:01 | INFO | Results panel looks stuck. Clicking the feed and trying another scroll.
2026-03-30 05:54:10 | INFO | Results panel looks stuck. Clicking the feed and trying another scroll.
2026-03-30 05:54:13 | INFO | Results panel looks stuck. Clicking the feed and trying another scroll.
2026-03-30 05:55:04 | INFO | Results panel looks stuck. Clicking the feed and trying another scroll.
2026-03-30 05:55:13 | INFO | Results panel looks stuck. Clicking the feed and trying another scroll.
2026-03-30 05:55:18 | INFO | Results panel looks stuck. Clicking the feed and trying another scroll.
2026-03-30 05:56:07 | INFO | Results panel looks stuck. Clicking the feed and trying another scroll.
2026-03-30 05:56:18 | INFO | Results panel looks stuck. Clicking the feed and trying another scroll.
2026-03-30 05:56:22 | INFO | Results panel looks stuck. Clicking the feed and trying another scroll.
2026-03-30 05:57:10 | INFO | Results panel looks stuck. Clicking the feed and trying another scroll.
2026-03-30 05:57:23 | INFO | Results panel looks stuck. Clicking the feed and trying another scroll.
2026-03-30 05:57:26 | INFO | Results panel looks stuck. Clicking the feed and trying another scroll.
2026-03-30 05:58:13 | INFO | Results panel looks stuck. Clicking the feed and trying another scroll.
2026-03-30 05:58:27 | INFO | Results panel looks stuck. Clicking the feed and trying another scroll.
2026-03-30 05:58:30 | INFO | Results panel looks stuck. Clicking the feed and trying another scroll.
2026-03-30 05:59:16 | INFO | Results panel looks stuck. Clicking the feed and trying another scroll.
2026-03-30 05:59:30 | INFO | Results panel looks stuck. Clicking the feed and trying another scroll.
2026-03-30 05:59:34 | INFO | Results panel looks stuck. Clicking the feed and trying another scroll.
2026-03-30 06:00:19 | INFO | Results panel looks stuck. Clicking the feed and trying another scroll.
2026-03-30 06:00:34 | INFO | Results panel looks stuck. Clicking the feed and trying another scroll.
2026-03-30 06:00:38 | INFO | Results panel looks stuck. Clicking the feed and trying another scroll.
2026-03-30 06:01:22 | INFO | Results panel looks stuck. Clicking the feed and trying another scroll.
2026-03-30 06:01:38 | INFO | Results panel looks stuck. Clicking the feed and trying another scroll.
2026-03-30 06:01:42 | INFO | Results panel looks stuck. Clicking the feed and trying another scroll.
2026-03-30 06:02:25 | INFO | Results panel looks stuck. Clicking the feed and trying another scroll.
2026-03-30 06:02:42 | INFO | Results panel looks stuck. Clicking the feed and trying another scroll.
2026-03-30 06:02:47 | INFO | Results panel looks stuck. Clicking the feed and trying another scroll.
2026-03-30 06:03:28 | INFO | Results panel looks stuck. Clicking the feed and trying another scroll.
2026-03-30 06:03:47 | INFO | Results panel looks stuck. Clicking the feed and trying another scroll.
2026-03-30 06:03:51 | INFO | Results panel looks stuck. Clicking the feed and trying another scroll.
2026-03-30 06:04:31 | INFO | Results panel looks stuck. Clicking the feed and trying another scroll.
2026-03-30 06:04:52 | INFO | Results panel looks stuck. Clicking the feed and trying another scroll.
2026-03-30 06:04:56 | INFO | Results panel looks stuck. Clicking the feed and trying another scroll.
2026-03-30 06:05:34 | INFO | Results panel looks stuck. Clicking the feed and trying another scroll.
2026-03-30 06:05:56 | INFO | Results panel looks stuck. Clicking the feed and trying another scroll.
2026-03-30 06:06:00 | INFO | Results panel looks stuck. Clicking the feed and trying another scroll.
2026-03-30 06:06:37 | INFO | Results panel looks stuck. Clicking the feed and trying another scroll.
2026-03-30 06:07:00 | INFO | Results panel looks stuck. Clicking the feed and trying another scroll.
2026-03-30 06:07:03 | INFO | Results panel looks stuck. Clicking the feed and trying another scroll.
2026-03-30 06:07:40 | INFO | Results panel looks stuck. Clicking the feed and trying another scroll.
2026-03-30 06:08:04 | INFO | Results panel looks stuck. Clicking the feed and trying another scroll.
2026-03-30 06:08:07 | INFO | Results panel looks stuck. Clicking the feed and trying another scroll.
2026-03-30 06:08:43 | INFO | Results panel looks stuck. Clicking the feed and trying another scroll.
2026-03-30 06:09:08 | INFO | Results panel looks stuck. Clicking the feed and trying another scroll.
2026-03-30 06:09:11 | INFO | Results panel looks stuck. Clicking the feed and trying another scroll.
2026-03-30 06:09:46 | INFO | Results panel looks stuck. Clicking the feed and trying another scroll.
2026-03-30 06:10:13 | INFO | Results panel looks stuck. Clicking the feed and trying another scroll.
2026-03-30 06:10:15 | INFO | Results panel looks stuck. Clicking the feed and trying another scroll.
2026-03-30 06:10:48 | INFO | Results panel looks stuck. Clicking the feed and trying another scroll.
2026-03-30 06:11:18 | INFO | Results panel looks stuck. Clicking the feed and trying another scroll.
2026-03-30 06:11:19 | INFO | Results panel looks stuck. Clicking the feed and trying another scroll.
2026-03-30 06:11:50 | INFO | Results panel looks stuck. Clicking the feed and trying another scroll.
2026-03-30 06:12:22 | INFO | Results panel looks stuck. Clicking the feed and trying another scroll.
2026-03-30 06:12:24 | INFO | Results panel looks stuck. Clicking the feed and trying another scroll.
2026-03-30 06:12:52 | INFO | Results panel looks stuck. Clicking the feed and trying another scroll.
2026-03-30 06:13:26 | INFO | Results panel looks stuck. Clicking the feed and trying another scroll.
2026-03-30 06:13:28 | INFO | Results panel looks stuck. Clicking the feed and trying another scroll.
2026-03-30 06:13:55 | INFO | Results panel looks stuck. Clicking the feed and trying another scroll.
2026-03-30 06:14:31 | INFO | Results panel looks stuck. Clicking the feed and trying another scroll.
2026-03-30 06:14:32 | INFO | Results panel looks stuck. Clicking the feed and trying another scroll.
2026-03-30 06:14:57 | INFO | Results panel looks stuck. Clicking the feed and trying another scroll.
2026-03-30 06:15:35 | INFO | Results panel looks stuck. Clicking the feed and trying another scroll.
2026-03-30 06:15:37 | INFO | Results panel looks stuck. Clicking the feed and trying another scroll.
2026-03-30 06:16:00 | INFO | Results panel looks stuck. Clicking the feed and trying another scroll.
2026-03-30 06:16:40 | INFO | Results panel looks stuck. Clicking the feed and trying another scroll.
2026-03-30 06:16:41 | INFO | Results panel looks stuck. Clicking the feed and trying another scroll.
2026-03-30 06:17:03 | INFO | Results panel looks stuck. Clicking the feed and trying another scroll.
2026-03-30 06:17:44 | INFO | Results panel looks stuck. Clicking the feed and trying another scroll.
2026-03-30 06:17:46 | INFO | Results panel looks stuck. Clicking the feed and trying another scroll.
2026-03-30 06:18:05 | INFO | Results panel looks stuck. Clicking the feed and trying another scroll.
2026-03-30 06:18:47 | INFO | Results panel looks stuck. Clicking the feed and trying another scroll.
2026-03-30 06:18:51 | INFO | Results panel looks stuck. Clicking the feed and trying another scroll.
2026-03-30 06:19:08 | INFO | Results panel looks stuck. Clicking the feed and trying another scroll.
2026-03-30 06:19:52 | INFO | Results panel looks stuck. Clicking the feed and trying another scroll.
2026-03-30 06:19:54 | INFO | Results panel looks stuck. Clicking the feed and trying another scroll.
2026-03-30 06:20:10 | INFO | Results panel looks stuck. Clicking the feed and trying another scroll.
2026-03-30 06:20:55 | INFO | Results panel looks stuck. Clicking the feed and trying another scroll.
2026-03-30 06:20:58 | INFO | Results panel looks stuck. Clicking the feed and trying another scroll.
2026-03-30 06:21:13 | INFO | Results panel looks stuck. Clicking the feed and trying another scroll.
2026-03-30 06:22:00 | INFO | Results panel looks stuck. Clicking the feed and trying another scroll.
2026-03-30 06:22:03 | INFO | Results panel looks stuck. Clicking the feed and trying another scroll.
2026-03-30 06:22:16 | INFO | Results panel looks stuck. Clicking the feed and trying another scroll.
2026-03-30 06:23:05 | INFO | Results panel looks stuck. Clicking the feed and trying another scroll.
2026-03-30 06:23:06 | INFO | Results panel looks stuck. Clicking the feed and trying another scroll.
2026-03-30 06:23:18 | INFO | Results panel looks stuck. Clicking the feed and trying another scroll.
2026-03-30 06:24:10 | INFO | Results panel looks stuck. Clicking the feed and trying another scroll.
2026-03-30 06:24:10 | INFO | Results panel looks stuck. Clicking the feed and trying another scroll.
2026-03-30 06:24:20 | INFO | Results panel looks stuck. Clicking the feed and trying another scroll.
2026-03-30 06:25:14 | INFO | Results panel looks stuck. Clicking the feed and trying another scroll.
2026-03-30 06:25:15 | INFO | Results panel looks stuck. Clicking the feed and trying another scroll.
2026-03-30 06:25:24 | INFO | Results panel looks stuck. Clicking the feed and trying another scroll.
2026-03-30 06:26:18 | INFO | Results panel looks stuck. Clicking the feed and trying another scroll.
2026-03-30 06:26:20 | INFO | Results panel looks stuck. Clicking the feed and trying another scroll.
2026-03-30 06:26:27 | INFO | Results panel looks stuck. Clicking the feed and trying another scroll.
2026-03-30 06:27:22 | INFO | Results panel looks stuck. Clicking the feed and trying another scroll.
2026-03-30 06:27:25 | INFO | Results panel looks stuck. Clicking the feed and trying another scroll.
2026-03-30 06:27:30 | INFO | Results panel looks stuck. Clicking the feed and trying another scroll.
2026-03-30 06:28:28 | INFO | Results panel looks stuck. Clicking the feed and trying another scroll.
2026-03-30 06:28:30 | INFO | Results panel looks stuck. Clicking the feed and trying another scroll.
2026-03-30 06:28:33 | INFO | Results panel looks stuck. Clicking the feed and trying another scroll.
2026-03-30 06:29:31 | INFO | Results panel looks stuck. Clicking the feed and trying another scroll.
2026-03-30 06:29:34 | INFO | Results panel looks stuck. Clicking the feed and trying another scroll.
2026-03-30 06:29:36 | INFO | Results panel looks stuck. Clicking the feed and trying another scroll.
2026-03-30 06:30:35 | INFO | Results panel looks stuck. Clicking the feed and trying another scroll.
2026-03-30 06:30:38 | INFO | Results panel looks stuck. Clicking the feed and trying another scroll.
2026-03-30 06:30:39 | INFO | Results panel looks stuck. Clicking the feed and trying another scroll.
2026-03-30 06:31:40 | INFO | Results panel looks stuck. Clicking the feed and trying another scroll.
2026-03-30 06:31:40 | INFO | Results panel looks stuck. Clicking the feed and trying another scroll.
2026-03-30 06:31:43 | INFO | Results panel looks stuck. Clicking the feed and trying another scroll.
2026-03-30 06:32:43 | INFO | Results panel looks stuck. Clicking the feed and trying another scroll.
2026-03-30 06:32:44 | INFO | Results panel looks stuck. Clicking the feed and trying another scroll.
2026-03-30 06:32:47 | INFO | Results panel looks stuck. Clicking the feed and trying another scroll.
2026-03-30 06:33:47 | INFO | Results panel looks stuck. Clicking the feed and trying another scroll.
2026-03-30 06:33:49 | INFO | Results panel looks stuck. Clicking the feed and trying another scroll.
2026-03-30 06:33:52 | INFO | Results panel looks stuck. Clicking the feed and trying another scroll.
2026-03-30 06:34:49 | INFO | Results panel looks stuck. Clicking the feed and trying another scroll.
2026-03-30 06:34:54 | INFO | Results panel looks stuck. Clicking the feed and trying another scroll.
2026-03-30 06:34:57 | INFO | Results panel looks stuck. Clicking the feed and trying another scroll.
2026-03-30 06:35:53 | INFO | Results panel looks stuck. Clicking the feed and trying another scroll.
2026-03-30 06:35:58 | INFO | Results panel looks stuck. Clicking the feed and trying another scroll.
2026-03-30 06:36:01 | INFO | Results panel looks stuck. Clicking the feed and trying another scroll.
2026-03-30 06:36:55 | INFO | Results panel looks stuck. Clicking the feed and trying another scroll.
2026-03-30 06:37:01 | INFO | Results panel looks stuck. Clicking the feed and trying another scroll.
2026-03-30 06:37:06 | INFO | Results panel looks stuck. Clicking the feed and trying another scroll.
2026-03-30 06:37:58 | INFO | Results panel looks stuck. Clicking the feed and trying another scroll.
2026-03-30 06:38:06 | INFO | Results panel looks stuck. Clicking the feed and trying another scroll.
2026-03-30 06:38:10 | INFO | Results panel looks stuck. Clicking the feed and trying another scroll.
2026-03-30 06:39:00 | INFO | Results panel looks stuck. Clicking the feed and trying another scroll.
2026-03-30 06:39:09 | INFO | Results panel looks stuck. Clicking the feed and trying another scroll.
2026-03-30 06:39:14 | INFO | Results panel looks stuck. Clicking the feed and trying another scroll.
2026-03-30 06:40:03 | INFO | Results panel looks stuck. Clicking the feed and trying another scroll.
2026-03-30 06:40:14 | INFO | Results panel looks stuck. Clicking the feed and trying another scroll.
2026-03-30 06:40:19 | INFO | Results panel looks stuck. Clicking the feed and trying another scroll.
2026-03-30 06:41:06 | INFO | Results panel looks stuck. Clicking the feed and trying another scroll.
2026-03-30 06:41:18 | INFO | Results panel looks stuck. Clicking the feed and trying another scroll.
2026-03-30 06:41:24 | INFO | Results panel looks stuck. Clicking the feed and trying another scroll.
2026-03-30 06:42:08 | INFO | Results panel looks stuck. Clicking the feed and trying another scroll.
2026-03-30 06:42:23 | INFO | Results panel looks stuck. Clicking the feed and trying another scroll.
2026-03-30 06:42:28 | INFO | Results panel looks stuck. Clicking the feed and trying another scroll.
2026-03-30 06:43:10 | INFO | Results panel looks stuck. Clicking the feed and trying another scroll.
2026-03-30 06:43:29 | INFO | Results panel looks stuck. Clicking the feed and trying another scroll.
2026-03-30 06:43:32 | INFO | Results panel looks stuck. Clicking the feed and trying another scroll.
2026-03-30 06:44:14 | INFO | Results panel looks stuck. Clicking the feed and trying another scroll.
2026-03-30 06:44:34 | INFO | Results panel looks stuck. Clicking the feed and trying another scroll.
2026-03-30 06:44:36 | INFO | Results panel looks stuck. Clicking the feed and trying another scroll.
2026-03-30 06:45:17 | INFO | Results panel looks stuck. Clicking the feed and trying another scroll.
2026-03-30 06:45:39 | INFO | Results panel looks stuck. Clicking the feed and trying another scroll.
2026-03-30 06:45:41 | INFO | Results panel looks stuck. Clicking the feed and trying another scroll.
2026-03-30 06:46:19 | INFO | Results panel looks stuck. Clicking the feed and trying another scroll.
2026-03-30 06:46:43 | INFO | Results panel looks stuck. Clicking the feed and trying another scroll.
2026-03-30 06:46:45 | INFO | Results panel looks stuck. Clicking the feed and trying another scroll.
2026-03-30 06:47:21 | INFO | Results panel looks stuck. Clicking the feed and trying another scroll.
2026-03-30 06:47:48 | INFO | Results panel looks stuck. Clicking the feed and trying another scroll.
2026-03-30 06:47:49 | INFO | Results panel looks stuck. Clicking the feed and trying another scroll.
2026-03-30 06:48:24 | INFO | Results panel looks stuck. Clicking the feed and trying another scroll.
2026-03-30 06:48:52 | INFO | Results panel looks stuck. Clicking the feed and trying another scroll.
2026-03-30 06:48:54 | INFO | Results panel looks stuck. Clicking the feed and trying another scroll.
2026-03-30 06:49:27 | INFO | Results panel looks stuck. Clicking the feed and trying another scroll.
2026-03-30 06:49:56 | INFO | Results panel looks stuck. Clicking the feed and trying another scroll.
2026-03-30 06:49:58 | INFO | Results panel looks stuck. Clicking the feed and trying another scroll.
2026-03-30 06:50:30 | INFO | Results panel looks stuck. Clicking the feed and trying another scroll.
2026-03-30 06:51:00 | INFO | Results panel looks stuck. Clicking the feed and trying another scroll.
2026-03-30 06:51:02 | INFO | Results panel looks stuck. Clicking the feed and trying another scroll.
2026-03-30 06:51:34 | INFO | Results panel looks stuck. Clicking the feed and trying another scroll.
2026-03-30 06:52:04 | INFO | Results panel looks stuck. Clicking the feed and trying another scroll.
2026-03-30 06:52:07 | INFO | Results panel looks stuck. Clicking the feed and trying another scroll.
2026-03-30 06:52:36 | INFO | Results panel looks stuck. Clicking the feed and trying another scroll.
2026-03-30 06:53:08 | INFO | Results panel looks stuck. Clicking the feed and trying another scroll.
2026-03-30 06:53:11 | INFO | Results panel looks stuck. Clicking the feed and trying another scroll.
2026-03-30 06:53:40 | INFO | Results panel looks stuck. Clicking the feed and trying another scroll.
2026-03-30 06:54:12 | INFO | Results panel looks stuck. Clicking the feed and trying another scroll.
2026-03-30 06:54:16 | INFO | Results panel looks stuck. Clicking the feed and trying another scroll.
2026-03-30 06:54:43 | INFO | Results panel looks stuck. Clicking the feed and trying another scroll.
2026-03-30 06:55:16 | INFO | Results panel looks stuck. Clicking the feed and trying another scroll.
2026-03-30 06:55:20 | INFO | Results panel looks stuck. Clicking the feed and trying another scroll.
2026-03-30 06:55:46 | INFO | Results panel looks stuck. Clicking the feed and trying another scroll.
2026-03-30 06:56:20 | INFO | Results panel looks stuck. Clicking the feed and trying another scroll.
2026-03-30 06:56:24 | INFO | Results panel looks stuck. Clicking the feed and trying another scroll.
2026-03-30 06:56:49 | INFO | Results panel looks stuck. Clicking the feed and trying another scroll.
2026-03-30 06:57:24 | INFO | Results panel looks stuck. Clicking the feed and trying another scroll.
2026-03-30 06:57:28 | INFO | Results panel looks stuck. Clicking the feed and trying another scroll.
2026-03-30 06:57:51 | INFO | Results panel looks stuck. Clicking the feed and trying another scroll.
2026-03-30 06:58:28 | INFO | Results panel looks stuck. Clicking the feed and trying another scroll.
2026-03-30 06:58:33 | INFO | Results panel looks stuck. Clicking the feed and trying another scroll.
2026-03-30 06:58:53 | INFO | Results panel looks stuck. Clicking the feed and trying another scroll.
2026-03-30 06:59:31 | INFO | Results panel looks stuck. Clicking the feed and trying another scroll.
2026-03-30 06:59:36 | INFO | Results panel looks stuck. Clicking the feed and trying another scroll.
2026-03-30 06:59:54 | INFO | Results panel looks stuck. Clicking the feed and trying another scroll.
2026-03-30 07:00:36 | INFO | Results panel looks stuck. Clicking the feed and trying another scroll.
2026-03-30 07:00:41 | INFO | Results panel looks stuck. Clicking the feed and trying another scroll.
2026-03-30 07:00:56 | INFO | Results panel looks stuck. Clicking the feed and trying another scroll.
2026-03-30 07:01:40 | INFO | Results panel looks stuck. Clicking the feed and trying another scroll.
2026-03-30 07:01:45 | INFO | Results panel looks stuck. Clicking the feed and trying another scroll.
2026-03-30 07:02:00 | INFO | Results panel looks stuck. Clicking the feed and trying another scroll.
2026-03-30 07:02:45 | INFO | Results panel looks stuck. Clicking the feed and trying another scroll.
2026-03-30 07:02:48 | INFO | Results panel looks stuck. Clicking the feed and trying another scroll.
2026-03-30 07:03:02 | INFO | Results panel looks stuck. Clicking the feed and trying another scroll.
2026-03-30 07:03:49 | INFO | Results panel looks stuck. Clicking the feed and trying another scroll.
2026-03-30 07:03:52 | INFO | Results panel looks stuck. Clicking the feed and trying another scroll.
2026-03-30 07:04:06 | INFO | Results panel looks stuck. Clicking the feed and trying another scroll.
2026-03-30 07:04:54 | INFO | Results panel looks stuck. Clicking the feed and trying another scroll.
2026-03-30 07:04:57 | INFO | Results panel looks stuck. Clicking the feed and trying another scroll.
2026-03-30 07:05:09 | INFO | Results panel looks stuck. Clicking the feed and trying another scroll.
2026-03-30 07:05:58 | INFO | Results panel looks stuck. Clicking the feed and trying another scroll.
2026-03-30 07:06:00 | INFO | Results panel looks stuck. Clicking the feed and trying another scroll.
2026-03-30 07:06:12 | INFO | Results panel looks stuck. Clicking the feed and trying another scroll.
2026-03-30 07:07:03 | INFO | Results panel looks stuck. Clicking the feed and trying another scroll.
2026-03-30 07:07:04 | INFO | Results panel looks stuck. Clicking the feed and trying another scroll.
2026-03-30 07:07:14 | INFO | Results panel looks stuck. Clicking the feed and trying another scroll.
2026-03-30 07:08:07 | INFO | Results panel looks stuck. Clicking the feed and trying another scroll.
2026-03-30 07:08:07 | INFO | Results panel looks stuck. Clicking the feed and trying another scroll.
2026-03-30 07:08:17 | INFO | Results panel looks stuck. Clicking the feed and trying another scroll.
2026-03-30 07:09:12 | INFO | Results panel looks stuck. Clicking the feed and trying another scroll.
2026-03-30 07:09:13 | INFO | Results panel looks stuck. Clicking the feed and trying another scroll.
2026-03-30 07:09:21 | INFO | Results panel looks stuck. Clicking the feed and trying another scroll.
2026-03-30 07:10:16 | INFO | Results panel looks stuck. Clicking the feed and trying another scroll.
2026-03-30 07:10:17 | INFO | Results panel looks stuck. Clicking the feed and trying another scroll.
2026-03-30 07:10:25 | INFO | Results panel looks stuck. Clicking the feed and trying another scroll.
2026-03-30 07:11:19 | INFO | Results panel looks stuck. Clicking the feed and trying another scroll.
2026-03-30 07:11:21 | INFO | Results panel looks stuck. Clicking the feed and trying another scroll.
2026-03-30 07:11:28 | INFO | Results panel looks stuck. Clicking the feed and trying another scroll.
2026-03-30 07:12:24 | INFO | Results panel looks stuck. Clicking the feed and trying another scroll.
2026-03-30 07:12:26 | INFO | Results panel looks stuck. Clicking the feed and trying another scroll.
2026-03-30 07:12:30 | INFO | Results panel looks stuck. Clicking the feed and trying another scroll.
2026-03-30 07:13:28 | INFO | Results panel looks stuck. Clicking the feed and trying another scroll.
2026-03-30 07:13:31 | INFO | Results panel looks stuck. Clicking the feed and trying another scroll.
2026-03-30 07:13:32 | INFO | Results panel looks stuck. Clicking the feed and trying another scroll.
2026-03-30 07:14:32 | INFO | Results panel looks stuck. Clicking the feed and trying another scroll.
2026-03-30 07:14:35 | INFO | Results panel looks stuck. Clicking the feed and trying another scroll.
2026-03-30 07:14:36 | INFO | Results panel looks stuck. Clicking the feed and trying another scroll.
2026-03-30 07:15:36 | INFO | Results panel looks stuck. Clicking the feed and trying another scroll.
2026-03-30 07:15:38 | INFO | Results panel looks stuck. Clicking the feed and trying another scroll.
2026-03-30 07:15:40 | INFO | Results panel looks stuck. Clicking the feed and trying another scroll.
2026-03-30 07:16:40 | INFO | Results panel looks stuck. Clicking the feed and trying another scroll.
2026-03-30 07:16:41 | INFO | Results panel looks stuck. Clicking the feed and trying another scroll.
2026-03-30 07:16:45 | INFO | Results panel looks stuck. Clicking the feed and trying another scroll.
2026-03-30 07:17:43 | INFO | Results panel looks stuck. Clicking the feed and trying another scroll.
2026-03-30 07:17:44 | INFO | Results panel looks stuck. Clicking the feed and trying another scroll.
2026-03-30 07:17:48 | INFO | Results panel looks stuck. Clicking the feed and trying another scroll.
2026-03-30 07:18:46 | INFO | Results panel looks stuck. Clicking the feed and trying another scroll.
2026-03-30 07:18:48 | INFO | Results panel looks stuck. Clicking the feed and trying another scroll.
2026-03-30 07:18:54 | INFO | Results panel looks stuck. Clicking the feed and trying another scroll.
2026-03-30 07:19:49 | INFO | Results panel looks stuck. Clicking the feed and trying another scroll.
2026-03-30 07:19:53 | INFO | Results panel looks stuck. Clicking the feed and trying another scroll.
2026-03-30 07:19:58 | INFO | Results panel looks stuck. Clicking the feed and trying another scroll.
2026-03-30 07:20:52 | INFO | Results panel looks stuck. Clicking the feed and trying another scroll.
2026-03-30 07:20:56 | INFO | Results panel looks stuck. Clicking the feed and trying another scroll.
2026-03-30 07:21:03 | INFO | Results panel looks stuck. Clicking the feed and trying another scroll.
2026-03-30 07:21:55 | INFO | Results panel looks stuck. Clicking the feed and trying another scroll.
2026-03-30 07:22:00 | INFO | Results panel looks stuck. Clicking the feed and trying another scroll.
2026-03-30 07:22:06 | INFO | Results panel looks stuck. Clicking the feed and trying another scroll.
2026-03-30 07:22:58 | INFO | Results panel looks stuck. Clicking the feed and trying another scroll.
2026-03-30 07:23:04 | INFO | Results panel looks stuck. Clicking the feed and trying another scroll.
2026-03-30 07:23:10 | INFO | Results panel looks stuck. Clicking the feed and trying another scroll.
2026-03-30 07:24:01 | INFO | Results panel looks stuck. Clicking the feed and trying another scroll.
2026-03-30 07:24:08 | INFO | Results panel looks stuck. Clicking the feed and trying another scroll.
2026-03-30 07:24:14 | INFO | Results panel looks stuck. Clicking the feed and trying another scroll.
2026-03-30 07:25:04 | INFO | Results panel looks stuck. Clicking the feed and trying another scroll.
2026-03-30 07:25:13 | INFO | Results panel looks stuck. Clicking the feed and trying another scroll.
2026-03-30 07:25:19 | INFO | Results panel looks stuck. Clicking the feed and trying another scroll.
2026-03-30 07:26:07 | INFO | Results panel looks stuck. Clicking the feed and trying another scroll.
2026-03-30 07:26:17 | INFO | Results panel looks stuck. Clicking the feed and trying another scroll.
2026-03-30 07:26:23 | INFO | Results panel looks stuck. Clicking the feed and trying another scroll.
2026-03-30 07:27:09 | INFO | Results panel looks stuck. Clicking the feed and trying another scroll.
2026-03-30 07:27:22 | INFO | Results panel looks stuck. Clicking the feed and trying another scroll.
2026-03-30 07:27:27 | INFO | Results panel looks stuck. Clicking the feed and trying another scroll.
2026-03-30 07:28:13 | INFO | Results panel looks stuck. Clicking the feed and trying another scroll.
2026-03-30 07:28:25 | INFO | Results panel looks stuck. Clicking the feed and trying another scroll.
2026-03-30 07:28:31 | INFO | Results panel looks stuck. Clicking the feed and trying another scroll.
2026-03-30 07:29:16 | INFO | Results panel looks stuck. Clicking the feed and trying another scroll.
2026-03-30 07:29:29 | INFO | Results panel looks stuck. Clicking the feed and trying another scroll.
2026-03-30 07:29:35 | INFO | Results panel looks stuck. Clicking the feed and trying another scroll.
2026-03-30 07:30:19 | INFO | Results panel looks stuck. Clicking the feed and trying another scroll.
2026-03-30 07:30:33 | INFO | Results panel looks stuck. Clicking the feed and trying another scroll.
2026-03-30 07:30:39 | INFO | Results panel looks stuck. Clicking the feed and trying another scroll.
2026-03-30 07:31:22 | INFO | Results panel looks stuck. Clicking the feed and trying another scroll.
2026-03-30 07:31:39 | INFO | Results panel looks stuck. Clicking the feed and trying another scroll.
2026-03-30 07:31:44 | INFO | Results panel looks stuck. Clicking the feed and trying another scroll.
2026-03-30 07:32:25 | INFO | Results panel looks stuck. Clicking the feed and trying another scroll.
2026-03-30 07:32:43 | INFO | Results panel looks stuck. Clicking the feed and trying another scroll.
2026-03-30 07:32:49 | INFO | Results panel looks stuck. Clicking the feed and trying another scroll.
2026-03-30 07:33:29 | INFO | Results panel looks stuck. Clicking the feed and trying another scroll.
2026-03-30 07:33:48 | INFO | Results panel looks stuck. Clicking the feed and trying another scroll.
2026-03-30 07:33:53 | INFO | Results panel looks stuck. Clicking the feed and trying another scroll.
2026-03-30 07:34:31 | INFO | Results panel looks stuck. Clicking the feed and trying another scroll.
2026-03-30 07:34:52 | INFO | Results panel looks stuck. Clicking the feed and trying another scroll.
2026-03-30 07:34:57 | INFO | Results panel looks stuck. Clicking the feed and trying another scroll.
2026-03-30 07:35:34 | INFO | Results panel looks stuck. Clicking the feed and trying another scroll.
2026-03-30 07:35:56 | INFO | Results panel looks stuck. Clicking the feed and trying another scroll.
2026-03-30 07:36:02 | INFO | Results panel looks stuck. Clicking the feed and trying another scroll.
2026-03-30 07:36:36 | INFO | Results panel looks stuck. Clicking the feed and trying another scroll.
2026-03-30 07:37:01 | INFO | Results panel looks stuck. Clicking the feed and trying another scroll.
2026-03-30 07:37:07 | INFO | Results panel looks stuck. Clicking the feed and trying another scroll.
2026-03-30 07:37:38 | INFO | Results panel looks stuck. Clicking the feed and trying another scroll.
2026-03-30 07:38:06 | INFO | Results panel looks stuck. Clicking the feed and trying another scroll.
2026-03-30 07:38:11 | INFO | Results panel looks stuck. Clicking the feed and trying another scroll.
2026-03-30 07:38:41 | INFO | Results panel looks stuck. Clicking the feed and trying another scroll.
2026-03-30 07:39:11 | INFO | Results panel looks stuck. Clicking the feed and trying another scroll.
2026-03-30 07:39:15 | INFO | Results panel looks stuck. Clicking the feed and trying another scroll.
2026-03-30 07:39:43 | INFO | Results panel looks stuck. Clicking the feed and trying another scroll.
2026-03-30 07:40:16 | INFO | Results panel looks stuck. Clicking the feed and trying another scroll.
2026-03-30 07:40:20 | INFO | Results panel looks stuck. Clicking the feed and trying another scroll.
2026-03-30 07:40:46 | INFO | Results panel looks stuck. Clicking the feed and trying another scroll.
2026-03-30 07:41:20 | INFO | Results panel looks stuck. Clicking the feed and trying another scroll.
2026-03-30 07:41:25 | INFO | Results panel looks stuck. Clicking the feed and trying another scroll.
2026-03-30 07:41:49 | INFO | Results panel looks stuck. Clicking the feed and trying another scroll.
2026-03-30 07:42:25 | INFO | Results panel looks stuck. Clicking the feed and trying another scroll.
2026-03-30 07:42:29 | INFO | Results panel looks stuck. Clicking the feed and trying another scroll.
2026-03-30 07:42:52 | INFO | Results panel looks stuck. Clicking the feed and trying another scroll.
2026-03-30 07:43:30 | INFO | Results panel looks stuck. Clicking the feed and trying another scroll.
2026-03-30 07:43:33 | INFO | Results panel looks stuck. Clicking the feed and trying another scroll.
2026-03-30 07:43:55 | INFO | Results panel looks stuck. Clicking the feed and trying another scroll.
2026-03-30 07:44:35 | INFO | Results panel looks stuck. Clicking the feed and trying another scroll.
2026-03-30 07:44:36 | INFO | Results panel looks stuck. Clicking the feed and trying another scroll.
2026-03-30 07:44:58 | INFO | Results panel looks stuck. Clicking the feed and trying another scroll.
2026-03-30 07:45:39 | INFO | Results panel looks stuck. Clicking the feed and trying another scroll.
2026-03-30 07:45:41 | INFO | Results panel looks stuck. Clicking the feed and trying another scroll.
2026-03-30 07:46:00 | INFO | Results panel looks stuck. Clicking the feed and trying another scroll.
2026-03-30 07:46:43 | INFO | Results panel looks stuck. Clicking the feed and trying another scroll.
2026-03-30 07:46:45 | INFO | Results panel looks stuck. Clicking the feed and trying another scroll.
2026-03-30 07:47:03 | INFO | Results panel looks stuck. Clicking the feed and trying another scroll.
2026-03-30 07:47:48 | INFO | Results panel looks stuck. Clicking the feed and trying another scroll.
2026-03-30 07:47:49 | INFO | Results panel looks stuck. Clicking the feed and trying another scroll.
2026-03-30 07:48:06 | INFO | Results panel looks stuck. Clicking the feed and trying another scroll.
2026-03-30 07:48:52 | INFO | Results panel looks stuck. Clicking the feed and trying another scroll.
2026-03-30 07:48:53 | INFO | Results panel looks stuck. Clicking the feed and trying another scroll.
2026-03-30 07:49:09 | INFO | Results panel looks stuck. Clicking the feed and trying another scroll.
2026-03-30 07:49:56 | INFO | Results panel looks stuck. Clicking the feed and trying another scroll.
2026-03-30 07:49:56 | INFO | Results panel looks stuck. Clicking the feed and trying another scroll.
2026-03-30 07:50:13 | INFO | Results panel looks stuck. Clicking the feed and trying another scroll.
2026-03-30 07:50:59 | INFO | Results panel looks stuck. Clicking the feed and trying another scroll.
2026-03-30 07:51:02 | INFO | Results panel looks stuck. Clicking the feed and trying another scroll.
2026-03-30 07:51:15 | INFO | Results panel looks stuck. Clicking the feed and trying another scroll.
2026-03-30 07:52:04 | INFO | Results panel looks stuck. Clicking the feed and trying another scroll.
2026-03-30 07:52:06 | INFO | Results panel looks stuck. Clicking the feed and trying another scroll.
2026-03-30 07:52:19 | INFO | Results panel looks stuck. Clicking the feed and trying another scroll.
2026-03-30 07:53:08 | INFO | Results panel looks stuck. Clicking the feed and trying another scroll.
2026-03-30 07:53:11 | INFO | Results panel looks stuck. Clicking the feed and trying another scroll.
2026-03-30 07:53:22 | INFO | Results panel looks stuck. Clicking the feed and trying another scroll.
2026-03-30 07:54:13 | INFO | Results panel looks stuck. Clicking the feed and trying another scroll.
2026-03-30 07:54:16 | INFO | Results panel looks stuck. Clicking the feed and trying another scroll.
2026-03-30 07:54:25 | INFO | Results panel looks stuck. Clicking the feed and trying another scroll.
2026-03-30 07:55:17 | INFO | Results panel looks stuck. Clicking the feed and trying another scroll.
2026-03-30 07:55:21 | INFO | Results panel looks stuck. Clicking the feed and trying another scroll.
2026-03-30 07:55:29 | INFO | Results panel looks stuck. Clicking the feed and trying another scroll.
2026-03-30 07:56:23 | INFO | Results panel looks stuck. Clicking the feed and trying another scroll.
2026-03-30 07:56:25 | INFO | Results panel looks stuck. Clicking the feed and trying another scroll.
2026-03-30 07:56:32 | INFO | Results panel looks stuck. Clicking the feed and trying another scroll.
2026-03-30 07:57:27 | INFO | Results panel looks stuck. Clicking the feed and trying another scroll.
2026-03-30 07:57:29 | INFO | Results panel looks stuck. Clicking the feed and trying another scroll.
2026-03-30 07:57:36 | INFO | Results panel looks stuck. Clicking the feed and trying another scroll.
2026-03-30 07:58:31 | INFO | Results panel looks stuck. Clicking the feed and trying another scroll.
2026-03-30 07:58:33 | INFO | Results panel looks stuck. Clicking the feed and trying another scroll.
2026-03-30 07:58:39 | INFO | Results panel looks stuck. Clicking the feed and trying another scroll.
2026-03-30 07:59:35 | INFO | Results panel looks stuck. Clicking the feed and trying another scroll.
2026-03-30 07:59:38 | INFO | Results panel looks stuck. Clicking the feed and trying another scroll.
2026-03-30 07:59:42 | INFO | Results panel looks stuck. Clicking the feed and trying another scroll.
2026-03-30 08:00:40 | INFO | Results panel looks stuck. Clicking the feed and trying another scroll.
2026-03-30 08:00:42 | INFO | Results panel looks stuck. Clicking the feed and trying another scroll.
2026-03-30 08:00:45 | INFO | Results panel looks stuck. Clicking the feed and trying another scroll.
2026-03-30 08:01:44 | INFO | Results panel looks stuck. Clicking the feed and trying another scroll.
2026-03-30 08:01:47 | INFO | Results panel looks stuck. Clicking the feed and trying another scroll.
2026-03-30 08:01:48 | INFO | Results panel looks stuck. Clicking the feed and trying another scroll.
2026-03-30 08:02:48 | INFO | Results panel looks stuck. Clicking the feed and trying another scroll.
2026-03-30 08:02:51 | INFO | Results panel looks stuck. Clicking the feed and trying another scroll.
2026-03-30 08:02:52 | INFO | Results panel looks stuck. Clicking the feed and trying another scroll.
2026-03-30 08:03:52 | INFO | Results panel looks stuck. Clicking the feed and trying another scroll.
2026-03-30 08:03:55 | INFO | Results panel looks stuck. Clicking the feed and trying another scroll.
2026-03-30 08:03:55 | INFO | Results panel looks stuck. Clicking the feed and trying another scroll.
2026-03-30 08:04:57 | INFO | Results panel looks stuck. Clicking the feed and trying another scroll.
2026-03-30 08:05:00 | INFO | Results panel looks stuck. Clicking the feed and trying another scroll.
2026-03-30 08:05:01 | INFO | Results panel looks stuck. Clicking the feed and trying another scroll.
2026-03-30 08:06:01 | INFO | Results panel looks stuck. Clicking the feed and trying another scroll.
2026-03-30 08:06:03 | INFO | Results panel looks stuck. Clicking the feed and trying another scroll.
2026-03-30 08:06:04 | INFO | Results panel looks stuck. Clicking the feed and trying another scroll.
2026-03-30 08:07:06 | INFO | Results panel looks stuck. Clicking the feed and trying another scroll.
2026-03-30 08:07:06 | INFO | Results panel looks stuck. Clicking the feed and trying another scroll.
2026-03-30 08:07:08 | INFO | Results panel looks stuck. Clicking the feed and trying another scroll.
2026-03-30 08:08:09 | INFO | Results panel looks stuck. Clicking the feed and trying another scroll.
2026-03-30 08:08:10 | INFO | Results panel looks stuck. Clicking the feed and trying another scroll.
2026-03-30 08:08:13 | INFO | Results panel looks stuck. Clicking the feed and trying another scroll.
2026-03-30 08:09:11 | INFO | Results panel looks stuck. Clicking the feed and trying another scroll.
2026-03-30 08:09:14 | INFO | Results panel looks stuck. Clicking the feed and trying another scroll.
2026-03-30 08:09:17 | INFO | Results panel looks stuck. Clicking the feed and trying another scroll.
2026-03-30 08:10:14 | INFO | Results panel looks stuck. Clicking the feed and trying another scroll.
2026-03-30 08:10:19 | INFO | Results panel looks stuck. Clicking the feed and trying another scroll.
2026-03-30 08:10:21 | INFO | Results panel looks stuck. Clicking the feed and trying another scroll.
2026-03-30 08:11:17 | INFO | Results panel looks stuck. Clicking the feed and trying another scroll.
2026-03-30 08:11:23 | INFO | Results panel looks stuck. Clicking the feed and trying another scroll.
2026-03-30 08:11:26 | INFO | Results panel looks stuck. Clicking the feed and trying another scroll.
2026-03-30 08:12:19 | INFO | Results panel looks stuck. Clicking the feed and trying another scroll.
2026-03-30 08:12:28 | INFO | Results panel looks stuck. Clicking the feed and trying another scroll.
2026-03-30 08:12:30 | INFO | Results panel looks stuck. Clicking the feed and trying another scroll.
2026-03-30 08:13:22 | INFO | Results panel looks stuck. Clicking the feed and trying another scroll.
2026-03-30 08:13:32 | INFO | Results panel looks stuck. Clicking the feed and trying another scroll.
2026-03-30 08:13:34 | INFO | Results panel looks stuck. Clicking the feed and trying another scroll.
2026-03-30 08:14:26 | INFO | Results panel looks stuck. Clicking the feed and trying another scroll.
2026-03-30 08:14:37 | INFO | Results panel looks stuck. Clicking the feed and trying another scroll.
2026-03-30 08:14:38 | INFO | Results panel looks stuck. Clicking the feed and trying another scroll.
2026-03-30 08:15:29 | INFO | Results panel looks stuck. Clicking the feed and trying another scroll.
2026-03-30 08:15:42 | INFO | Results panel looks stuck. Clicking the feed and trying another scroll.
2026-03-30 08:15:42 | INFO | Results panel looks stuck. Clicking the feed and trying another scroll.
2026-03-30 08:16:33 | INFO | Results panel looks stuck. Clicking the feed and trying another scroll.
2026-03-30 08:16:46 | INFO | Results panel looks stuck. Clicking the feed and trying another scroll.
2026-03-30 08:16:47 | INFO | Results panel looks stuck. Clicking the feed and trying another scroll.
2026-03-30 08:17:35 | INFO | Results panel looks stuck. Clicking the feed and trying another scroll.
2026-03-30 08:17:50 | INFO | Results panel looks stuck. Clicking the feed and trying another scroll.
2026-03-30 08:17:51 | INFO | Results panel looks stuck. Clicking the feed and trying another scroll.
2026-03-30 08:18:38 | INFO | Results panel looks stuck. Clicking the feed and trying another scroll.
2026-03-30 08:18:55 | INFO | Results panel looks stuck. Clicking the feed and trying another scroll.
2026-03-30 08:18:56 | INFO | Results panel looks stuck. Clicking the feed and trying another scroll.
2026-03-30 08:19:40 | INFO | Results panel looks stuck. Clicking the feed and trying another scroll.
2026-03-30 08:19:59 | INFO | Results panel looks stuck. Clicking the feed and trying another scroll.
2026-03-30 08:20:01 | INFO | Results panel looks stuck. Clicking the feed and trying another scroll.
2026-03-30 08:20:43 | INFO | Results panel looks stuck. Clicking the feed and trying another scroll.
2026-03-30 08:21:04 | INFO | Results panel looks stuck. Clicking the feed and trying another scroll.
2026-03-30 08:21:05 | INFO | Results panel looks stuck. Clicking the feed and trying another scroll.
2026-03-30 08:21:46 | INFO | Results panel looks stuck. Clicking the feed and trying another scroll.
2026-03-30 08:22:08 | INFO | Results panel looks stuck. Clicking the feed and trying another scroll.
2026-03-30 08:22:09 | INFO | Results panel looks stuck. Clicking the feed and trying another scroll.
2026-03-30 08:22:49 | INFO | Results panel looks stuck. Clicking the feed and trying another scroll.
2026-03-30 08:23:12 | INFO | Results panel looks stuck. Clicking the feed and trying another scroll.
2026-03-30 08:23:14 | INFO | Results panel looks stuck. Clicking the feed and trying another scroll.
2026-03-30 08:23:53 | INFO | Results panel looks stuck. Clicking the feed and trying another scroll.
2026-03-30 08:24:17 | INFO | Results panel looks stuck. Clicking the feed and trying another scroll.
2026-03-30 08:24:18 | INFO | Results panel looks stuck. Clicking the feed and trying another scroll.
2026-03-30 08:24:55 | INFO | Results panel looks stuck. Clicking the feed and trying another scroll.
2026-03-30 08:25:21 | INFO | Results panel looks stuck. Clicking the feed and trying another scroll.
2026-03-30 08:25:22 | INFO | Results panel looks stuck. Clicking the feed and trying another scroll.
2026-03-30 08:25:57 | INFO | Results panel looks stuck. Clicking the feed and trying another scroll.
2026-03-30 08:26:25 | INFO | Results panel looks stuck. Clicking the feed and trying another scroll.
2026-03-30 08:26:27 | INFO | Results panel looks stuck. Clicking the feed and trying another scroll.
2026-03-30 08:27:00 | INFO | Results panel looks stuck. Clicking the feed and trying another scroll.
2026-03-30 08:27:29 | INFO | Results panel looks stuck. Clicking the feed and trying another scroll.
2026-03-30 08:27:30 | INFO | Results panel looks stuck. Clicking the feed and trying another scroll.
2026-03-30 08:28:02 | INFO | Results panel looks stuck. Clicking the feed and trying another scroll.
2026-03-30 08:28:33 | INFO | Results panel looks stuck. Clicking the feed and trying another scroll.
2026-03-30 08:28:34 | INFO | Results panel looks stuck. Clicking the feed and trying another scroll.
2026-03-30 08:29:04 | INFO | Results panel looks stuck. Clicking the feed and trying another scroll.
2026-03-30 08:29:36 | INFO | Results panel looks stuck. Clicking the feed and trying another scroll.
2026-03-30 08:29:38 | INFO | Results panel looks stuck. Clicking the feed and trying another scroll.
2026-03-30 08:30:07 | INFO | Results panel looks stuck. Clicking the feed and trying another scroll.
2026-03-30 08:30:41 | INFO | Results panel looks stuck. Clicking the feed and trying another scroll.
2026-03-30 08:30:43 | INFO | Results panel looks stuck. Clicking the feed and trying another scroll.
2026-03-30 08:31:09 | INFO | Results panel looks stuck. Clicking the feed and trying another scroll.
2026-03-30 08:31:44 | INFO | Results panel looks stuck. Clicking the feed and trying another scroll.
2026-03-30 08:31:47 | INFO | Results panel looks stuck. Clicking the feed and trying another scroll.
2026-03-30 08:32:13 | INFO | Results panel looks stuck. Clicking the feed and trying another scroll.
2026-03-30 08:32:49 | INFO | Results panel looks stuck. Clicking the feed and trying another scroll.
2026-03-30 08:32:50 | INFO | Results panel looks stuck. Clicking the feed and trying another scroll.
2026-03-30 08:33:16 | INFO | Results panel looks stuck. Clicking the feed and trying another scroll.
2026-03-30 08:33:53 | INFO | Results panel looks stuck. Clicking the feed and trying another scroll.
2026-03-30 08:33:53 | INFO | Results panel looks stuck. Clicking the feed and trying another scroll.
2026-03-30 08:34:18 | INFO | Results panel looks stuck. Clicking the feed and trying another scroll.
2026-03-30 08:34:57 | INFO | Results panel looks stuck. Clicking the feed and trying another scroll.
2026-03-30 08:34:59 | INFO | Results panel looks stuck. Clicking the feed and trying another scroll.
2026-03-30 08:35:20 | INFO | Results panel looks stuck. Clicking the feed and trying another scroll.
2026-03-30 08:36:01 | INFO | Results panel looks stuck. Clicking the feed and trying another scroll.
2026-03-30 08:36:03 | INFO | Results panel looks stuck. Clicking the feed and trying another scroll.
2026-03-30 08:36:24 | INFO | Results panel looks stuck. Clicking the feed and trying another scroll.
2026-03-30 08:37:05 | INFO | Results panel looks stuck. Clicking the feed and trying another scroll.
2026-03-30 08:37:07 | INFO | Results panel looks stuck. Clicking the feed and trying another scroll.
2026-03-30 08:37:27 | INFO | Results panel looks stuck. Clicking the feed and trying another scroll.
2026-03-30 08:38:09 | INFO | Results panel looks stuck. Clicking the feed and trying another scroll.
2026-03-30 08:38:10 | INFO | Results panel looks stuck. Clicking the feed and trying another scroll.
2026-03-30 08:38:29 | INFO | Results panel looks stuck. Clicking the feed and trying another scroll.
2026-03-30 08:39:13 | INFO | Results panel looks stuck. Clicking the feed and trying another scroll.
2026-03-30 08:39:15 | INFO | Results panel looks stuck. Clicking the feed and trying another scroll.
2026-03-30 08:39:32 | INFO | Results panel looks stuck. Clicking the feed and trying another scroll.
2026-03-30 08:40:18 | INFO | Results panel looks stuck. Clicking the feed and trying another scroll.
2026-03-30 08:40:20 | INFO | Results panel looks stuck. Clicking the feed and trying another scroll.
2026-03-30 08:40:34 | INFO | Results panel looks stuck. Clicking the feed and trying another scroll.
2026-03-30 08:41:21 | INFO | Results panel looks stuck. Clicking the feed and trying another scroll.
2026-03-30 08:41:22 | INFO | Results panel looks stuck. Clicking the feed and trying another scroll.
2026-03-30 08:41:37 | INFO | Results panel looks stuck. Clicking the feed and trying another scroll.
2026-03-30 08:42:26 | INFO | Results panel looks stuck. Clicking the feed and trying another scroll.
2026-03-30 08:42:26 | INFO | Results panel looks stuck. Clicking the feed and trying another scroll.
2026-03-30 08:42:40 | INFO | Results panel looks stuck. Clicking the feed and trying another scroll.
2026-03-30 08:43:29 | INFO | Results panel looks stuck. Clicking the feed and trying another scroll.
2026-03-30 08:43:31 | INFO | Results panel looks stuck. Clicking the feed and trying another scroll.
2026-03-30 08:43:43 | INFO | Results panel looks stuck. Clicking the feed and trying another scroll.
2026-03-30 08:44:35 | INFO | Results panel looks stuck. Clicking the feed and trying another scroll.
2026-03-30 08:44:36 | INFO | Results panel looks stuck. Clicking the feed and trying another scroll.
2026-03-30 08:44:46 | INFO | Results panel looks stuck. Clicking the feed and trying another scroll.
2026-03-30 08:45:38 | INFO | Results panel looks stuck. Clicking the feed and trying another scroll.
2026-03-30 08:45:40 | INFO | Results panel looks stuck. Clicking the feed and trying another scroll.
2026-03-30 08:45:49 | INFO | Results panel looks stuck. Clicking the feed and trying another scroll.
2026-03-30 08:46:42 | INFO | Results panel looks stuck. Clicking the feed and trying another scroll.
2026-03-30 08:46:44 | INFO | Results panel looks stuck. Clicking the feed and trying another scroll.
2026-03-30 08:46:51 | INFO | Results panel looks stuck. Clicking the feed and trying another scroll.
2026-03-30 08:47:46 | INFO | Results panel looks stuck. Clicking the feed and trying another scroll.
2026-03-30 08:47:48 | INFO | Results panel looks stuck. Clicking the feed and trying another scroll.
2026-03-30 08:47:54 | INFO | Results panel looks stuck. Clicking the feed and trying another scroll.
2026-03-30 08:48:50 | INFO | Results panel looks stuck. Clicking the feed and trying another scroll.
2026-03-30 08:48:52 | INFO | Results panel looks stuck. Clicking the feed and trying another scroll.
2026-03-30 08:48:57 | INFO | Results panel looks stuck. Clicking the feed and trying another scroll.
2026-03-30 08:49:55 | INFO | Results panel looks stuck. Clicking the feed and trying another scroll.
2026-03-30 08:49:57 | INFO | Results panel looks stuck. Clicking the feed and trying another scroll.
2026-03-30 08:50:00 | INFO | Results panel looks stuck. Clicking the feed and trying another scroll.
2026-03-30 08:51:00 | INFO | Results panel looks stuck. Clicking the feed and trying another scroll.
2026-03-30 08:51:01 | INFO | Results panel looks stuck. Clicking the feed and trying another scroll.
2026-03-30 08:51:03 | INFO | Results panel looks stuck. Clicking the feed and trying another scroll.
2026-03-30 08:52:04 | INFO | Results panel looks stuck. Clicking the feed and trying another scroll.
2026-03-30 08:52:05 | INFO | Results panel looks stuck. Clicking the feed and trying another scroll.
2026-03-30 08:52:06 | INFO | Results panel looks stuck. Clicking the feed and trying another scroll.
2026-03-30 08:53:08 | INFO | Results panel looks stuck. Clicking the feed and trying another scroll.
2026-03-30 08:53:09 | INFO | Results panel looks stuck. Clicking the feed and trying another scroll.
2026-03-30 08:53:10 | INFO | Results panel looks stuck. Clicking the feed and trying another scroll.
2026-03-30 08:54:10 | INFO | Results panel looks stuck. Clicking the feed and trying another scroll.
2026-03-30 08:54:14 | INFO | Results panel looks stuck. Clicking the feed and trying another scroll.
2026-03-30 08:54:14 | INFO | Results panel looks stuck. Clicking the feed and trying another scroll.
2026-03-30 08:55:12 | INFO | Results panel looks stuck. Clicking the feed and trying another scroll.
2026-03-30 08:55:17 | INFO | Results panel looks stuck. Clicking the feed and trying another scroll.
2026-03-30 08:55:19 | INFO | Results panel looks stuck. Clicking the feed and trying another scroll.
2026-03-30 08:56:15 | INFO | Results panel looks stuck. Clicking the feed and trying another scroll.
2026-03-30 08:56:20 | INFO | Results panel looks stuck. Clicking the feed and trying another scroll.
2026-03-30 08:56:24 | INFO | Results panel looks stuck. Clicking the feed and trying another scroll.
2026-03-30 08:57:19 | INFO | Results panel looks stuck. Clicking the feed and trying another scroll.
2026-03-30 08:57:24 | INFO | Results panel looks stuck. Clicking the feed and trying another scroll.
2026-03-30 08:57:29 | INFO | Results panel looks stuck. Clicking the feed and trying another scroll.
2026-03-30 08:58:21 | INFO | Results panel looks stuck. Clicking the feed and trying another scroll.
2026-03-30 08:58:29 | INFO | Results panel looks stuck. Clicking the feed and trying another scroll.
2026-03-30 08:58:33 | INFO | Results panel looks stuck. Clicking the feed and trying another scroll.
2026-03-30 08:59:25 | INFO | Results panel looks stuck. Clicking the feed and trying another scroll.
2026-03-30 08:59:33 | INFO | Results panel looks stuck. Clicking the feed and trying another scroll.
2026-03-30 08:59:39 | INFO | Results panel looks stuck. Clicking the feed and trying another scroll.
2026-03-30 09:00:28 | INFO | Results panel looks stuck. Clicking the feed and trying another scroll.
2026-03-30 09:00:37 | INFO | Results panel looks stuck. Clicking the feed and trying another scroll.
2026-03-30 09:00:43 | INFO | Results panel looks stuck. Clicking the feed and trying another scroll.
2026-03-30 09:01:31 | INFO | Results panel looks stuck. Clicking the feed and trying another scroll.
2026-03-30 09:01:42 | INFO | Results panel looks stuck. Clicking the feed and trying another scroll.
2026-03-30 09:01:47 | INFO | Results panel looks stuck. Clicking the feed and trying another scroll.
2026-03-30 09:02:34 | INFO | Results panel looks stuck. Clicking the feed and trying another scroll.
2026-03-30 09:02:46 | INFO | Results panel looks stuck. Clicking the feed and trying another scroll.
2026-03-30 09:02:52 | INFO | Results panel looks stuck. Clicking the feed and trying another scroll.
2026-03-30 09:03:36 | INFO | Results panel looks stuck. Clicking the feed and trying another scroll.
2026-03-30 09:03:51 | INFO | Results panel looks stuck. Clicking the feed and trying another scroll.
2026-03-30 09:03:57 | INFO | Results panel looks stuck. Clicking the feed and trying another scroll.
2026-03-30 09:04:39 | INFO | Results panel looks stuck. Clicking the feed and trying another scroll.
2026-03-30 09:04:56 | INFO | Results panel looks stuck. Clicking the feed and trying another scroll.
2026-03-30 09:05:01 | INFO | Results panel looks stuck. Clicking the feed and trying another scroll.
2026-03-30 09:05:42 | INFO | Results panel looks stuck. Clicking the feed and trying another scroll.
2026-03-30 09:06:00 | INFO | Results panel looks stuck. Clicking the feed and trying another scroll.
2026-03-30 09:06:06 | INFO | Results panel looks stuck. Clicking the feed and trying another scroll.
2026-03-30 09:06:45 | INFO | Results panel looks stuck. Clicking the feed and trying another scroll.
2026-03-30 09:07:05 | INFO | Results panel looks stuck. Clicking the feed and trying another scroll.
2026-03-30 09:07:10 | INFO | Results panel looks stuck. Clicking the feed and trying another scroll.
2026-03-30 09:07:48 | INFO | Results panel looks stuck. Clicking the feed and trying another scroll.
2026-03-30 09:08:09 | INFO | Results panel looks stuck. Clicking the feed and trying another scroll.
2026-03-30 09:08:13 | INFO | Results panel looks stuck. Clicking the feed and trying another scroll.
2026-03-31 13:16:30 | INFO | Browser started with Playwright.
2026-03-31 13:18:30 | INFO | Collected 100 listing URLs from Google Maps.
2026-03-31 13:30:51 | INFO | Saved 100 deduplicated leads to D:\RADZ AUTOMATION\pubg recoil\google-maps-scraper\RESULT FOR SCRAPING\CoffeeShop.xlsx
2026-03-31 13:54:57 | INFO | Browser started with Playwright.
2026-03-31 13:57:11 | INFO | Google Maps reported end of results.
2026-03-31 13:57:11 | INFO | Collected 110 listing URLs from Google Maps.
2026-03-31 14:08:10 | WARNING | Stop requested. Ending after current lead.
2026-03-31 14:31:56 | INFO | Browser started with Playwright.
2026-03-31 14:32:08 | INFO | Collected 3 listing URLs from Google Maps.
2026-03-31 14:32:33 | INFO | Saved 3 deduplicated leads to Salon_live_test.xlsx
2026-03-31 14:45:05 | INFO | Browser started with Playwright.
2026-03-31 14:45:14 | INFO | Collected 3 listing URLs from Google Maps.
2026-03-31 14:45:48 | INFO | Browser started with Playwright.
2026-03-31 14:45:57 | INFO | Collected 3 listing URLs from Google Maps.
2026-03-31 14:46:38 | INFO | Browser started with Playwright.
2026-03-31 14:46:47 | INFO | Collected 3 listing URLs from Google Maps.
2026-03-31 14:47:03 | INFO | Saved 3 deduplicated leads to Salon_live_test_v2.xlsx
2026-03-31 14:48:07 | INFO | Browser started with Playwright.
2026-03-31 14:48:16 | INFO | Collected 3 listing URLs from Google Maps.
2026-03-31 14:48:35 | INFO | Saved 3 deduplicated leads to Salon_live_test_v3.xlsx
2026-03-31 14:51:51 | INFO | Browser started with Playwright.
2026-03-31 14:51:59 | INFO | Collected 3 listing URLs from Google Maps.
2026-03-31 14:52:18 | INFO | Saved 3 deduplicated leads to Salon_live_test_v4.xlsx
2026-03-31 14:55:32 | INFO | Browser started with Playwright.
2026-03-31 14:55:42 | INFO | Collected 1 listing URLs from Google Maps.
2026-03-31 14:55:49 | INFO | Saved 1 deduplicated leads to social_category_check.xlsx
2026-03-31 14:56:24 | INFO | Browser started with Playwright.
2026-03-31 14:56:33 | INFO | Collected 1 listing URLs from Google Maps.
2026-03-31 14:56:40 | INFO | Saved 1 deduplicated leads to social_category_check_2.xlsx
2026-03-31 14:59:09 | INFO | Browser started with Playwright.
2026-03-31 15:01:47 | INFO | Falling back to default results panel selector for scrolling.
2026-03-31 15:02:19 | INFO | Results panel looks stuck. Clicking the feed and trying another scroll.
2026-03-31 15:03:17 | INFO | Results panel looks stuck. Clicking the feed and trying another scroll.
2026-03-31 15:04:15 | INFO | Results panel looks stuck. Clicking the feed and trying another scroll.
2026-03-31 15:05:12 | INFO | Results panel looks stuck. Clicking the feed and trying another scroll.
2026-03-31 15:06:10 | INFO | Results panel looks stuck. Clicking the feed and trying another scroll.
2026-03-31 15:07:08 | INFO | Results panel looks stuck. Clicking the feed and trying another scroll.
2026-03-31 15:08:06 | INFO | Results panel looks stuck. Clicking the feed and trying another scroll.
2026-03-31 15:09:04 | INFO | Results panel looks stuck. Clicking the feed and trying another scroll.
2026-03-31 15:09:25 | INFO | Browser started with Playwright.
2026-03-31 15:09:36 | INFO | Collected 1 listing URLs from Google Maps.
2026-03-31 15:09:42 | INFO | Saved 1 deduplicated leads to website_fix_check_2.xlsx
2026-03-31 15:10:01 | INFO | Results panel looks stuck. Clicking the feed and trying another scroll.
2026-03-31 15:10:59 | INFO | Results panel looks stuck. Clicking the feed and trying another scroll.
2026-03-31 15:11:57 | INFO | Results panel looks stuck. Clicking the feed and trying another scroll.
2026-03-31 15:12:55 | INFO | Results panel looks stuck. Clicking the feed and trying another scroll.
2026-03-31 15:13:53 | INFO | Results panel looks stuck. Clicking the feed and trying another scroll.
2026-03-31 15:14:51 | INFO | Results panel looks stuck. Clicking the feed and trying another scroll.
2026-03-31 15:15:49 | INFO | Results panel looks stuck. Clicking the feed and trying another scroll.
2026-03-31 15:16:46 | INFO | Results panel looks stuck. Clicking the feed and trying another scroll.
2026-03-31 15:17:44 | INFO | Results panel looks stuck. Clicking the feed and trying another scroll.
2026-03-31 15:18:42 | INFO | Results panel looks stuck. Clicking the feed and trying another scroll.
2026-03-31 15:19:39 | INFO | Results panel looks stuck. Clicking the feed and trying another scroll.
2026-03-31 15:20:37 | INFO | Results panel looks stuck. Clicking the feed and trying another scroll.
2026-03-31 15:21:35 | INFO | Results panel looks stuck. Clicking the feed and trying another scroll.
2026-03-31 15:22:33 | INFO | Results panel looks stuck. Clicking the feed and trying another scroll.
2026-03-31 15:23:31 | INFO | Results panel looks stuck. Clicking the feed and trying another scroll.
2026-03-31 15:24:28 | INFO | Results panel looks stuck. Clicking the feed and trying another scroll.
2026-03-31 15:25:26 | INFO | Results panel looks stuck. Clicking the feed and trying another scroll.
2026-03-31 15:26:24 | INFO | Results panel looks stuck. Clicking the feed and trying another scroll.
2026-03-31 15:27:22 | INFO | Results panel looks stuck. Clicking the feed and trying another scroll.
2026-03-31 15:28:19 | INFO | Results panel looks stuck. Clicking the feed and trying another scroll.
2026-03-31 15:29:17 | INFO | Results panel looks stuck. Clicking the feed and trying another scroll.
2026-03-31 15:30:15 | INFO | Results panel looks stuck. Clicking the feed and trying another scroll.
2026-03-31 15:31:13 | INFO | Results panel looks stuck. Clicking the feed and trying another scroll.
2026-03-31 15:32:11 | INFO | Results panel looks stuck. Clicking the feed and trying another scroll.
2026-03-31 15:33:08 | INFO | Results panel looks stuck. Clicking the feed and trying another scroll.
2026-03-31 15:34:06 | INFO | Results panel looks stuck. Clicking the feed and trying another scroll.
2026-03-31 15:35:04 | INFO | Results panel looks stuck. Clicking the feed and trying another scroll.
2026-03-31 15:35:06 | INFO | Browser started with Playwright.
2026-03-31 15:36:02 | INFO | Results panel looks stuck. Clicking the feed and trying another scroll.
2026-03-31 15:36:59 | INFO | Results panel looks stuck. Clicking the feed and trying another scroll.
2026-03-31 15:37:25 | INFO | Google Maps reported end of results.
2026-03-31 15:37:25 | INFO | Collected 116 listing URLs from Google Maps.
2026-03-31 15:37:57 | INFO | Results panel looks stuck. Clicking the feed and trying another scroll.
2026-03-31 15:38:55 | INFO | Results panel looks stuck. Clicking the feed and trying another scroll.
2026-03-31 15:39:53 | INFO | Results panel looks stuck. Clicking the feed and trying another scroll.
2026-03-31 15:40:51 | INFO | Results panel looks stuck. Clicking the feed and trying another scroll.
2026-03-31 15:41:49 | INFO | Results panel looks stuck. Clicking the feed and trying another scroll.
2026-03-31 15:42:47 | INFO | Results panel looks stuck. Clicking the feed and trying another scroll.
2026-03-31 15:43:44 | INFO | Results panel looks stuck. Clicking the feed and trying another scroll.
2026-03-31 15:44:42 | INFO | Results panel looks stuck. Clicking the feed and trying another scroll.
2026-03-31 15:45:40 | INFO | Results panel looks stuck. Clicking the feed and trying another scroll.
2026-03-31 15:45:50 | WARNING | Extract listing https://www.google.com/maps/place/XW+Salon+De+Beaute/data=!4m7!3m6!1s0x3397c9fc6459d965:0x292f27a83355ea56!8m2!3d14.554035!4d121.0449678!16s%2Fg%2F11wh_7jtq3!19sChIJZdlZZPzJlzMRVupVM6gnLyk?authuser=0&hl=en&rclk=1 failed on attempt 1/3: Page.goto: Navigation to "https://www.google.com/maps/place/XW+Salon+De+Beaute/data=!4m7!3m6!1s0x3397c9fc6459d965:0x292f27a83355ea56!8m2!3d14.554035!4d121.0449678!16s%2Fg%2F11wh_7jtq3!19sChIJZdlZZPzJlzMRVupVM6gnLyk?authuser=0&hl=en&rclk=1" is interrupted by another navigation to "https://www.google.com/maps/place/THE+COLOR+BAR+by+@stylingByJOF+(BGC)/@14.5519117,121.0449752,17z/data=!3m1!4b1!4m6!3m5!1s0x3397c9bf1dfa944b:0x8c814ae1098e1934!8m2!3d14.5519117!4d121.0449752!16s%2Fg%2F11f62t51n4?authuser=0&hl=en&entry=ttu&g_ep=EgoyMDI2MDMyNC4wIKXMDSoASAFQAw%3D%3D"
Call log:
  - navigating to "https://www.google.com/maps/place/XW+Salon+De+Beaute/data=!4m7!3m6!1s0x3397c9fc6459d965:0x292f27a83355ea56!8m2!3d14.554035!4d121.0449678!16s%2Fg%2F11wh_7jtq3!19sChIJZdlZZPzJlzMRVupVM6gnLyk?authuser=0&hl=en&rclk=1", waiting until "domcontentloaded"

2026-03-31 15:46:15 | WARNING | Extract listing https://www.google.com/maps/place/Dreadmanila+Shop+Salon/data=!4m7!3m6!1s0x3397b7b31f8b95fb:0x6907ef2417fe6fce!8m2!3d14.619693!4d120.994818!16s%2Fg%2F11h_f5kk1b!19sChIJ-5WLH7O3lzMRzm_-FyTvB2k?authuser=0&hl=en&rclk=1 failed on attempt 1/3: Page.goto: Navigation to "https://www.google.com/maps/place/Dreadmanila+Shop+Salon/data=!4m7!3m6!1s0x3397b7b31f8b95fb:0x6907ef2417fe6fce!8m2!3d14.619693!4d120.994818!16s%2Fg%2F11h_f5kk1b!19sChIJ-5WLH7O3lzMRzm_-FyTvB2k?authuser=0&hl=en&rclk=1" is interrupted by another navigation to "https://www.google.com/maps/place/THE+COLOR+BAR+by+@stylingByJOF+(BGC)/@14.5519117,121.0449752,17z/data=!3m1!4b1!4m6!3m5!1s0x3397c9bf1dfa944b:0x8c814ae1098e1934!8m2!3d14.5519117!4d121.0449752!16s%2Fg%2F11f62t51n4?authuser=0&hl=en&entry=ttu&g_ep=EgoyMDI2MDMyNC4wIKXMDSoASAFQAw%3D%3D"
Call log:
  - navigating to "https://www.google.com/maps/place/Dreadmanila+Shop+Salon/data=!4m7!3m6!1s0x3397b7b31f8b95fb:0x6907ef2417fe6fce!8m2!3d14.619693!4d120.994818!16s%2Fg%2F11h_f5kk1b!19sChIJ-5WLH7O3lzMRzm_-FyTvB2k?authuser=0&hl=en&rclk=1", waiting until "domcontentloaded"

2026-03-31 15:46:38 | INFO | Results panel looks stuck. Clicking the feed and trying another scroll.
2026-03-31 15:47:36 | INFO | Results panel looks stuck. Clicking the feed and trying another scroll.
2026-03-31 15:48:12 | INFO | Saved 82 deduplicated leads to D:\RADZ AUTOMATION\pubg recoil\google-maps-scraper\RESULT FOR SCRAPING\Salon.xlsx
2026-03-31 15:48:12 | WARNING | Requested 2000 leads but only found 82 real public results for this search.
2026-03-31 15:48:33 | INFO | Results panel looks stuck. Clicking the feed and trying another scroll.
2026-03-31 15:49:31 | INFO | Results panel looks stuck. Clicking the feed and trying another scroll.
2026-03-31 15:50:29 | INFO | Results panel looks stuck. Clicking the feed and trying another scroll.
2026-03-31 15:51:27 | INFO | Results panel looks stuck. Clicking the feed and trying another scroll.
2026-03-31 15:52:08 | INFO | Browser started with Playwright.
2026-03-31 15:52:25 | INFO | Results panel looks stuck. Clicking the feed and trying another scroll.
2026-03-31 15:53:23 | INFO | Results panel looks stuck. Clicking the feed and trying another scroll.
2026-03-31 15:54:21 | INFO | Results panel looks stuck. Clicking the feed and trying another scroll.
2026-03-31 15:54:40 | INFO | Google Maps reported end of results for 'Carwash Manila Philippines'.
2026-03-31 15:54:40 | INFO | Collected 120 listing URLs from Google Maps.
2026-03-31 15:55:19 | INFO | Results panel looks stuck. Clicking the feed and trying another scroll.
2026-03-31 15:56:17 | INFO | Results panel looks stuck. Clicking the feed and trying another scroll.
2026-03-31 15:57:15 | INFO | Results panel looks stuck. Clicking the feed and trying another scroll.
2026-03-31 15:58:12 | INFO | Results panel looks stuck. Clicking the feed and trying another scroll.
2026-03-31 15:59:10 | INFO | Results panel looks stuck. Clicking the feed and trying another scroll.
2026-03-31 16:00:08 | INFO | Results panel looks stuck. Clicking the feed and trying another scroll.
2026-03-31 16:01:06 | INFO | Results panel looks stuck. Clicking the feed and trying another scroll.
2026-03-31 16:01:54 | INFO | Browser started with Playwright.
2026-03-31 16:02:04 | INFO | Results panel looks stuck. Clicking the feed and trying another scroll.
2026-03-31 16:02:09 | INFO | Collected 3 listing URLs from Google Maps.
2026-03-31 16:02:38 | INFO | Saved 3 deduplicated leads to email_expand_check.xlsx
2026-03-31 16:03:02 | INFO | Results panel looks stuck. Clicking the feed and trying another scroll.
2026-03-31 16:04:00 | INFO | Results panel looks stuck. Clicking the feed and trying another scroll.
2026-03-31 16:04:57 | INFO | Results panel looks stuck. Clicking the feed and trying another scroll.
2026-03-31 16:05:56 | INFO | Results panel looks stuck. Clicking the feed and trying another scroll.
2026-03-31 16:06:16 | INFO | Saved 115 deduplicated leads to D:\RADZ AUTOMATION\pubg recoil\google-maps-scraper\RESULT FOR SCRAPING\Carwash.xlsx
2026-03-31 16:06:16 | WARNING | Requested 2000 leads but only found 115 real public results for this search.
2026-03-31 16:06:53 | INFO | Results panel looks stuck. Clicking the feed and trying another scroll.
2026-03-31 16:07:51 | INFO | Results panel looks stuck. Clicking the feed and trying another scroll.
2026-03-31 16:08:49 | INFO | Results panel looks stuck. Clicking the feed and trying another scroll.
2026-03-31 16:09:47 | INFO | Results panel looks stuck. Clicking the feed and trying another scroll.
2026-03-31 16:10:44 | INFO | Results panel looks stuck. Clicking the feed and trying another scroll.
2026-03-31 16:11:42 | INFO | Results panel looks stuck. Clicking the feed and trying another scroll.
2026-03-31 16:12:40 | INFO | Results panel looks stuck. Clicking the feed and trying another scroll.
2026-03-31 16:13:37 | INFO | Results panel looks stuck. Clicking the feed and trying another scroll.
2026-03-31 16:13:41 | INFO | Browser started with Playwright.
2026-03-31 16:14:35 | INFO | Results panel looks stuck. Clicking the feed and trying another scroll.
2026-03-31 16:15:33 | INFO | Results panel looks stuck. Clicking the feed and trying another scroll.
2026-03-31 16:15:59 | INFO | Google Maps reported end of results for 'Carwash Manila Philippines'.
2026-03-31 16:15:59 | INFO | Collected 109 listing URLs from Google Maps.
2026-03-31 16:16:31 | INFO | Results panel looks stuck. Clicking the feed and trying another scroll.
2026-03-31 16:17:29 | INFO | Results panel looks stuck. Clicking the feed and trying another scroll.
2026-03-31 16:18:12 | WARNING | Extract listing https://www.google.com/maps/place/BIGRIG+73+Professional+Auto+Detailer+and+Carwash/data=!4m7!3m6!1s0x3397c9c6e442fd77:0x5eda6a7f4a8cecef!8m2!3d14.5713739!4d121.0576927!16s%2Fg%2F11txf80582!19sChIJd_1C5MbJlzMR7-yMSn9q2l4?authuser=0&hl=en&rclk=1 failed on attempt 1/3: Page.goto: Navigation to "https://www.google.com/maps/place/BIGRIG+73+Professional+Auto+Detailer+and+Carwash/data=!4m7!3m6!1s0x3397c9c6e442fd77:0x5eda6a7f4a8cecef!8m2!3d14.5713739!4d121.0576927!16s%2Fg%2F11txf80582!19sChIJd_1C5MbJlzMR7-yMSn9q2l4?authuser=0&hl=en&rclk=1" is interrupted by another navigation to "https://www.google.com/maps/search/Carwash+Manila+Philippines/@14.5780411,121.0809259,12z/data=!4m2!2m1!6e2?entry=ttu&g_ep=EgoyMDI2MDMyNC4wIKXMDSoASAFQAw%3D%3D"
Call log:
  - navigating to "https://www.google.com/maps/place/BIGRIG+73+Professional+Auto+Detailer+and+Carwash/data=!4m7!3m6!1s0x3397c9c6e442fd77:0x5eda6a7f4a8cecef!8m2!3d14.5713739!4d121.0576927!16s%2Fg%2F11txf80582!19sChIJd_1C5MbJlzMR7-yMSn9q2l4?authuser=0&hl=en&rclk=1", waiting until "domcontentloaded"

2026-03-31 16:18:27 | INFO | Results panel looks stuck. Clicking the feed and trying another scroll.
2026-03-31 16:19:24 | INFO | Results panel looks stuck. Clicking the feed and trying another scroll.
2026-03-31 16:20:22 | INFO | Results panel looks stuck. Clicking the feed and trying another scroll.
2026-03-31 16:21:20 | INFO | Results panel looks stuck. Clicking the feed and trying another scroll.
2026-03-31 16:22:18 | INFO | Results panel looks stuck. Clicking the feed and trying another scroll.
2026-03-31 16:23:16 | INFO | Results panel looks stuck. Clicking the feed and trying another scroll.
2026-03-31 16:24:13 | INFO | Results panel looks stuck. Clicking the feed and trying another scroll.
2026-03-31 16:25:11 | INFO | Results panel looks stuck. Clicking the feed and trying another scroll.
2026-03-31 16:25:40 | INFO | Saved 104 deduplicated leads to D:\RADZ AUTOMATION\pubg recoil\google-maps-scraper\RESULT FOR SCRAPING\Carwas2h.xlsx
2026-03-31 16:25:40 | WARNING | Requested 2000 leads but only found 104 real public results for this search.
2026-03-31 16:26:09 | INFO | Results panel looks stuck. Clicking the feed and trying another scroll.
2026-03-31 16:27:07 | INFO | Results panel looks stuck. Clicking the feed and trying another scroll.
2026-03-31 16:28:05 | INFO | Results panel looks stuck. Clicking the feed and trying another scroll.
2026-03-31 16:28:35 | INFO | Browser started with Playwright.
2026-03-31 16:29:03 | INFO | Results panel looks stuck. Clicking the feed and trying another scroll.
2026-03-31 16:30:01 | INFO | Results panel looks stuck. Clicking the feed and trying another scroll.
2026-03-31 16:30:56 | INFO | Google Maps reported end of results for 'Carwash Philippines'.
2026-03-31 16:30:56 | INFO | Collected 119 listing URLs from Google Maps.
2026-03-31 16:30:58 | INFO | Results panel looks stuck. Clicking the feed and trying another scroll.
2026-03-31 16:31:56 | INFO | Results panel looks stuck. Clicking the feed and trying another scroll.
2026-03-31 16:32:54 | INFO | Results panel looks stuck. Clicking the feed and trying another scroll.
2026-03-31 16:33:52 | INFO | Results panel looks stuck. Clicking the feed and trying another scroll.
2026-03-31 16:34:50 | INFO | Results panel looks stuck. Clicking the feed and trying another scroll.
2026-03-31 16:35:48 | INFO | Results panel looks stuck. Clicking the feed and trying another scroll.
2026-03-31 16:36:45 | INFO | Results panel looks stuck. Clicking the feed and trying another scroll.
2026-03-31 16:37:43 | INFO | Results panel looks stuck. Clicking the feed and trying another scroll.
2026-03-31 16:38:41 | INFO | Results panel looks stuck. Clicking the feed and trying another scroll.
2026-03-31 16:39:39 | INFO | Results panel looks stuck. Clicking the feed and trying another scroll.
2026-03-31 16:40:37 | INFO | Results panel looks stuck. Clicking the feed and trying another scroll.
2026-03-31 16:41:35 | INFO | Results panel looks stuck. Clicking the feed and trying another scroll.
2026-03-31 16:41:54 | WARNING | Extract listing https://www.google.com/maps/place/Auto+Clean+Car+Wash/data=!4m7!3m6!1s0x3397c90b7a7ec0bf:0xc61335bf7b0f32a3!8m2!3d14.5790507!4d121.0337087!16s%2Fg%2F11jm6wgjtj!19sChIJv8B-egvJlzMRozIPe781E8Y?authuser=0&hl=en&rclk=1 failed on attempt 1/3: Page.goto: Navigation to "https://www.google.com/maps/place/Auto+Clean+Car+Wash/data=!4m7!3m6!1s0x3397c90b7a7ec0bf:0xc61335bf7b0f32a3!8m2!3d14.5790507!4d121.0337087!16s%2Fg%2F11jm6wgjtj!19sChIJv8B-egvJlzMRozIPe781E8Y?authuser=0&hl=en&rclk=1" is interrupted by another navigation to "https://www.google.com/maps/search/Carwash+Philippines/@14.5611997,121.0639997,15z/data=!4m2!2m1!6e2?entry=ttu&g_ep=EgoyMDI2MDMyNC4wIKXMDSoASAFQAw%3D%3D"
Call log:
  - navigating to "https://www.google.com/maps/place/Auto+Clean+Car+Wash/data=!4m7!3m6!1s0x3397c90b7a7ec0bf:0xc61335bf7b0f32a3!8m2!3d14.5790507!4d121.0337087!16s%2Fg%2F11jm6wgjtj!19sChIJv8B-egvJlzMRozIPe781E8Y?authuser=0&hl=en&rclk=1", waiting until "domcontentloaded"

2026-03-31 16:42:33 | INFO | Results panel looks stuck. Clicking the feed and trying another scroll.
2026-03-31 16:43:15 | INFO | Saved 110 deduplicated leads to D:\RADZ AUTOMATION\pubg recoil\google-maps-scraper\RESULT FOR SCRAPING\Carwas2h.xlsx
2026-03-31 16:43:15 | WARNING | Requested 2000 leads but only found 110 real public results for this search.
2026-03-31 16:43:31 | INFO | Results panel looks stuck. Clicking the feed and trying another scroll.
2026-03-31 16:44:29 | INFO | Results panel looks stuck. Clicking the feed and trying another scroll.
2026-03-31 16:45:05 | INFO | Browser started with Playwright.
2026-03-31 16:45:27 | INFO | Results panel looks stuck. Clicking the feed and trying another scroll.
2026-03-31 16:46:24 | INFO | Results panel looks stuck. Clicking the feed and trying another scroll.
2026-03-31 16:47:22 | INFO | Results panel looks stuck. Clicking the feed and trying another scroll.
2026-03-31 16:48:20 | INFO | Results panel looks stuck. Clicking the feed and trying another scroll.
2026-03-31 16:49:18 | INFO | Results panel looks stuck. Clicking the feed and trying another scroll.
2026-03-31 16:50:16 | INFO | Results panel looks stuck. Clicking the feed and trying another scroll.
2026-03-31 16:51:14 | INFO | Results panel looks stuck. Clicking the feed and trying another scroll.
2026-03-31 16:52:12 | INFO | Results panel looks stuck. Clicking the feed and trying another scroll.
2026-03-31 16:53:10 | INFO | Results panel looks stuck. Clicking the feed and trying another scroll.
2026-03-31 16:54:08 | INFO | Results panel looks stuck. Clicking the feed and trying another scroll.
2026-03-31 16:55:05 | INFO | Results panel looks stuck. Clicking the feed and trying another scroll.
2026-03-31 16:56:03 | INFO | Results panel looks stuck. Clicking the feed and trying another scroll.
2026-03-31 16:57:01 | INFO | Results panel looks stuck. Clicking the feed and trying another scroll.
2026-03-31 16:57:59 | INFO | Results panel looks stuck. Clicking the feed and trying another scroll.
2026-03-31 16:58:57 | INFO | Results panel looks stuck. Clicking the feed and trying another scroll.
2026-03-31 16:59:55 | INFO | Results panel looks stuck. Clicking the feed and trying another scroll.
2026-03-31 17:00:53 | INFO | Results panel looks stuck. Clicking the feed and trying another scroll.
2026-03-31 17:01:50 | INFO | Results panel looks stuck. Clicking the feed and trying another scroll.
2026-03-31 17:02:48 | INFO | Results panel looks stuck. Clicking the feed and trying another scroll.
2026-03-31 17:03:46 | INFO | Results panel looks stuck. Clicking the feed and trying another scroll.
2026-03-31 17:04:44 | INFO | Results panel looks stuck. Clicking the feed and trying another scroll.
2026-03-31 17:05:42 | INFO | Results panel looks stuck. Clicking the feed and trying another scroll.
2026-03-31 17:06:40 | INFO | Results panel looks stuck. Clicking the feed and trying another scroll.
2026-03-31 17:07:38 | INFO | Results panel looks stuck. Clicking the feed and trying another scroll.
2026-03-31 17:08:36 | INFO | Results panel looks stuck. Clicking the feed and trying another scroll.
2026-03-31 17:09:34 | INFO | Results panel looks stuck. Clicking the feed and trying another scroll.
2026-03-31 17:10:31 | INFO | Results panel looks stuck. Clicking the feed and trying another scroll.
2026-03-31 17:11:30 | INFO | Results panel looks stuck. Clicking the feed and trying another scroll.
2026-03-31 17:12:28 | INFO | Results panel looks stuck. Clicking the feed and trying another scroll.
2026-03-31 17:13:25 | INFO | Results panel looks stuck. Clicking the feed and trying another scroll.
2026-03-31 17:14:23 | INFO | Results panel looks stuck. Clicking the feed and trying another scroll.
2026-03-31 17:15:21 | INFO | Results panel looks stuck. Clicking the feed and trying another scroll.
2026-03-31 17:16:19 | INFO | Results panel looks stuck. Clicking the feed and trying another scroll.
2026-03-31 17:17:17 | INFO | Results panel looks stuck. Clicking the feed and trying another scroll.
2026-03-31 17:18:14 | INFO | Results panel looks stuck. Clicking the feed and trying another scroll.
2026-03-31 17:19:12 | INFO | Results panel looks stuck. Clicking the feed and trying another scroll.
2026-03-31 17:20:10 | INFO | Results panel looks stuck. Clicking the feed and trying another scroll.
2026-03-31 17:21:08 | INFO | Results panel looks stuck. Clicking the feed and trying another scroll.
2026-03-31 17:22:06 | INFO | Results panel looks stuck. Clicking the feed and trying another scroll.
2026-03-31 17:23:04 | INFO | Results panel looks stuck. Clicking the feed and trying another scroll.
2026-03-31 17:24:01 | INFO | Results panel looks stuck. Clicking the feed and trying another scroll.
2026-03-31 17:24:59 | INFO | Results panel looks stuck. Clicking the feed and trying another scroll.
2026-03-31 17:25:57 | INFO | Results panel looks stuck. Clicking the feed and trying another scroll.
2026-03-31 17:26:55 | INFO | Results panel looks stuck. Clicking the feed and trying another scroll.
2026-03-31 17:27:53 | INFO | Results panel looks stuck. Clicking the feed and trying another scroll.
2026-03-31 17:28:50 | INFO | Results panel looks stuck. Clicking the feed and trying another scroll.
2026-03-31 17:29:48 | INFO | Results panel looks stuck. Clicking the feed and trying another scroll.
2026-03-31 17:30:46 | INFO | Results panel looks stuck. Clicking the feed and trying another scroll.
2026-03-31 17:31:44 | INFO | Results panel looks stuck. Clicking the feed and trying another scroll.
2026-03-31 17:32:42 | INFO | Results panel looks stuck. Clicking the feed and trying another scroll.
2026-03-31 17:33:40 | INFO | Results panel looks stuck. Clicking the feed and trying another scroll.
2026-03-31 17:34:37 | INFO | Results panel looks stuck. Clicking the feed and trying another scroll.
2026-03-31 17:35:36 | INFO | Results panel looks stuck. Clicking the feed and trying another scroll.
2026-03-31 17:36:34 | INFO | Results panel looks stuck. Clicking the feed and trying another scroll.
2026-03-31 17:37:33 | INFO | Results panel looks stuck. Clicking the feed and trying another scroll.
2026-03-31 17:38:31 | INFO | Results panel looks stuck. Clicking the feed and trying another scroll.
2026-03-31 17:39:29 | INFO | Results panel looks stuck. Clicking the feed and trying another scroll.
2026-03-31 17:40:28 | INFO | Results panel looks stuck. Clicking the feed and trying another scroll.
2026-03-31 17:41:26 | INFO | Results panel looks stuck. Clicking the feed and trying another scroll.
2026-03-31 17:42:23 | INFO | Results panel looks stuck. Clicking the feed and trying another scroll.
2026-03-31 17:43:22 | INFO | Results panel looks stuck. Clicking the feed and trying another scroll.
2026-03-31 17:44:20 | INFO | Results panel looks stuck. Clicking the feed and trying another scroll.
2026-03-31 17:45:18 | INFO | Results panel looks stuck. Clicking the feed and trying another scroll.
2026-03-31 17:46:16 | INFO | Results panel looks stuck. Clicking the feed and trying another scroll.
2026-03-31 17:47:16 | INFO | Results panel looks stuck. Clicking the feed and trying another scroll.
2026-03-31 17:48:13 | INFO | Results panel looks stuck. Clicking the feed and trying another scroll.
2026-03-31 17:49:12 | INFO | Results panel looks stuck. Clicking the feed and trying another scroll.
2026-03-31 17:50:10 | INFO | Results panel looks stuck. Clicking the feed and trying another scroll.
2026-03-31 17:51:09 | INFO | Results panel looks stuck. Clicking the feed and trying another scroll.
2026-03-31 17:52:07 | INFO | Results panel looks stuck. Clicking the feed and trying another scroll.
2026-03-31 17:53:05 | INFO | Results panel looks stuck. Clicking the feed and trying another scroll.
2026-03-31 17:54:03 | INFO | Results panel looks stuck. Clicking the feed and trying another scroll.
2026-03-31 17:55:02 | INFO | Results panel looks stuck. Clicking the feed and trying another scroll.
2026-03-31 17:56:00 | INFO | Results panel looks stuck. Clicking the feed and trying another scroll.
2026-03-31 17:56:58 | INFO | Results panel looks stuck. Clicking the feed and trying another scroll.
2026-03-31 17:57:56 | INFO | Results panel looks stuck. Clicking the feed and trying another scroll.
2026-03-31 17:58:54 | INFO | Results panel looks stuck. Clicking the feed and trying another scroll.
2026-03-31 17:59:53 | INFO | Results panel looks stuck. Clicking the feed and trying another scroll.
2026-03-31 18:00:51 | INFO | Results panel looks stuck. Clicking the feed and trying another scroll.
2026-03-31 18:01:49 | INFO | Results panel looks stuck. Clicking the feed and trying another scroll.
2026-03-31 18:02:47 | INFO | Results panel looks stuck. Clicking the feed and trying another scroll.
2026-03-31 18:03:45 | INFO | Results panel looks stuck. Clicking the feed and trying another scroll.
2026-03-31 18:04:43 | INFO | Results panel looks stuck. Clicking the feed and trying another scroll.
2026-03-31 18:05:41 | INFO | Results panel looks stuck. Clicking the feed and trying another scroll.
2026-03-31 18:06:39 | INFO | Results panel looks stuck. Clicking the feed and trying another scroll.
2026-03-31 18:07:37 | INFO | Results panel looks stuck. Clicking the feed and trying another scroll.
2026-03-31 18:08:35 | INFO | Results panel looks stuck. Clicking the feed and trying another scroll.
2026-03-31 18:09:33 | INFO | Results panel looks stuck. Clicking the feed and trying another scroll.
2026-03-31 18:10:31 | INFO | Results panel looks stuck. Clicking the feed and trying another scroll.
2026-03-31 18:11:29 | INFO | Results panel looks stuck. Clicking the feed and trying another scroll.
2026-03-31 18:12:27 | INFO | Results panel looks stuck. Clicking the feed and trying another scroll.
2026-03-31 18:13:26 | INFO | Results panel looks stuck. Clicking the feed and trying another scroll.
2026-03-31 18:14:24 | INFO | Results panel looks stuck. Clicking the feed and trying another scroll.
2026-03-31 18:15:22 | INFO | Results panel looks stuck. Clicking the feed and trying another scroll.
2026-03-31 18:16:20 | INFO | Results panel looks stuck. Clicking the feed and trying another scroll.
2026-03-31 18:17:19 | INFO | Results panel looks stuck. Clicking the feed and trying another scroll.
2026-03-31 18:18:16 | INFO | Results panel looks stuck. Clicking the feed and trying another scroll.
2026-03-31 18:19:15 | INFO | Results panel looks stuck. Clicking the feed and trying another scroll.
2026-03-31 18:20:13 | INFO | Results panel looks stuck. Clicking the feed and trying another scroll.
2026-03-31 18:21:11 | INFO | Results panel looks stuck. Clicking the feed and trying another scroll.
2026-03-31 18:22:09 | INFO | Results panel looks stuck. Clicking the feed and trying another scroll.
2026-03-31 18:23:07 | INFO | Results panel looks stuck. Clicking the feed and trying another scroll.
2026-03-31 18:24:05 | INFO | Results panel looks stuck. Clicking the feed and trying another scroll.
2026-03-31 18:25:03 | INFO | Results panel looks stuck. Clicking the feed and trying another scroll.
2026-03-31 18:26:02 | INFO | Results panel looks stuck. Clicking the feed and trying another scroll.
2026-03-31 18:27:00 | INFO | Results panel looks stuck. Clicking the feed and trying another scroll.
2026-03-31 18:27:58 | INFO | Results panel looks stuck. Clicking the feed and trying another scroll.
2026-03-31 18:28:56 | INFO | Results panel looks stuck. Clicking the feed and trying another scroll.
2026-03-31 18:29:54 | INFO | Results panel looks stuck. Clicking the feed and trying another scroll.
2026-03-31 18:30:53 | INFO | Results panel looks stuck. Clicking the feed and trying another scroll.
2026-03-31 18:31:51 | INFO | Results panel looks stuck. Clicking the feed and trying another scroll.
2026-03-31 18:32:49 | INFO | Results panel looks stuck. Clicking the feed and trying another scroll.
2026-03-31 18:33:47 | INFO | Results panel looks stuck. Clicking the feed and trying another scroll.
2026-03-31 18:34:45 | INFO | Results panel looks stuck. Clicking the feed and trying another scroll.
2026-03-31 18:35:43 | INFO | Results panel looks stuck. Clicking the feed and trying another scroll.
2026-03-31 18:36:41 | INFO | Results panel looks stuck. Clicking the feed and trying another scroll.
2026-03-31 18:37:39 | INFO | Results panel looks stuck. Clicking the feed and trying another scroll.
2026-03-31 18:38:37 | INFO | Results panel looks stuck. Clicking the feed and trying another scroll.
2026-03-31 18:39:35 | INFO | Results panel looks stuck. Clicking the feed and trying another scroll.
2026-03-31 18:40:33 | INFO | Results panel looks stuck. Clicking the feed and trying another scroll.
2026-03-31 18:41:31 | INFO | Results panel looks stuck. Clicking the feed and trying another scroll.
2026-03-31 18:42:29 | INFO | Results panel looks stuck. Clicking the feed and trying another scroll.
2026-03-31 18:43:27 | INFO | Results panel looks stuck. Clicking the feed and trying another scroll.
2026-03-31 18:44:25 | INFO | Results panel looks stuck. Clicking the feed and trying another scroll.
2026-03-31 18:45:24 | INFO | Results panel looks stuck. Clicking the feed and trying another scroll.
2026-03-31 18:46:22 | INFO | Results panel looks stuck. Clicking the feed and trying another scroll.
2026-03-31 18:47:20 | INFO | Results panel looks stuck. Clicking the feed and trying another scroll.
2026-03-31 18:48:18 | INFO | Results panel looks stuck. Clicking the feed and trying another scroll.
2026-03-31 18:49:17 | INFO | Results panel looks stuck. Clicking the feed and trying another scroll.
2026-03-31 18:50:15 | INFO | Results panel looks stuck. Clicking the feed and trying another scroll.
2026-03-31 18:51:13 | INFO | Results panel looks stuck. Clicking the feed and trying another scroll.
2026-03-31 18:52:11 | INFO | Results panel looks stuck. Clicking the feed and trying another scroll.
2026-03-31 18:53:10 | INFO | Results panel looks stuck. Clicking the feed and trying another scroll.
2026-03-31 18:54:08 | INFO | Results panel looks stuck. Clicking the feed and trying another scroll.
2026-03-31 18:55:06 | INFO | Results panel looks stuck. Clicking the feed and trying another scroll.
2026-03-31 18:56:04 | INFO | Results panel looks stuck. Clicking the feed and trying another scroll.
2026-03-31 18:57:02 | INFO | Results panel looks stuck. Clicking the feed and trying another scroll.
2026-03-31 18:58:00 | INFO | Results panel looks stuck. Clicking the feed and trying another scroll.
2026-03-31 18:58:59 | INFO | Results panel looks stuck. Clicking the feed and trying another scroll.
2026-03-31 18:59:57 | INFO | Results panel looks stuck. Clicking the feed and trying another scroll.
2026-03-31 19:00:55 | INFO | Results panel looks stuck. Clicking the feed and trying another scroll.
2026-03-31 19:01:53 | INFO | Results panel looks stuck. Clicking the feed and trying another scroll.
2026-03-31 19:02:51 | INFO | Results panel looks stuck. Clicking the feed and trying another scroll.
2026-03-31 19:03:49 | INFO | Results panel looks stuck. Clicking the feed and trying another scroll.
2026-03-31 19:04:46 | INFO | Results panel looks stuck. Clicking the feed and trying another scroll.
2026-03-31 19:05:44 | INFO | Results panel looks stuck. Clicking the feed and trying another scroll.
2026-03-31 19:06:42 | INFO | Results panel looks stuck. Clicking the feed and trying another scroll.
2026-03-31 19:07:40 | INFO | Results panel looks stuck. Clicking the feed and trying another scroll.
2026-03-31 19:08:38 | INFO | Results panel looks stuck. Clicking the feed and trying another scroll.
2026-03-31 19:09:35 | INFO | Results panel looks stuck. Clicking the feed and trying another scroll.
2026-03-31 19:10:33 | INFO | Results panel looks stuck. Clicking the feed and trying another scroll.
2026-03-31 19:11:30 | INFO | Results panel looks stuck. Clicking the feed and trying another scroll.
2026-03-31 19:12:28 | INFO | Results panel looks stuck. Clicking the feed and trying another scroll.
2026-03-31 19:13:26 | INFO | Results panel looks stuck. Clicking the feed and trying another scroll.
2026-03-31 19:14:23 | INFO | Results panel looks stuck. Clicking the feed and trying another scroll.
2026-03-31 19:15:21 | INFO | Results panel looks stuck. Clicking the feed and trying another scroll.
2026-03-31 19:16:18 | INFO | Results panel looks stuck. Clicking the feed and trying another scroll.
2026-03-31 19:17:16 | INFO | Results panel looks stuck. Clicking the feed and trying another scroll.
2026-03-31 19:18:14 | INFO | Results panel looks stuck. Clicking the feed and trying another scroll.
2026-03-31 19:19:12 | INFO | Results panel looks stuck. Clicking the feed and trying another scroll.
2026-03-31 19:20:09 | INFO | Results panel looks stuck. Clicking the feed and trying another scroll.
2026-03-31 19:21:07 | INFO | Results panel looks stuck. Clicking the feed and trying another scroll.
2026-03-31 19:22:04 | INFO | Results panel looks stuck. Clicking the feed and trying another scroll.
2026-03-31 19:23:02 | INFO | Results panel looks stuck. Clicking the feed and trying another scroll.
2026-03-31 19:24:00 | INFO | Results panel looks stuck. Clicking the feed and trying another scroll.
2026-03-31 19:24:57 | INFO | Results panel looks stuck. Clicking the feed and trying another scroll.
2026-03-31 19:25:55 | INFO | Results panel looks stuck. Clicking the feed and trying another scroll.
2026-03-31 19:26:53 | INFO | Results panel looks stuck. Clicking the feed and trying another scroll.
2026-03-31 19:27:50 | INFO | Results panel looks stuck. Clicking the feed and trying another scroll.
2026-03-31 19:28:48 | INFO | Results panel looks stuck. Clicking the feed and trying another scroll.
2026-03-31 19:29:46 | INFO | Results panel looks stuck. Clicking the feed and trying another scroll.
2026-03-31 19:30:44 | INFO | Results panel looks stuck. Clicking the feed and trying another scroll.
2026-03-31 19:31:42 | INFO | Results panel looks stuck. Clicking the feed and trying another scroll.
2026-03-31 19:32:39 | INFO | Results panel looks stuck. Clicking the feed and trying another scroll.
2026-03-31 19:33:37 | INFO | Results panel looks stuck. Clicking the feed and trying another scroll.
2026-03-31 19:34:34 | INFO | Results panel looks stuck. Clicking the feed and trying another scroll.
2026-03-31 19:35:32 | INFO | Results panel looks stuck. Clicking the feed and trying another scroll.
2026-03-31 19:36:30 | INFO | Results panel looks stuck. Clicking the feed and trying another scroll.
2026-03-31 19:37:28 | INFO | Results panel looks stuck. Clicking the feed and trying another scroll.
2026-03-31 19:38:25 | INFO | Results panel looks stuck. Clicking the feed and trying another scroll.
2026-03-31 19:39:23 | INFO | Results panel looks stuck. Clicking the feed and trying another scroll.
2026-03-31 19:40:21 | INFO | Results panel looks stuck. Clicking the feed and trying another scroll.
2026-03-31 19:41:19 | INFO | Results panel looks stuck. Clicking the feed and trying another scroll.
2026-03-31 19:42:16 | INFO | Results panel looks stuck. Clicking the feed and trying another scroll.
2026-03-31 19:43:14 | INFO | Results panel looks stuck. Clicking the feed and trying another scroll.
2026-03-31 19:44:12 | INFO | Results panel looks stuck. Clicking the feed and trying another scroll.
2026-03-31 19:45:09 | INFO | Results panel looks stuck. Clicking the feed and trying another scroll.
2026-03-31 19:46:07 | INFO | Results panel looks stuck. Clicking the feed and trying another scroll.
2026-03-31 19:47:05 | INFO | Results panel looks stuck. Clicking the feed and trying another scroll.
2026-03-31 19:48:02 | INFO | Results panel looks stuck. Clicking the feed and trying another scroll.
2026-03-31 19:49:00 | INFO | Results panel looks stuck. Clicking the feed and trying another scroll.
2026-03-31 19:49:58 | INFO | Results panel looks stuck. Clicking the feed and trying another scroll.
2026-03-31 19:50:55 | INFO | Results panel looks stuck. Clicking the feed and trying another scroll.
2026-03-31 19:51:53 | INFO | Results panel looks stuck. Clicking the feed and trying another scroll.
2026-03-31 19:52:51 | INFO | Results panel looks stuck. Clicking the feed and trying another scroll.
2026-03-31 19:53:48 | INFO | Results panel looks stuck. Clicking the feed and trying another scroll.
2026-03-31 19:54:46 | INFO | Results panel looks stuck. Clicking the feed and trying another scroll.
2026-03-31 19:55:44 | INFO | Results panel looks stuck. Clicking the feed and trying another scroll.
2026-03-31 19:56:42 | INFO | Results panel looks stuck. Clicking the feed and trying another scroll.
2026-03-31 19:57:40 | INFO | Results panel looks stuck. Clicking the feed and trying another scroll.
2026-03-31 19:58:38 | INFO | Results panel looks stuck. Clicking the feed and trying another scroll.
2026-03-31 19:59:35 | INFO | Results panel looks stuck. Clicking the feed and trying another scroll.
2026-03-31 20:00:33 | INFO | Results panel looks stuck. Clicking the feed and trying another scroll.
2026-03-31 20:01:31 | INFO | Results panel looks stuck. Clicking the feed and trying another scroll.
2026-03-31 20:02:28 | INFO | Results panel looks stuck. Clicking the feed and trying another scroll.
2026-03-31 20:03:26 | INFO | Results panel looks stuck. Clicking the feed and trying another scroll.
2026-03-31 20:04:24 | INFO | Results panel looks stuck. Clicking the feed and trying another scroll.
2026-03-31 20:05:21 | INFO | Results panel looks stuck. Clicking the feed and trying another scroll.
2026-03-31 20:06:19 | INFO | Results panel looks stuck. Clicking the feed and trying another scroll.
2026-03-31 20:07:17 | INFO | Results panel looks stuck. Clicking the feed and trying another scroll.
2026-03-31 20:08:14 | INFO | Results panel looks stuck. Clicking the feed and trying another scroll.
2026-03-31 20:09:12 | INFO | Results panel looks stuck. Clicking the feed and trying another scroll.
2026-03-31 20:10:10 | INFO | Results panel looks stuck. Clicking the feed and trying another scroll.
2026-03-31 20:11:07 | INFO | Results panel looks stuck. Clicking the feed and trying another scroll.
2026-03-31 20:12:05 | INFO | Results panel looks stuck. Clicking the feed and trying another scroll.
2026-03-31 20:13:03 | INFO | Results panel looks stuck. Clicking the feed and trying another scroll.
2026-03-31 20:14:00 | INFO | Results panel looks stuck. Clicking the feed and trying another scroll.
2026-03-31 20:14:58 | INFO | Results panel looks stuck. Clicking the feed and trying another scroll.
2026-03-31 20:15:56 | INFO | Results panel looks stuck. Clicking the feed and trying another scroll.
2026-03-31 20:16:53 | INFO | Results panel looks stuck. Clicking the feed and trying another scroll.
2026-03-31 20:17:51 | INFO | Results panel looks stuck. Clicking the feed and trying another scroll.
2026-03-31 20:18:49 | INFO | Results panel looks stuck. Clicking the feed and trying another scroll.
2026-03-31 20:19:47 | INFO | Results panel looks stuck. Clicking the feed and trying another scroll.
2026-03-31 20:20:45 | INFO | Results panel looks stuck. Clicking the feed and trying another scroll.
2026-03-31 20:21:43 | INFO | Results panel looks stuck. Clicking the feed and trying another scroll.
2026-03-31 20:22:40 | INFO | Results panel looks stuck. Clicking the feed and trying another scroll.
2026-03-31 20:23:38 | INFO | Results panel looks stuck. Clicking the feed and trying another scroll.
2026-03-31 20:24:36 | INFO | Results panel looks stuck. Clicking the feed and trying another scroll.
2026-03-31 20:25:33 | INFO | Results panel looks stuck. Clicking the feed and trying another scroll.
2026-03-31 20:26:31 | INFO | Results panel looks stuck. Clicking the feed and trying another scroll.
2026-03-31 20:27:29 | INFO | Results panel looks stuck. Clicking the feed and trying another scroll.
2026-03-31 20:28:26 | INFO | Results panel looks stuck. Clicking the feed and trying another scroll.
2026-03-31 20:29:24 | INFO | Results panel looks stuck. Clicking the feed and trying another scroll.
2026-03-31 20:30:22 | INFO | Results panel looks stuck. Clicking the feed and trying another scroll.
2026-03-31 20:31:20 | INFO | Results panel looks stuck. Clicking the feed and trying another scroll.
2026-03-31 20:32:18 | INFO | Results panel looks stuck. Clicking the feed and trying another scroll.
2026-03-31 20:33:15 | INFO | Results panel looks stuck. Clicking the feed and trying another scroll.
2026-03-31 20:34:13 | INFO | Results panel looks stuck. Clicking the feed and trying another scroll.
2026-03-31 20:35:11 | INFO | Results panel looks stuck. Clicking the feed and trying another scroll.
2026-03-31 20:36:09 | INFO | Results panel looks stuck. Clicking the feed and trying another scroll.
2026-03-31 20:37:06 | INFO | Results panel looks stuck. Clicking the feed and trying another scroll.
2026-03-31 20:38:04 | INFO | Results panel looks stuck. Clicking the feed and trying another scroll.
2026-03-31 20:39:02 | INFO | Results panel looks stuck. Clicking the feed and trying another scroll.
2026-03-31 20:40:00 | INFO | Results panel looks stuck. Clicking the feed and trying another scroll.
2026-03-31 20:40:58 | INFO | Results panel looks stuck. Clicking the feed and trying another scroll.
2026-03-31 20:41:55 | INFO | Results panel looks stuck. Clicking the feed and trying another scroll.
2026-03-31 20:42:53 | INFO | Results panel looks stuck. Clicking the feed and trying another scroll.
2026-03-31 20:43:54 | INFO | Results panel looks stuck. Clicking the feed and trying another scroll.
2026-03-31 20:44:52 | INFO | Results panel looks stuck. Clicking the feed and trying another scroll.
2026-03-31 20:45:50 | INFO | Results panel looks stuck. Clicking the feed and trying another scroll.
2026-03-31 20:46:48 | INFO | Results panel looks stuck. Clicking the feed and trying another scroll.
2026-03-31 20:47:46 | INFO | Results panel looks stuck. Clicking the feed and trying another scroll.
2026-03-31 20:48:44 | INFO | Results panel looks stuck. Clicking the feed and trying another scroll.
2026-03-31 20:49:41 | INFO | Results panel looks stuck. Clicking the feed and trying another scroll.
2026-03-31 20:50:39 | INFO | Results panel looks stuck. Clicking the feed and trying another scroll.
2026-03-31 20:51:37 | INFO | Results panel looks stuck. Clicking the feed and trying another scroll.
2026-03-31 20:52:35 | INFO | Results panel looks stuck. Clicking the feed and trying another scroll.
2026-03-31 20:53:33 | INFO | Results panel looks stuck. Clicking the feed and trying another scroll.
2026-03-31 20:54:30 | INFO | Results panel looks stuck. Clicking the feed and trying another scroll.
2026-03-31 20:55:28 | INFO | Results panel looks stuck. Clicking the feed and trying another scroll.
2026-03-31 20:56:26 | INFO | Results panel looks stuck. Clicking the feed and trying another scroll.
2026-03-31 20:57:23 | INFO | Results panel looks stuck. Clicking the feed and trying another scroll.
2026-03-31 20:58:21 | INFO | Results panel looks stuck. Clicking the feed and trying another scroll.
2026-03-31 20:59:19 | INFO | Results panel looks stuck. Clicking the feed and trying another scroll.
2026-03-31 21:00:16 | INFO | Results panel looks stuck. Clicking the feed and trying another scroll.
2026-03-31 21:01:14 | INFO | Results panel looks stuck. Clicking the feed and trying another scroll.
2026-03-31 21:02:12 | INFO | Results panel looks stuck. Clicking the feed and trying another scroll.
2026-03-31 21:03:10 | INFO | Results panel looks stuck. Clicking the feed and trying another scroll.
2026-03-31 21:04:07 | INFO | Results panel looks stuck. Clicking the feed and trying another scroll.
2026-03-31 21:05:05 | INFO | Results panel looks stuck. Clicking the feed and trying another scroll.
2026-03-31 21:06:03 | INFO | Results panel looks stuck. Clicking the feed and trying another scroll.
2026-03-31 21:07:01 | INFO | Results panel looks stuck. Clicking the feed and trying another scroll.
2026-03-31 21:07:58 | INFO | Results panel looks stuck. Clicking the feed and trying another scroll.
2026-03-31 21:08:56 | INFO | Results panel looks stuck. Clicking the feed and trying another scroll.
2026-03-31 21:09:54 | INFO | Results panel looks stuck. Clicking the feed and trying another scroll.
2026-03-31 21:10:52 | INFO | Results panel looks stuck. Clicking the feed and trying another scroll.
2026-03-31 21:11:49 | INFO | Results panel looks stuck. Clicking the feed and trying another scroll.
2026-03-31 21:12:47 | INFO | Results panel looks stuck. Clicking the feed and trying another scroll.
2026-03-31 21:13:45 | INFO | Results panel looks stuck. Clicking the feed and trying another scroll.
2026-03-31 21:14:42 | INFO | Results panel looks stuck. Clicking the feed and trying another scroll.
2026-03-31 21:15:40 | INFO | Results panel looks stuck. Clicking the feed and trying another scroll.
2026-03-31 21:16:38 | INFO | Results panel looks stuck. Clicking the feed and trying another scroll.
2026-03-31 21:17:36 | INFO | Results panel looks stuck. Clicking the feed and trying another scroll.
2026-03-31 21:18:33 | INFO | Results panel looks stuck. Clicking the feed and trying another scroll.
2026-03-31 21:19:31 | INFO | Results panel looks stuck. Clicking the feed and trying another scroll.
2026-03-31 21:20:29 | INFO | Results panel looks stuck. Clicking the feed and trying another scroll.
2026-03-31 21:21:26 | INFO | Results panel looks stuck. Clicking the feed and trying another scroll.
2026-03-31 21:22:24 | INFO | Results panel looks stuck. Clicking the feed and trying another scroll.
2026-03-31 21:23:22 | INFO | Results panel looks stuck. Clicking the feed and trying another scroll.
2026-03-31 21:24:20 | INFO | Results panel looks stuck. Clicking the feed and trying another scroll.
2026-03-31 21:25:17 | INFO | Results panel looks stuck. Clicking the feed and trying another scroll.
2026-03-31 21:26:15 | INFO | Results panel looks stuck. Clicking the feed and trying another scroll.
2026-03-31 21:27:13 | INFO | Results panel looks stuck. Clicking the feed and trying another scroll.
2026-03-31 21:28:10 | INFO | Results panel looks stuck. Clicking the feed and trying another scroll.
2026-03-31 21:29:08 | INFO | Results panel looks stuck. Clicking the feed and trying another scroll.
2026-03-31 21:30:06 | INFO | Results panel looks stuck. Clicking the feed and trying another scroll.
2026-03-31 21:31:04 | INFO | Results panel looks stuck. Clicking the feed and trying another scroll.
2026-03-31 21:32:01 | INFO | Results panel looks stuck. Clicking the feed and trying another scroll.
2026-03-31 21:32:59 | INFO | Results panel looks stuck. Clicking the feed and trying another scroll.
2026-03-31 21:33:57 | INFO | Results panel looks stuck. Clicking the feed and trying another scroll.
2026-03-31 21:34:54 | INFO | Results panel looks stuck. Clicking the feed and trying another scroll.
2026-03-31 21:35:52 | INFO | Results panel looks stuck. Clicking the feed and trying another scroll.
2026-03-31 21:36:49 | INFO | Results panel looks stuck. Clicking the feed and trying another scroll.
2026-03-31 21:37:47 | INFO | Results panel looks stuck. Clicking the feed and trying another scroll.
2026-03-31 21:38:45 | INFO | Results panel looks stuck. Clicking the feed and trying another scroll.
2026-03-31 21:39:43 | INFO | Results panel looks stuck. Clicking the feed and trying another scroll.
2026-03-31 21:40:41 | INFO | Results panel looks stuck. Clicking the feed and trying another scroll.
2026-03-31 21:41:38 | INFO | Results panel looks stuck. Clicking the feed and trying another scroll.
2026-03-31 21:42:36 | INFO | Results panel looks stuck. Clicking the feed and trying another scroll.
2026-03-31 21:43:33 | INFO | Results panel looks stuck. Clicking the feed and trying another scroll.
2026-03-31 21:44:31 | INFO | Results panel looks stuck. Clicking the feed and trying another scroll.
2026-03-31 21:45:29 | INFO | Results panel looks stuck. Clicking the feed and trying another scroll.
2026-03-31 21:46:27 | INFO | Results panel looks stuck. Clicking the feed and trying another scroll.
2026-03-31 21:47:25 | INFO | Results panel looks stuck. Clicking the feed and trying another scroll.
2026-03-31 21:48:22 | INFO | Results panel looks stuck. Clicking the feed and trying another scroll.
2026-03-31 21:49:20 | INFO | Results panel looks stuck. Clicking the feed and trying another scroll.
2026-03-31 21:50:18 | INFO | Results panel looks stuck. Clicking the feed and trying another scroll.
2026-03-31 21:51:15 | INFO | Results panel looks stuck. Clicking the feed and trying another scroll.
2026-03-31 21:52:13 | INFO | Results panel looks stuck. Clicking the feed and trying another scroll.
2026-03-31 21:53:11 | INFO | Results panel looks stuck. Clicking the feed and trying another scroll.
2026-03-31 21:54:09 | INFO | Results panel looks stuck. Clicking the feed and trying another scroll.
2026-03-31 21:55:07 | INFO | Results panel looks stuck. Clicking the feed and trying another scroll.
2026-03-31 21:56:04 | INFO | Results panel looks stuck. Clicking the feed and trying another scroll.
2026-03-31 21:57:02 | INFO | Results panel looks stuck. Clicking the feed and trying another scroll.
2026-03-31 21:58:00 | INFO | Results panel looks stuck. Clicking the feed and trying another scroll.
2026-03-31 21:58:57 | INFO | Results panel looks stuck. Clicking the feed and trying another scroll.
2026-03-31 21:59:55 | INFO | Results panel looks stuck. Clicking the feed and trying another scroll.
2026-03-31 22:00:53 | INFO | Results panel looks stuck. Clicking the feed and trying another scroll.
2026-03-31 22:01:51 | INFO | Results panel looks stuck. Clicking the feed and trying another scroll.
2026-03-31 22:02:49 | INFO | Results panel looks stuck. Clicking the feed and trying another scroll.
2026-03-31 22:03:47 | INFO | Results panel looks stuck. Clicking the feed and trying another scroll.
2026-03-31 22:04:45 | INFO | Results panel looks stuck. Clicking the feed and trying another scroll.
2026-03-31 22:05:43 | INFO | Results panel looks stuck. Clicking the feed and trying another scroll.
2026-03-31 22:06:40 | INFO | Results panel looks stuck. Clicking the feed and trying another scroll.
2026-03-31 22:07:38 | INFO | Results panel looks stuck. Clicking the feed and trying another scroll.
2026-03-31 22:08:36 | INFO | Results panel looks stuck. Clicking the feed and trying another scroll.
2026-03-31 22:09:33 | INFO | Results panel looks stuck. Clicking the feed and trying another scroll.
2026-03-31 22:10:31 | INFO | Results panel looks stuck. Clicking the feed and trying another scroll.
2026-03-31 22:11:29 | INFO | Results panel looks stuck. Clicking the feed and trying another scroll.
2026-03-31 22:12:26 | INFO | Results panel looks stuck. Clicking the feed and trying another scroll.
2026-03-31 22:13:24 | INFO | Results panel looks stuck. Clicking the feed and trying another scroll.
2026-03-31 22:14:22 | INFO | Results panel looks stuck. Clicking the feed and trying another scroll.
2026-03-31 22:15:20 | INFO | Results panel looks stuck. Clicking the feed and trying another scroll.
2026-03-31 22:16:17 | INFO | Results panel looks stuck. Clicking the feed and trying another scroll.
2026-03-31 22:17:15 | INFO | Results panel looks stuck. Clicking the feed and trying another scroll.
2026-03-31 22:18:13 | INFO | Results panel looks stuck. Clicking the feed and trying another scroll.
2026-03-31 22:19:11 | INFO | Results panel looks stuck. Clicking the feed and trying another scroll.
2026-03-31 22:20:08 | INFO | Results panel looks stuck. Clicking the feed and trying another scroll.
2026-03-31 22:21:06 | INFO | Results panel looks stuck. Clicking the feed and trying another scroll.
2026-03-31 22:22:04 | INFO | Results panel looks stuck. Clicking the feed and trying another scroll.
2026-03-31 22:23:01 | INFO | Results panel looks stuck. Clicking the feed and trying another scroll.
2026-03-31 22:23:59 | INFO | Results panel looks stuck. Clicking the feed and trying another scroll.
2026-03-31 22:24:57 | INFO | Results panel looks stuck. Clicking the feed and trying another scroll.
2026-03-31 22:25:54 | INFO | Results panel looks stuck. Clicking the feed and trying another scroll.
2026-03-31 22:26:52 | INFO | Results panel looks stuck. Clicking the feed and trying another scroll.
2026-03-31 22:27:50 | INFO | Results panel looks stuck. Clicking the feed and trying another scroll.
2026-03-31 22:28:48 | INFO | Results panel looks stuck. Clicking the feed and trying another scroll.
2026-03-31 22:29:46 | INFO | Results panel looks stuck. Clicking the feed and trying another scroll.
2026-03-31 22:30:43 | INFO | Results panel looks stuck. Clicking the feed and trying another scroll.
2026-03-31 22:31:41 | INFO | Results panel looks stuck. Clicking the feed and trying another scroll.
2026-03-31 22:32:39 | INFO | Results panel looks stuck. Clicking the feed and trying another scroll.
2026-03-31 22:33:36 | INFO | Results panel looks stuck. Clicking the feed and trying another scroll.
2026-03-31 22:34:34 | INFO | Results panel looks stuck. Clicking the feed and trying another scroll.
2026-03-31 22:35:32 | INFO | Results panel looks stuck. Clicking the feed and trying another scroll.
2026-03-31 22:36:30 | INFO | Results panel looks stuck. Clicking the feed and trying another scroll.
2026-03-31 22:37:27 | INFO | Results panel looks stuck. Clicking the feed and trying another scroll.
2026-03-31 22:38:25 | INFO | Results panel looks stuck. Clicking the feed and trying another scroll.
2026-03-31 22:39:23 | INFO | Results panel looks stuck. Clicking the feed and trying another scroll.
2026-03-31 22:40:21 | INFO | Results panel looks stuck. Clicking the feed and trying another scroll.
2026-03-31 22:41:18 | INFO | Results panel looks stuck. Clicking the feed and trying another scroll.
2026-03-31 22:42:16 | INFO | Results panel looks stuck. Clicking the feed and trying another scroll.
2026-03-31 22:43:14 | INFO | Results panel looks stuck. Clicking the feed and trying another scroll.
2026-03-31 22:44:12 | INFO | Results panel looks stuck. Clicking the feed and trying another scroll.
2026-03-31 22:45:10 | INFO | Results panel looks stuck. Clicking the feed and trying another scroll.
2026-03-31 22:46:07 | INFO | Results panel looks stuck. Clicking the feed and trying another scroll.
2026-03-31 22:47:05 | INFO | Results panel looks stuck. Clicking the feed and trying another scroll.
2026-03-31 22:48:03 | INFO | Results panel looks stuck. Clicking the feed and trying another scroll.
2026-03-31 22:49:01 | INFO | Results panel looks stuck. Clicking the feed and trying another scroll.
2026-03-31 22:49:59 | INFO | Results panel looks stuck. Clicking the feed and trying another scroll.
2026-03-31 22:50:56 | INFO | Results panel looks stuck. Clicking the feed and trying another scroll.
2026-03-31 22:51:54 | INFO | Results panel looks stuck. Clicking the feed and trying another scroll.
2026-03-31 22:52:52 | INFO | Results panel looks stuck. Clicking the feed and trying another scroll.
2026-03-31 22:53:50 | INFO | Results panel looks stuck. Clicking the feed and trying another scroll.
2026-03-31 22:54:47 | INFO | Results panel looks stuck. Clicking the feed and trying another scroll.
2026-03-31 22:55:45 | INFO | Results panel looks stuck. Clicking the feed and trying another scroll.
2026-03-31 22:56:42 | INFO | Results panel looks stuck. Clicking the feed and trying another scroll.
2026-03-31 22:57:40 | INFO | Results panel looks stuck. Clicking the feed and trying another scroll.
2026-03-31 22:58:38 | INFO | Results panel looks stuck. Clicking the feed and trying another scroll.
2026-03-31 22:59:36 | INFO | Results panel looks stuck. Clicking the feed and trying another scroll.
2026-03-31 23:00:33 | INFO | Results panel looks stuck. Clicking the feed and trying another scroll.
2026-03-31 23:01:31 | INFO | Results panel looks stuck. Clicking the feed and trying another scroll.
2026-03-31 23:02:29 | INFO | Results panel looks stuck. Clicking the feed and trying another scroll.
2026-03-31 23:03:26 | INFO | Results panel looks stuck. Clicking the feed and trying another scroll.
2026-03-31 23:04:24 | INFO | Results panel looks stuck. Clicking the feed and trying another scroll.
2026-03-31 23:05:22 | INFO | Results panel looks stuck. Clicking the feed and trying another scroll.
2026-03-31 23:06:19 | INFO | Results panel looks stuck. Clicking the feed and trying another scroll.
2026-03-31 23:07:17 | INFO | Results panel looks stuck. Clicking the feed and trying another scroll.
2026-03-31 23:08:14 | INFO | Results panel looks stuck. Clicking the feed and trying another scroll.
2026-03-31 23:09:12 | INFO | Results panel looks stuck. Clicking the feed and trying another scroll.
2026-03-31 23:10:10 | INFO | Results panel looks stuck. Clicking the feed and trying another scroll.
2026-03-31 23:11:07 | INFO | Results panel looks stuck. Clicking the feed and trying another scroll.
2026-03-31 23:12:05 | INFO | Results panel looks stuck. Clicking the feed and trying another scroll.
2026-03-31 23:13:03 | INFO | Results panel looks stuck. Clicking the feed and trying another scroll.
2026-03-31 23:14:01 | INFO | Results panel looks stuck. Clicking the feed and trying another scroll.
2026-03-31 23:14:59 | INFO | Results panel looks stuck. Clicking the feed and trying another scroll.
2026-03-31 23:15:56 | INFO | Results panel looks stuck. Clicking the feed and trying another scroll.
2026-03-31 23:16:54 | INFO | Results panel looks stuck. Clicking the feed and trying another scroll.
2026-03-31 23:17:52 | INFO | Results panel looks stuck. Clicking the feed and trying another scroll.
2026-03-31 23:18:50 | INFO | Results panel looks stuck. Clicking the feed and trying another scroll.
2026-03-31 23:19:48 | INFO | Results panel looks stuck. Clicking the feed and trying another scroll.
2026-03-31 23:20:45 | INFO | Results panel looks stuck. Clicking the feed and trying another scroll.
2026-03-31 23:21:43 | INFO | Results panel looks stuck. Clicking the feed and trying another scroll.
2026-03-31 23:22:41 | INFO | Results panel looks stuck. Clicking the feed and trying another scroll.
2026-03-31 23:23:39 | INFO | Results panel looks stuck. Clicking the feed and trying another scroll.
2026-03-31 23:24:37 | INFO | Results panel looks stuck. Clicking the feed and trying another scroll.
2026-03-31 23:25:35 | INFO | Results panel looks stuck. Clicking the feed and trying another scroll.
2026-03-31 23:26:33 | INFO | Results panel looks stuck. Clicking the feed and trying another scroll.
2026-03-31 23:27:30 | INFO | Results panel looks stuck. Clicking the feed and trying another scroll.
2026-03-31 23:28:28 | INFO | Results panel looks stuck. Clicking the feed and trying another scroll.
2026-03-31 23:29:26 | INFO | Results panel looks stuck. Clicking the feed and trying another scroll.
2026-03-31 23:30:24 | INFO | Results panel looks stuck. Clicking the feed and trying another scroll.
2026-03-31 23:31:21 | INFO | Results panel looks stuck. Clicking the feed and trying another scroll.
2026-03-31 23:32:19 | INFO | Results panel looks stuck. Clicking the feed and trying another scroll.
2026-03-31 23:33:17 | INFO | Results panel looks stuck. Clicking the feed and trying another scroll.
2026-03-31 23:34:14 | INFO | Results panel looks stuck. Clicking the feed and trying another scroll.
2026-03-31 23:35:12 | INFO | Results panel looks stuck. Clicking the feed and trying another scroll.
2026-03-31 23:36:10 | INFO | Results panel looks stuck. Clicking the feed and trying another scroll.
2026-03-31 23:37:08 | INFO | Results panel looks stuck. Clicking the feed and trying another scroll.
2026-03-31 23:38:05 | INFO | Results panel looks stuck. Clicking the feed and trying another scroll.
2026-03-31 23:39:03 | INFO | Results panel looks stuck. Clicking the feed and trying another scroll.
2026-03-31 23:40:01 | INFO | Results panel looks stuck. Clicking the feed and trying another scroll.
2026-03-31 23:40:59 | INFO | Results panel looks stuck. Clicking the feed and trying another scroll.
2026-03-31 23:41:56 | INFO | Results panel looks stuck. Clicking the feed and trying another scroll.
2026-03-31 23:42:54 | INFO | Results panel looks stuck. Clicking the feed and trying another scroll.
2026-03-31 23:43:52 | INFO | Results panel looks stuck. Clicking the feed and trying another scroll.
2026-03-31 23:44:50 | INFO | Results panel looks stuck. Clicking the feed and trying another scroll.
2026-03-31 23:45:48 | INFO | Results panel looks stuck. Clicking the feed and trying another scroll.
2026-03-31 23:46:45 | INFO | Results panel looks stuck. Clicking the feed and trying another scroll.
2026-03-31 23:47:43 | INFO | Results panel looks stuck. Clicking the feed and trying another scroll.
2026-03-31 23:48:41 | INFO | Results panel looks stuck. Clicking the feed and trying another scroll.
2026-03-31 23:49:38 | INFO | Results panel looks stuck. Clicking the feed and trying another scroll.
2026-03-31 23:50:36 | INFO | Results panel looks stuck. Clicking the feed and trying another scroll.
2026-03-31 23:51:34 | INFO | Results panel looks stuck. Clicking the feed and trying another scroll.
2026-03-31 23:52:31 | INFO | Results panel looks stuck. Clicking the feed and trying another scroll.
2026-03-31 23:53:29 | INFO | Results panel looks stuck. Clicking the feed and trying another scroll.
2026-03-31 23:54:27 | INFO | Results panel looks stuck. Clicking the feed and trying another scroll.
2026-03-31 23:55:24 | INFO | Results panel looks stuck. Clicking the feed and trying another scroll.
2026-03-31 23:56:22 | INFO | Results panel looks stuck. Clicking the feed and trying another scroll.
2026-03-31 23:57:20 | INFO | Results panel looks stuck. Clicking the feed and trying another scroll.
2026-03-31 23:58:18 | INFO | Results panel looks stuck. Clicking the feed and trying another scroll.
2026-03-31 23:59:15 | INFO | Results panel looks stuck. Clicking the feed and trying another scroll.
2026-04-01 00:00:13 | INFO | Results panel looks stuck. Clicking the feed and trying another scroll.
2026-04-01 00:01:11 | INFO | Results panel looks stuck. Clicking the feed and trying another scroll.
2026-04-01 00:02:08 | INFO | Results panel looks stuck. Clicking the feed and trying another scroll.
2026-04-01 00:03:06 | INFO | Results panel looks stuck. Clicking the feed and trying another scroll.
2026-04-01 00:04:04 | INFO | Results panel looks stuck. Clicking the feed and trying another scroll.
2026-04-01 00:05:02 | INFO | Results panel looks stuck. Clicking the feed and trying another scroll.
2026-04-01 00:05:59 | INFO | Results panel looks stuck. Clicking the feed and trying another scroll.
2026-04-01 00:06:57 | INFO | Results panel looks stuck. Clicking the feed and trying another scroll.
2026-04-01 00:07:55 | INFO | Results panel looks stuck. Clicking the feed and trying another scroll.
2026-04-01 00:08:52 | INFO | Results panel looks stuck. Clicking the feed and trying another scroll.
2026-04-01 00:09:50 | INFO | Results panel looks stuck. Clicking the feed and trying another scroll.
2026-04-01 00:10:48 | INFO | Results panel looks stuck. Clicking the feed and trying another scroll.
2026-04-01 00:11:45 | INFO | Results panel looks stuck. Clicking the feed and trying another scroll.
2026-04-01 00:12:43 | INFO | Results panel looks stuck. Clicking the feed and trying another scroll.
2026-04-01 00:13:41 | INFO | Results panel looks stuck. Clicking the feed and trying another scroll.
2026-04-01 00:14:39 | INFO | Results panel looks stuck. Clicking the feed and trying another scroll.
2026-04-01 00:15:37 | INFO | Results panel looks stuck. Clicking the feed and trying another scroll.
2026-04-01 00:16:34 | INFO | Results panel looks stuck. Clicking the feed and trying another scroll.
2026-04-01 00:17:32 | INFO | Results panel looks stuck. Clicking the feed and trying another scroll.
2026-04-01 00:18:30 | INFO | Results panel looks stuck. Clicking the feed and trying another scroll.
2026-04-01 00:19:27 | INFO | Results panel looks stuck. Clicking the feed and trying another scroll.
2026-04-01 00:20:25 | INFO | Results panel looks stuck. Clicking the feed and trying another scroll.
2026-04-01 00:21:23 | INFO | Results panel looks stuck. Clicking the feed and trying another scroll.
2026-04-01 00:22:21 | INFO | Results panel looks stuck. Clicking the feed and trying another scroll.
2026-04-01 00:23:19 | INFO | Results panel looks stuck. Clicking the feed and trying another scroll.
2026-04-01 00:24:16 | INFO | Results panel looks stuck. Clicking the feed and trying another scroll.
2026-04-01 00:25:14 | INFO | Results panel looks stuck. Clicking the feed and trying another scroll.
2026-04-01 00:26:12 | INFO | Results panel looks stuck. Clicking the feed and trying another scroll.
2026-04-01 00:27:09 | INFO | Results panel looks stuck. Clicking the feed and trying another scroll.
2026-04-01 00:28:07 | INFO | Results panel looks stuck. Clicking the feed and trying another scroll.
2026-04-01 00:29:05 | INFO | Results panel looks stuck. Clicking the feed and trying another scroll.
2026-04-01 00:30:02 | INFO | Results panel looks stuck. Clicking the feed and trying another scroll.
2026-04-01 00:31:00 | INFO | Results panel looks stuck. Clicking the feed and trying another scroll.
2026-04-01 00:31:58 | INFO | Results panel looks stuck. Clicking the feed and trying another scroll.
2026-04-01 00:32:56 | INFO | Results panel looks stuck. Clicking the feed and trying another scroll.
2026-04-01 00:33:53 | INFO | Results panel looks stuck. Clicking the feed and trying another scroll.
2026-04-01 00:34:51 | INFO | Results panel looks stuck. Clicking the feed and trying another scroll.
2026-04-01 00:35:49 | INFO | Results panel looks stuck. Clicking the feed and trying another scroll.
2026-04-01 00:36:47 | INFO | Results panel looks stuck. Clicking the feed and trying another scroll.
2026-04-01 00:37:45 | INFO | Results panel looks stuck. Clicking the feed and trying another scroll.
2026-04-01 00:38:42 | INFO | Results panel looks stuck. Clicking the feed and trying another scroll.
2026-04-01 00:39:40 | INFO | Results panel looks stuck. Clicking the feed and trying another scroll.
2026-04-01 00:40:38 | INFO | Results panel looks stuck. Clicking the feed and trying another scroll.
2026-04-01 00:41:36 | INFO | Results panel looks stuck. Clicking the feed and trying another scroll.
2026-04-01 00:42:33 | INFO | Results panel looks stuck. Clicking the feed and trying another scroll.
2026-04-01 00:43:31 | INFO | Results panel looks stuck. Clicking the feed and trying another scroll.
2026-04-01 00:44:29 | INFO | Results panel looks stuck. Clicking the feed and trying another scroll.
2026-04-01 00:45:27 | INFO | Results panel looks stuck. Clicking the feed and trying another scroll.
2026-04-01 00:46:25 | INFO | Results panel looks stuck. Clicking the feed and trying another scroll.
2026-04-01 00:47:22 | INFO | Results panel looks stuck. Clicking the feed and trying another scroll.
2026-04-01 00:48:20 | INFO | Results panel looks stuck. Clicking the feed and trying another scroll.
2026-04-01 00:49:18 | INFO | Results panel looks stuck. Clicking the feed and trying another scroll.
2026-04-01 00:50:15 | INFO | Results panel looks stuck. Clicking the feed and trying another scroll.
2026-04-01 00:51:13 | INFO | Results panel looks stuck. Clicking the feed and trying another scroll.
2026-04-01 00:52:10 | INFO | Results panel looks stuck. Clicking the feed and trying another scroll.
2026-04-01 00:53:08 | INFO | Results panel looks stuck. Clicking the feed and trying another scroll.
2026-04-01 00:54:06 | INFO | Results panel looks stuck. Clicking the feed and trying another scroll.
2026-04-01 00:55:04 | INFO | Results panel looks stuck. Clicking the feed and trying another scroll.
2026-04-01 00:56:01 | INFO | Results panel looks stuck. Clicking the feed and trying another scroll.
2026-04-01 00:56:59 | INFO | Results panel looks stuck. Clicking the feed and trying another scroll.
2026-04-01 00:57:57 | INFO | Results panel looks stuck. Clicking the feed and trying another scroll.
2026-04-01 00:58:54 | INFO | Results panel looks stuck. Clicking the feed and trying another scroll.
2026-04-01 00:59:52 | INFO | Results panel looks stuck. Clicking the feed and trying another scroll.
2026-04-01 01:00:50 | INFO | Results panel looks stuck. Clicking the feed and trying another scroll.
2026-04-01 01:01:47 | INFO | Results panel looks stuck. Clicking the feed and trying another scroll.
2026-04-01 01:02:45 | INFO | Results panel looks stuck. Clicking the feed and trying another scroll.
2026-04-01 01:03:43 | INFO | Results panel looks stuck. Clicking the feed and trying another scroll.
2026-04-01 01:04:41 | INFO | Results panel looks stuck. Clicking the feed and trying another scroll.
2026-04-01 01:05:38 | INFO | Results panel looks stuck. Clicking the feed and trying another scroll.
2026-04-01 01:06:36 | INFO | Results panel looks stuck. Clicking the feed and trying another scroll.
2026-04-01 01:07:34 | INFO | Results panel looks stuck. Clicking the feed and trying another scroll.
2026-04-01 01:08:31 | INFO | Results panel looks stuck. Clicking the feed and trying another scroll.
2026-04-01 01:09:29 | INFO | Results panel looks stuck. Clicking the feed and trying another scroll.
2026-04-01 01:10:27 | INFO | Results panel looks stuck. Clicking the feed and trying another scroll.
2026-04-01 01:11:25 | INFO | Results panel looks stuck. Clicking the feed and trying another scroll.
2026-04-01 01:12:22 | INFO | Results panel looks stuck. Clicking the feed and trying another scroll.
2026-04-01 01:13:20 | INFO | Results panel looks stuck. Clicking the feed and trying another scroll.
2026-04-01 01:14:18 | INFO | Results panel looks stuck. Clicking the feed and trying another scroll.
2026-04-01 01:15:15 | INFO | Results panel looks stuck. Clicking the feed and trying another scroll.
2026-04-01 01:16:13 | INFO | Results panel looks stuck. Clicking the feed and trying another scroll.
2026-04-01 01:17:10 | INFO | Results panel looks stuck. Clicking the feed and trying another scroll.
2026-04-01 01:18:08 | INFO | Results panel looks stuck. Clicking the feed and trying another scroll.
2026-04-01 01:19:06 | INFO | Results panel looks stuck. Clicking the feed and trying another scroll.
2026-04-01 01:20:04 | INFO | Results panel looks stuck. Clicking the feed and trying another scroll.
2026-04-01 01:21:01 | INFO | Results panel looks stuck. Clicking the feed and trying another scroll.
2026-04-01 01:21:59 | INFO | Results panel looks stuck. Clicking the feed and trying another scroll.
2026-04-01 01:22:57 | INFO | Results panel looks stuck. Clicking the feed and trying another scroll.
2026-04-01 01:23:54 | INFO | Results panel looks stuck. Clicking the feed and trying another scroll.
2026-04-01 01:24:52 | INFO | Results panel looks stuck. Clicking the feed and trying another scroll.
2026-04-01 01:25:50 | INFO | Results panel looks stuck. Clicking the feed and trying another scroll.
2026-04-01 01:26:48 | INFO | Results panel looks stuck. Clicking the feed and trying another scroll.
2026-04-01 01:27:45 | INFO | Results panel looks stuck. Clicking the feed and trying another scroll.
2026-04-01 01:28:43 | INFO | Results panel looks stuck. Clicking the feed and trying another scroll.
2026-04-01 01:29:41 | INFO | Results panel looks stuck. Clicking the feed and trying another scroll.
2026-04-01 01:30:39 | INFO | Results panel looks stuck. Clicking the feed and trying another scroll.
2026-04-01 01:31:37 | INFO | Results panel looks stuck. Clicking the feed and trying another scroll.
2026-04-01 01:32:34 | INFO | Results panel looks stuck. Clicking the feed and trying another scroll.
2026-04-01 01:33:32 | INFO | Results panel looks stuck. Clicking the feed and trying another scroll.
2026-04-01 01:34:30 | INFO | Results panel looks stuck. Clicking the feed and trying another scroll.
2026-04-01 01:35:28 | INFO | Results panel looks stuck. Clicking the feed and trying another scroll.
2026-04-01 01:36:25 | INFO | Results panel looks stuck. Clicking the feed and trying another scroll.
2026-04-01 01:37:23 | INFO | Results panel looks stuck. Clicking the feed and trying another scroll.
2026-04-01 01:38:20 | INFO | Results panel looks stuck. Clicking the feed and trying another scroll.
2026-04-01 01:39:18 | INFO | Results panel looks stuck. Clicking the feed and trying another scroll.
2026-04-01 01:40:16 | INFO | Results panel looks stuck. Clicking the feed and trying another scroll.
2026-04-01 01:41:14 | INFO | Results panel looks stuck. Clicking the feed and trying another scroll.
2026-04-01 01:42:12 | INFO | Results panel looks stuck. Clicking the feed and trying another scroll.
2026-04-01 01:43:09 | INFO | Results panel looks stuck. Clicking the feed and trying another scroll.
2026-04-01 01:44:07 | INFO | Results panel looks stuck. Clicking the feed and trying another scroll.
2026-04-01 01:45:05 | INFO | Results panel looks stuck. Clicking the feed and trying another scroll.
2026-04-01 01:46:03 | INFO | Results panel looks stuck. Clicking the feed and trying another scroll.
2026-04-01 01:47:00 | INFO | Results panel looks stuck. Clicking the feed and trying another scroll.
2026-04-01 01:47:58 | INFO | Results panel looks stuck. Clicking the feed and trying another scroll.
2026-04-01 01:48:56 | INFO | Results panel looks stuck. Clicking the feed and trying another scroll.
2026-04-01 01:49:53 | INFO | Results panel looks stuck. Clicking the feed and trying another scroll.
2026-04-01 01:50:51 | INFO | Results panel looks stuck. Clicking the feed and trying another scroll.
2026-04-01 01:51:49 | INFO | Results panel looks stuck. Clicking the feed and trying another scroll.
2026-04-01 01:52:46 | INFO | Results panel looks stuck. Clicking the feed and trying another scroll.
2026-04-01 01:53:44 | INFO | Results panel looks stuck. Clicking the feed and trying another scroll.
2026-04-01 01:54:42 | INFO | Results panel looks stuck. Clicking the feed and trying another scroll.
2026-04-01 01:55:40 | INFO | Results panel looks stuck. Clicking the feed and trying another scroll.
2026-04-01 01:56:37 | INFO | Results panel looks stuck. Clicking the feed and trying another scroll.
2026-04-01 01:57:35 | INFO | Results panel looks stuck. Clicking the feed and trying another scroll.
2026-04-01 01:58:33 | INFO | Results panel looks stuck. Clicking the feed and trying another scroll.
2026-04-01 01:59:31 | INFO | Results panel looks stuck. Clicking the feed and trying another scroll.
2026-04-01 02:00:28 | INFO | Results panel looks stuck. Clicking the feed and trying another scroll.
2026-04-01 02:01:26 | INFO | Results panel looks stuck. Clicking the feed and trying another scroll.
2026-04-01 02:02:24 | INFO | Results panel looks stuck. Clicking the feed and trying another scroll.
2026-04-01 02:03:22 | INFO | Results panel looks stuck. Clicking the feed and trying another scroll.
2026-04-01 02:04:19 | INFO | Results panel looks stuck. Clicking the feed and trying another scroll.
2026-04-01 02:05:17 | INFO | Results panel looks stuck. Clicking the feed and trying another scroll.
2026-04-01 02:06:15 | INFO | Results panel looks stuck. Clicking the feed and trying another scroll.
2026-04-01 02:07:13 | INFO | Results panel looks stuck. Clicking the feed and trying another scroll.
2026-04-01 02:08:10 | INFO | Results panel looks stuck. Clicking the feed and trying another scroll.
2026-04-01 02:09:08 | INFO | Results panel looks stuck. Clicking the feed and trying another scroll.
2026-04-01 02:10:06 | INFO | Results panel looks stuck. Clicking the feed and trying another scroll.
2026-04-01 02:11:04 | INFO | Results panel looks stuck. Clicking the feed and trying another scroll.
2026-04-01 02:12:01 | INFO | Results panel looks stuck. Clicking the feed and trying another scroll.
2026-04-01 02:12:59 | INFO | Results panel looks stuck. Clicking the feed and trying another scroll.
2026-04-01 02:13:57 | INFO | Results panel looks stuck. Clicking the feed and trying another scroll.
2026-04-01 02:14:55 | INFO | Results panel looks stuck. Clicking the feed and trying another scroll.
2026-04-01 02:15:52 | INFO | Results panel looks stuck. Clicking the feed and trying another scroll.
2026-04-01 02:16:50 | INFO | Results panel looks stuck. Clicking the feed and trying another scroll.
2026-04-01 02:17:48 | INFO | Results panel looks stuck. Clicking the feed and trying another scroll.
2026-04-01 02:18:45 | INFO | Results panel looks stuck. Clicking the feed and trying another scroll.
2026-04-01 02:19:43 | INFO | Results panel looks stuck. Clicking the feed and trying another scroll.
2026-04-01 02:20:41 | INFO | Results panel looks stuck. Clicking the feed and trying another scroll.
2026-04-01 02:21:38 | INFO | Results panel looks stuck. Clicking the feed and trying another scroll.
2026-04-01 02:22:36 | INFO | Results panel looks stuck. Clicking the feed and trying another scroll.
2026-04-01 02:23:34 | INFO | Results panel looks stuck. Clicking the feed and trying another scroll.
2026-04-01 02:24:32 | INFO | Results panel looks stuck. Clicking the feed and trying another scroll.
2026-04-01 02:25:29 | INFO | Results panel looks stuck. Clicking the feed and trying another scroll.
2026-04-01 02:26:27 | INFO | Results panel looks stuck. Clicking the feed and trying another scroll.
2026-04-01 02:27:25 | INFO | Results panel looks stuck. Clicking the feed and trying another scroll.
2026-04-01 02:28:22 | INFO | Results panel looks stuck. Clicking the feed and trying another scroll.
2026-04-01 02:29:20 | INFO | Results panel looks stuck. Clicking the feed and trying another scroll.
2026-04-01 02:30:17 | INFO | Results panel looks stuck. Clicking the feed and trying another scroll.
2026-04-01 02:31:15 | INFO | Results panel looks stuck. Clicking the feed and trying another scroll.
2026-04-01 02:32:13 | INFO | Results panel looks stuck. Clicking the feed and trying another scroll.
2026-04-01 02:33:10 | INFO | Results panel looks stuck. Clicking the feed and trying another scroll.
2026-04-01 02:34:08 | INFO | Results panel looks stuck. Clicking the feed and trying another scroll.
2026-04-01 02:35:06 | INFO | Results panel looks stuck. Clicking the feed and trying another scroll.
2026-04-01 02:36:03 | INFO | Results panel looks stuck. Clicking the feed and trying another scroll.
2026-04-01 02:37:01 | INFO | Results panel looks stuck. Clicking the feed and trying another scroll.
2026-04-01 02:37:59 | INFO | Results panel looks stuck. Clicking the feed and trying another scroll.
2026-04-01 02:38:57 | INFO | Results panel looks stuck. Clicking the feed and trying another scroll.
2026-04-01 02:39:54 | INFO | Results panel looks stuck. Clicking the feed and trying another scroll.
2026-04-01 02:40:52 | INFO | Results panel looks stuck. Clicking the feed and trying another scroll.
2026-04-01 02:41:50 | INFO | Results panel looks stuck. Clicking the feed and trying another scroll.
2026-04-01 02:42:48 | INFO | Results panel looks stuck. Clicking the feed and trying another scroll.
2026-04-01 02:43:45 | INFO | Results panel looks stuck. Clicking the feed and trying another scroll.
2026-04-01 02:44:43 | INFO | Results panel looks stuck. Clicking the feed and trying another scroll.
2026-04-01 02:45:41 | INFO | Results panel looks stuck. Clicking the feed and trying another scroll.
2026-04-01 02:46:39 | INFO | Results panel looks stuck. Clicking the feed and trying another scroll.
2026-04-01 02:47:37 | INFO | Results panel looks stuck. Clicking the feed and trying another scroll.
2026-04-01 02:48:35 | INFO | Results panel looks stuck. Clicking the feed and trying another scroll.
2026-04-01 02:49:32 | INFO | Results panel looks stuck. Clicking the feed and trying another scroll.
2026-04-01 02:50:30 | INFO | Results panel looks stuck. Clicking the feed and trying another scroll.
2026-04-01 02:51:28 | INFO | Results panel looks stuck. Clicking the feed and trying another scroll.
2026-04-01 02:52:26 | INFO | Results panel looks stuck. Clicking the feed and trying another scroll.
2026-04-01 02:53:24 | INFO | Results panel looks stuck. Clicking the feed and trying another scroll.
2026-04-01 02:54:21 | INFO | Results panel looks stuck. Clicking the feed and trying another scroll.
2026-04-01 02:55:19 | INFO | Results panel looks stuck. Clicking the feed and trying another scroll.
2026-04-01 02:56:17 | INFO | Results panel looks stuck. Clicking the feed and trying another scroll.
2026-04-01 02:57:14 | INFO | Results panel looks stuck. Clicking the feed and trying another scroll.
2026-04-01 02:58:12 | INFO | Results panel looks stuck. Clicking the feed and trying another scroll.
2026-04-01 02:59:10 | INFO | Results panel looks stuck. Clicking the feed and trying another scroll.
2026-04-01 03:00:07 | INFO | Results panel looks stuck. Clicking the feed and trying another scroll.
2026-04-01 03:01:05 | INFO | Results panel looks stuck. Clicking the feed and trying another scroll.
2026-04-01 03:02:03 | INFO | Results panel looks stuck. Clicking the feed and trying another scroll.
2026-04-01 03:03:01 | INFO | Results panel looks stuck. Clicking the feed and trying another scroll.
2026-04-01 03:03:58 | INFO | Results panel looks stuck. Clicking the feed and trying another scroll.
2026-04-01 03:04:56 | INFO | Results panel looks stuck. Clicking the feed and trying another scroll.
2026-04-01 03:05:54 | INFO | Results panel looks stuck. Clicking the feed and trying another scroll.
2026-04-01 03:06:51 | INFO | Results panel looks stuck. Clicking the feed and trying another scroll.
2026-04-01 03:07:49 | INFO | Results panel looks stuck. Clicking the feed and trying another scroll.
2026-04-01 03:08:47 | INFO | Results panel looks stuck. Clicking the feed and trying another scroll.
2026-04-01 03:09:45 | INFO | Results panel looks stuck. Clicking the feed and trying another scroll.
2026-04-01 03:10:42 | INFO | Results panel looks stuck. Clicking the feed and trying another scroll.
2026-04-01 03:11:40 | INFO | Results panel looks stuck. Clicking the feed and trying another scroll.
2026-04-01 03:12:38 | INFO | Results panel looks stuck. Clicking the feed and trying another scroll.
2026-04-01 03:13:36 | INFO | Results panel looks stuck. Clicking the feed and trying another scroll.
2026-04-01 03:14:33 | INFO | Results panel looks stuck. Clicking the feed and trying another scroll.
2026-04-01 03:15:31 | INFO | Results panel looks stuck. Clicking the feed and trying another scroll.
2026-04-01 03:16:29 | INFO | Results panel looks stuck. Clicking the feed and trying another scroll.
2026-04-01 03:17:27 | INFO | Results panel looks stuck. Clicking the feed and trying another scroll.
2026-04-01 03:18:25 | INFO | Results panel looks stuck. Clicking the feed and trying another scroll.
2026-04-01 03:19:22 | INFO | Results panel looks stuck. Clicking the feed and trying another scroll.
2026-04-01 03:20:20 | INFO | Results panel looks stuck. Clicking the feed and trying another scroll.
2026-04-01 03:21:18 | INFO | Results panel looks stuck. Clicking the feed and trying another scroll.
2026-04-01 03:22:16 | INFO | Results panel looks stuck. Clicking the feed and trying another scroll.
2026-04-01 03:23:13 | INFO | Results panel looks stuck. Clicking the feed and trying another scroll.
2026-04-01 03:24:11 | INFO | Results panel looks stuck. Clicking the feed and trying another scroll.
2026-04-01 03:25:09 | INFO | Results panel looks stuck. Clicking the feed and trying another scroll.
2026-04-01 03:26:06 | INFO | Results panel looks stuck. Clicking the feed and trying another scroll.
2026-04-01 03:27:04 | INFO | Results panel looks stuck. Clicking the feed and trying another scroll.
2026-04-01 03:28:02 | INFO | Results panel looks stuck. Clicking the feed and trying another scroll.
2026-04-01 03:29:00 | INFO | Results panel looks stuck. Clicking the feed and trying another scroll.
2026-04-01 03:29:57 | INFO | Results panel looks stuck. Clicking the feed and trying another scroll.
2026-04-01 03:30:55 | INFO | Results panel looks stuck. Clicking the feed and trying another scroll.
2026-04-01 03:31:53 | INFO | Results panel looks stuck. Clicking the feed and trying another scroll.
2026-04-01 03:32:51 | INFO | Results panel looks stuck. Clicking the feed and trying another scroll.
2026-04-01 03:33:49 | INFO | Results panel looks stuck. Clicking the feed and trying another scroll.
2026-04-01 03:34:47 | INFO | Results panel looks stuck. Clicking the feed and trying another scroll.
2026-04-01 03:35:44 | INFO | Results panel looks stuck. Clicking the feed and trying another scroll.
2026-04-01 03:36:42 | INFO | Results panel looks stuck. Clicking the feed and trying another scroll.
2026-04-01 03:37:40 | INFO | Results panel looks stuck. Clicking the feed and trying another scroll.
2026-04-01 03:38:38 | INFO | Results panel looks stuck. Clicking the feed and trying another scroll.
2026-04-01 03:39:35 | INFO | Results panel looks stuck. Clicking the feed and trying another scroll.
2026-04-01 03:40:33 | INFO | Results panel looks stuck. Clicking the feed and trying another scroll.
2026-04-01 03:41:31 | INFO | Results panel looks stuck. Clicking the feed and trying another scroll.
2026-04-01 03:42:28 | INFO | Results panel looks stuck. Clicking the feed and trying another scroll.
2026-04-01 03:43:26 | INFO | Results panel looks stuck. Clicking the feed and trying another scroll.
2026-04-01 03:44:24 | INFO | Results panel looks stuck. Clicking the feed and trying another scroll.
2026-04-01 03:45:22 | INFO | Results panel looks stuck. Clicking the feed and trying another scroll.
2026-04-01 03:46:19 | INFO | Results panel looks stuck. Clicking the feed and trying another scroll.
2026-04-01 03:47:17 | INFO | Results panel looks stuck. Clicking the feed and trying another scroll.
2026-04-01 03:48:15 | INFO | Results panel looks stuck. Clicking the feed and trying another scroll.
2026-04-01 03:49:13 | INFO | Results panel looks stuck. Clicking the feed and trying another scroll.
2026-04-01 03:50:10 | INFO | Results panel looks stuck. Clicking the feed and trying another scroll.
2026-04-01 03:51:08 | INFO | Results panel looks stuck. Clicking the feed and trying another scroll.
2026-04-01 03:52:06 | INFO | Results panel looks stuck. Clicking the feed and trying another scroll.
2026-04-01 03:53:03 | INFO | Results panel looks stuck. Clicking the feed and trying another scroll.
2026-04-01 03:54:01 | INFO | Results panel looks stuck. Clicking the feed and trying another scroll.
2026-04-01 03:54:59 | INFO | Results panel looks stuck. Clicking the feed and trying another scroll.
2026-04-01 03:55:57 | INFO | Results panel looks stuck. Clicking the feed and trying another scroll.
2026-04-01 03:56:55 | INFO | Results panel looks stuck. Clicking the feed and trying another scroll.
2026-04-01 03:57:52 | INFO | Results panel looks stuck. Clicking the feed and trying another scroll.
2026-04-01 03:58:50 | INFO | Results panel looks stuck. Clicking the feed and trying another scroll.
2026-04-01 03:59:47 | INFO | Results panel looks stuck. Clicking the feed and trying another scroll.
2026-04-01 04:00:45 | INFO | Results panel looks stuck. Clicking the feed and trying another scroll.
2026-04-01 04:01:43 | INFO | Results panel looks stuck. Clicking the feed and trying another scroll.
2026-04-01 04:02:40 | INFO | Results panel looks stuck. Clicking the feed and trying another scroll.
2026-04-01 04:03:38 | INFO | Results panel looks stuck. Clicking the feed and trying another scroll.
2026-04-01 04:04:35 | INFO | Results panel looks stuck. Clicking the feed and trying another scroll.
2026-04-01 04:05:33 | INFO | Results panel looks stuck. Clicking the feed and trying another scroll.
2026-04-01 04:06:31 | INFO | Results panel looks stuck. Clicking the feed and trying another scroll.
2026-04-01 04:07:29 | INFO | Results panel looks stuck. Clicking the feed and trying another scroll.
2026-04-01 04:08:26 | INFO | Results panel looks stuck. Clicking the feed and trying another scroll.
2026-04-01 04:09:24 | INFO | Results panel looks stuck. Clicking the feed and trying another scroll.
2026-04-01 04:10:22 | INFO | Results panel looks stuck. Clicking the feed and trying another scroll.
2026-04-01 04:11:20 | INFO | Results panel looks stuck. Clicking the feed and trying another scroll.
2026-04-01 04:12:17 | INFO | Results panel looks stuck. Clicking the feed and trying another scroll.
2026-04-01 04:13:15 | INFO | Results panel looks stuck. Clicking the feed and trying another scroll.
2026-04-01 04:14:13 | INFO | Results panel looks stuck. Clicking the feed and trying another scroll.
2026-04-01 04:15:10 | INFO | Results panel looks stuck. Clicking the feed and trying another scroll.
2026-04-01 04:16:08 | INFO | Results panel looks stuck. Clicking the feed and trying another scroll.
2026-04-01 04:17:06 | INFO | Results panel looks stuck. Clicking the feed and trying another scroll.
2026-04-01 04:18:04 | INFO | Results panel looks stuck. Clicking the feed and trying another scroll.
2026-04-01 04:19:01 | INFO | Results panel looks stuck. Clicking the feed and trying another scroll.
2026-04-01 04:19:59 | INFO | Results panel looks stuck. Clicking the feed and trying another scroll.
2026-04-01 04:20:57 | INFO | Results panel looks stuck. Clicking the feed and trying another scroll.
2026-04-01 04:21:54 | INFO | Results panel looks stuck. Clicking the feed and trying another scroll.
2026-04-01 04:22:52 | INFO | Results panel looks stuck. Clicking the feed and trying another scroll.
2026-04-01 04:23:50 | INFO | Results panel looks stuck. Clicking the feed and trying another scroll.
2026-04-01 04:24:48 | INFO | Results panel looks stuck. Clicking the feed and trying another scroll.
2026-04-01 04:25:45 | INFO | Results panel looks stuck. Clicking the feed and trying another scroll.
2026-04-01 04:26:43 | INFO | Results panel looks stuck. Clicking the feed and trying another scroll.
2026-04-01 04:27:41 | INFO | Results panel looks stuck. Clicking the feed and trying another scroll.
2026-04-01 04:28:39 | INFO | Results panel looks stuck. Clicking the feed and trying another scroll.
2026-04-01 04:29:37 | INFO | Results panel looks stuck. Clicking the feed and trying another scroll.
2026-04-01 04:30:35 | INFO | Results panel looks stuck. Clicking the feed and trying another scroll.
2026-04-01 04:31:32 | INFO | Results panel looks stuck. Clicking the feed and trying another scroll.
2026-04-01 04:32:30 | INFO | Results panel looks stuck. Clicking the feed and trying another scroll.
2026-04-01 04:33:28 | INFO | Results panel looks stuck. Clicking the feed and trying another scroll.
2026-04-01 04:34:26 | INFO | Results panel looks stuck. Clicking the feed and trying another scroll.
2026-04-01 04:35:24 | INFO | Results panel looks stuck. Clicking the feed and trying another scroll.
2026-04-01 04:36:21 | INFO | Results panel looks stuck. Clicking the feed and trying another scroll.
2026-04-01 04:37:19 | INFO | Results panel looks stuck. Clicking the feed and trying another scroll.
2026-04-01 04:38:17 | INFO | Results panel looks stuck. Clicking the feed and trying another scroll.
2026-04-01 04:39:14 | INFO | Results panel looks stuck. Clicking the feed and trying another scroll.
2026-04-01 04:40:12 | INFO | Results panel looks stuck. Clicking the feed and trying another scroll.
2026-04-01 04:41:10 | INFO | Results panel looks stuck. Clicking the feed and trying another scroll.
2026-04-01 04:42:07 | INFO | Results panel looks stuck. Clicking the feed and trying another scroll.
2026-04-01 04:43:05 | INFO | Results panel looks stuck. Clicking the feed and trying another scroll.
2026-04-01 04:44:03 | INFO | Results panel looks stuck. Clicking the feed and trying another scroll.
2026-04-01 04:45:00 | INFO | Results panel looks stuck. Clicking the feed and trying another scroll.
2026-04-01 04:45:58 | INFO | Results panel looks stuck. Clicking the feed and trying another scroll.
2026-04-01 04:46:55 | INFO | Results panel looks stuck. Clicking the feed and trying another scroll.
2026-04-01 04:47:53 | INFO | Results panel looks stuck. Clicking the feed and trying another scroll.
2026-04-01 04:48:51 | INFO | Results panel looks stuck. Clicking the feed and trying another scroll.
2026-04-01 04:49:49 | INFO | Results panel looks stuck. Clicking the feed and trying another scroll.
2026-04-01 04:50:47 | INFO | Results panel looks stuck. Clicking the feed and trying another scroll.
2026-04-01 04:51:44 | INFO | Results panel looks stuck. Clicking the feed and trying another scroll.
2026-04-01 04:52:42 | INFO | Results panel looks stuck. Clicking the feed and trying another scroll.
2026-04-01 04:53:40 | INFO | Results panel looks stuck. Clicking the feed and trying another scroll.
2026-04-01 04:54:38 | INFO | Results panel looks stuck. Clicking the feed and trying another scroll.
2026-04-01 04:55:36 | INFO | Results panel looks stuck. Clicking the feed and trying another scroll.
2026-04-01 04:56:34 | INFO | Results panel looks stuck. Clicking the feed and trying another scroll.
2026-04-01 04:57:31 | INFO | Results panel looks stuck. Clicking the feed and trying another scroll.
2026-04-01 04:58:29 | INFO | Results panel looks stuck. Clicking the feed and trying another scroll.
2026-04-01 04:59:27 | INFO | Results panel looks stuck. Clicking the feed and trying another scroll.
2026-04-01 05:00:25 | INFO | Results panel looks stuck. Clicking the feed and trying another scroll.
2026-04-01 05:01:22 | INFO | Results panel looks stuck. Clicking the feed and trying another scroll.
2026-04-01 05:02:20 | INFO | Results panel looks stuck. Clicking the feed and trying another scroll.
2026-04-01 05:03:18 | INFO | Results panel looks stuck. Clicking the feed and trying another scroll.
2026-04-01 05:04:16 | INFO | Results panel looks stuck. Clicking the feed and trying another scroll.
2026-04-01 05:05:14 | INFO | Results panel looks stuck. Clicking the feed and trying another scroll.
2026-04-01 05:06:11 | INFO | Results panel looks stuck. Clicking the feed and trying another scroll.
2026-04-01 05:07:09 | INFO | Results panel looks stuck. Clicking the feed and trying another scroll.
2026-04-01 05:08:07 | INFO | Results panel looks stuck. Clicking the feed and trying another scroll.
2026-04-01 05:09:05 | INFO | Results panel looks stuck. Clicking the feed and trying another scroll.
2026-04-01 05:10:02 | INFO | Results panel looks stuck. Clicking the feed and trying another scroll.
2026-04-01 05:11:00 | INFO | Results panel looks stuck. Clicking the feed and trying another scroll.
2026-04-01 05:11:58 | INFO | Results panel looks stuck. Clicking the feed and trying another scroll.
2026-04-01 05:12:55 | INFO | Results panel looks stuck. Clicking the feed and trying another scroll.
2026-04-01 05:13:53 | INFO | Results panel looks stuck. Clicking the feed and trying another scroll.
2026-04-01 05:14:51 | INFO | Results panel looks stuck. Clicking the feed and trying another scroll.
2026-04-01 05:15:49 | INFO | Results panel looks stuck. Clicking the feed and trying another scroll.
2026-04-01 05:16:46 | INFO | Results panel looks stuck. Clicking the feed and trying another scroll.
2026-04-01 05:17:44 | INFO | Results panel looks stuck. Clicking the feed and trying another scroll.
2026-04-01 05:18:41 | INFO | Results panel looks stuck. Clicking the feed and trying another scroll.
2026-04-01 05:19:39 | INFO | Results panel looks stuck. Clicking the feed and trying another scroll.
2026-04-01 05:20:37 | INFO | Results panel looks stuck. Clicking the feed and trying another scroll.
2026-04-01 05:21:35 | INFO | Results panel looks stuck. Clicking the feed and trying another scroll.
2026-04-01 05:22:33 | INFO | Results panel looks stuck. Clicking the feed and trying another scroll.
2026-04-01 05:23:31 | INFO | Results panel looks stuck. Clicking the feed and trying another scroll.
2026-04-01 05:24:28 | INFO | Results panel looks stuck. Clicking the feed and trying another scroll.
2026-04-01 05:25:26 | INFO | Results panel looks stuck. Clicking the feed and trying another scroll.
2026-04-01 05:26:23 | INFO | Results panel looks stuck. Clicking the feed and trying another scroll.
2026-04-01 05:27:21 | INFO | Results panel looks stuck. Clicking the feed and trying another scroll.
2026-04-01 05:28:19 | INFO | Results panel looks stuck. Clicking the feed and trying another scroll.
2026-04-01 05:29:17 | INFO | Results panel looks stuck. Clicking the feed and trying another scroll.
2026-04-01 05:30:14 | INFO | Results panel looks stuck. Clicking the feed and trying another scroll.
2026-04-01 05:31:13 | INFO | Results panel looks stuck. Clicking the feed and trying another scroll.
2026-04-01 05:32:10 | INFO | Results panel looks stuck. Clicking the feed and trying another scroll.
2026-04-01 05:33:08 | INFO | Results panel looks stuck. Clicking the feed and trying another scroll.
2026-04-01 05:34:06 | INFO | Results panel looks stuck. Clicking the feed and trying another scroll.
2026-04-01 05:35:04 | INFO | Results panel looks stuck. Clicking the feed and trying another scroll.
2026-04-01 05:36:02 | INFO | Results panel looks stuck. Clicking the feed and trying another scroll.
2026-04-01 05:37:00 | INFO | Results panel looks stuck. Clicking the feed and trying another scroll.
2026-04-01 05:37:57 | INFO | Results panel looks stuck. Clicking the feed and trying another scroll.
2026-04-01 05:38:55 | INFO | Results panel looks stuck. Clicking the feed and trying another scroll.
2026-04-01 05:39:53 | INFO | Results panel looks stuck. Clicking the feed and trying another scroll.
2026-04-01 05:40:51 | INFO | Results panel looks stuck. Clicking the feed and trying another scroll.
2026-04-01 05:41:49 | INFO | Results panel looks stuck. Clicking the feed and trying another scroll.
2026-04-01 05:42:47 | INFO | Results panel looks stuck. Clicking the feed and trying another scroll.
2026-04-01 05:43:45 | INFO | Results panel looks stuck. Clicking the feed and trying another scroll.
2026-04-01 05:44:42 | INFO | Results panel looks stuck. Clicking the feed and trying another scroll.
2026-04-01 05:45:40 | INFO | Results panel looks stuck. Clicking the feed and trying another scroll.
2026-04-01 05:46:38 | INFO | Results panel looks stuck. Clicking the feed and trying another scroll.
2026-04-01 05:47:36 | INFO | Results panel looks stuck. Clicking the feed and trying another scroll.
2026-04-01 05:48:34 | INFO | Results panel looks stuck. Clicking the feed and trying another scroll.
2026-04-01 05:49:32 | INFO | Results panel looks stuck. Clicking the feed and trying another scroll.
2026-04-01 05:50:30 | INFO | Results panel looks stuck. Clicking the feed and trying another scroll.
2026-04-01 05:51:28 | INFO | Results panel looks stuck. Clicking the feed and trying another scroll.
2026-04-01 05:52:26 | INFO | Results panel looks stuck. Clicking the feed and trying another scroll.
2026-04-01 05:53:24 | INFO | Results panel looks stuck. Clicking the feed and trying another scroll.
2026-04-01 05:54:21 | INFO | Results panel looks stuck. Clicking the feed and trying another scroll.
2026-04-01 05:55:19 | INFO | Results panel looks stuck. Clicking the feed and trying another scroll.
2026-04-01 05:56:18 | INFO | Results panel looks stuck. Clicking the feed and trying another scroll.
2026-04-01 05:57:15 | INFO | Results panel looks stuck. Clicking the feed and trying another scroll.
2026-04-01 05:58:13 | INFO | Results panel looks stuck. Clicking the feed and trying another scroll.
2026-04-01 05:59:11 | INFO | Results panel looks stuck. Clicking the feed and trying another scroll.
2026-04-01 06:00:09 | INFO | Results panel looks stuck. Clicking the feed and trying another scroll.
2026-04-01 06:01:06 | INFO | Results panel looks stuck. Clicking the feed and trying another scroll.
2026-04-01 06:02:04 | INFO | Results panel looks stuck. Clicking the feed and trying another scroll.
2026-04-01 06:03:02 | INFO | Results panel looks stuck. Clicking the feed and trying another scroll.
2026-04-01 06:04:00 | INFO | Results panel looks stuck. Clicking the feed and trying another scroll.
2026-04-01 06:04:58 | INFO | Results panel looks stuck. Clicking the feed and trying another scroll.
2026-04-01 06:05:55 | INFO | Results panel looks stuck. Clicking the feed and trying another scroll.
2026-04-01 06:06:53 | INFO | Results panel looks stuck. Clicking the feed and trying another scroll.
2026-04-01 06:07:51 | INFO | Results panel looks stuck. Clicking the feed and trying another scroll.
2026-04-01 06:08:49 | INFO | Results panel looks stuck. Clicking the feed and trying another scroll.
2026-04-01 06:09:47 | INFO | Results panel looks stuck. Clicking the feed and trying another scroll.
2026-04-01 06:10:44 | INFO | Results panel looks stuck. Clicking the feed and trying another scroll.
2026-04-01 06:11:42 | INFO | Results panel looks stuck. Clicking the feed and trying another scroll.
2026-04-01 06:12:40 | INFO | Results panel looks stuck. Clicking the feed and trying another scroll.
2026-04-01 06:13:38 | INFO | Results panel looks stuck. Clicking the feed and trying another scroll.
2026-04-01 06:14:35 | INFO | Results panel looks stuck. Clicking the feed and trying another scroll.
2026-04-01 06:15:33 | INFO | Results panel looks stuck. Clicking the feed and trying another scroll.
2026-04-01 06:16:31 | INFO | Results panel looks stuck. Clicking the feed and trying another scroll.
2026-04-01 06:17:29 | INFO | Results panel looks stuck. Clicking the feed and trying another scroll.
2026-04-01 06:18:26 | INFO | Results panel looks stuck. Clicking the feed and trying another scroll.
2026-04-01 06:19:24 | INFO | Results panel looks stuck. Clicking the feed and trying another scroll.
2026-04-01 06:20:22 | INFO | Results panel looks stuck. Clicking the feed and trying another scroll.
2026-04-01 06:21:20 | INFO | Results panel looks stuck. Clicking the feed and trying another scroll.
2026-04-01 06:22:17 | INFO | Results panel looks stuck. Clicking the feed and trying another scroll.
2026-04-01 06:23:15 | INFO | Results panel looks stuck. Clicking the feed and trying another scroll.
2026-04-01 06:24:13 | INFO | Results panel looks stuck. Clicking the feed and trying another scroll.
2026-04-01 06:25:10 | INFO | Results panel looks stuck. Clicking the feed and trying another scroll.
2026-04-01 06:26:08 | INFO | Results panel looks stuck. Clicking the feed and trying another scroll.
2026-04-01 06:27:05 | INFO | Results panel looks stuck. Clicking the feed and trying another scroll.
2026-04-01 06:28:03 | INFO | Results panel looks stuck. Clicking the feed and trying another scroll.
2026-04-01 06:29:00 | INFO | Results panel looks stuck. Clicking the feed and trying another scroll.
2026-04-01 06:29:58 | INFO | Results panel looks stuck. Clicking the feed and trying another scroll.
2026-04-01 06:30:56 | INFO | Results panel looks stuck. Clicking the feed and trying another scroll.
2026-04-01 06:31:53 | INFO | Results panel looks stuck. Clicking the feed and trying another scroll.
2026-04-01 06:32:51 | INFO | Results panel looks stuck. Clicking the feed and trying another scroll.
2026-04-01 06:33:48 | INFO | Results panel looks stuck. Clicking the feed and trying another scroll.
2026-04-01 06:34:46 | INFO | Results panel looks stuck. Clicking the feed and trying another scroll.
2026-04-01 06:35:44 | INFO | Results panel looks stuck. Clicking the feed and trying another scroll.
2026-04-01 06:36:41 | INFO | Results panel looks stuck. Clicking the feed and trying another scroll.
2026-04-01 06:37:39 | INFO | Results panel looks stuck. Clicking the feed and trying another scroll.
2026-04-01 06:38:37 | INFO | Results panel looks stuck. Clicking the feed and trying another scroll.
2026-04-01 06:39:34 | INFO | Results panel looks stuck. Clicking the feed and trying another scroll.
2026-04-01 06:40:32 | INFO | Results panel looks stuck. Clicking the feed and trying another scroll.
2026-04-01 06:41:29 | INFO | Results panel looks stuck. Clicking the feed and trying another scroll.
2026-04-01 06:42:27 | INFO | Results panel looks stuck. Clicking the feed and trying another scroll.
2026-04-01 06:43:25 | INFO | Results panel looks stuck. Clicking the feed and trying another scroll.
2026-04-01 06:44:22 | INFO | Results panel looks stuck. Clicking the feed and trying another scroll.
2026-04-01 06:45:20 | INFO | Results panel looks stuck. Clicking the feed and trying another scroll.
2026-04-01 06:46:17 | INFO | Results panel looks stuck. Clicking the feed and trying another scroll.
2026-04-01 06:47:15 | INFO | Results panel looks stuck. Clicking the feed and trying another scroll.
2026-04-01 06:48:13 | INFO | Results panel looks stuck. Clicking the feed and trying another scroll.
2026-04-01 06:49:11 | INFO | Results panel looks stuck. Clicking the feed and trying another scroll.
2026-04-01 06:50:08 | INFO | Results panel looks stuck. Clicking the feed and trying another scroll.
2026-04-01 06:51:06 | INFO | Results panel looks stuck. Clicking the feed and trying another scroll.
2026-04-01 06:52:04 | INFO | Results panel looks stuck. Clicking the feed and trying another scroll.
2026-04-01 06:53:02 | INFO | Results panel looks stuck. Clicking the feed and trying another scroll.
2026-04-01 06:53:59 | INFO | Results panel looks stuck. Clicking the feed and trying another scroll.
2026-04-01 06:54:57 | INFO | Results panel looks stuck. Clicking the feed and trying another scroll.
2026-04-01 06:55:55 | INFO | Results panel looks stuck. Clicking the feed and trying another scroll.
2026-04-01 06:56:53 | INFO | Results panel looks stuck. Clicking the feed and trying another scroll.
2026-04-01 06:57:51 | INFO | Results panel looks stuck. Clicking the feed and trying another scroll.
2026-04-01 06:58:48 | INFO | Results panel looks stuck. Clicking the feed and trying another scroll.
2026-04-01 06:59:46 | INFO | Results panel looks stuck. Clicking the feed and trying another scroll.
2026-04-01 07:00:44 | INFO | Results panel looks stuck. Clicking the feed and trying another scroll.
2026-04-01 07:01:41 | INFO | Results panel looks stuck. Clicking the feed and trying another scroll.
2026-04-01 07:02:39 | INFO | Results panel looks stuck. Clicking the feed and trying another scroll.
2026-04-01 07:03:37 | INFO | Results panel looks stuck. Clicking the feed and trying another scroll.
2026-04-01 07:04:34 | INFO | Results panel looks stuck. Clicking the feed and trying another scroll.
2026-04-01 07:05:32 | INFO | Results panel looks stuck. Clicking the feed and trying another scroll.
2026-04-01 07:06:30 | INFO | Results panel looks stuck. Clicking the feed and trying another scroll.
2026-04-01 07:07:28 | INFO | Results panel looks stuck. Clicking the feed and trying another scroll.
2026-04-01 07:08:25 | INFO | Results panel looks stuck. Clicking the feed and trying another scroll.
2026-04-01 07:09:23 | INFO | Results panel looks stuck. Clicking the feed and trying another scroll.
2026-04-01 07:10:21 | INFO | Results panel looks stuck. Clicking the feed and trying another scroll.
2026-04-01 07:11:18 | INFO | Results panel looks stuck. Clicking the feed and trying another scroll.
2026-04-01 07:12:16 | INFO | Results panel looks stuck. Clicking the feed and trying another scroll.
2026-04-01 07:13:14 | INFO | Results panel looks stuck. Clicking the feed and trying another scroll.
2026-04-01 07:14:12 | INFO | Results panel looks stuck. Clicking the feed and trying another scroll.
2026-04-01 07:15:09 | INFO | Results panel looks stuck. Clicking the feed and trying another scroll.
2026-04-01 07:16:07 | INFO | Results panel looks stuck. Clicking the feed and trying another scroll.
2026-04-01 07:17:05 | INFO | Results panel looks stuck. Clicking the feed and trying another scroll.
2026-04-01 07:18:02 | INFO | Results panel looks stuck. Clicking the feed and trying another scroll.
2026-04-01 07:19:00 | INFO | Results panel looks stuck. Clicking the feed and trying another scroll.
2026-04-01 07:19:58 | INFO | Results panel looks stuck. Clicking the feed and trying another scroll.
2026-04-01 07:20:55 | INFO | Results panel looks stuck. Clicking the feed and trying another scroll.
2026-04-01 07:21:53 | INFO | Results panel looks stuck. Clicking the feed and trying another scroll.
2026-04-01 07:22:51 | INFO | Results panel looks stuck. Clicking the feed and trying another scroll.
2026-04-01 07:23:49 | INFO | Results panel looks stuck. Clicking the feed and trying another scroll.
2026-04-01 07:24:47 | INFO | Results panel looks stuck. Clicking the feed and trying another scroll.
2026-04-01 07:25:45 | INFO | Results panel looks stuck. Clicking the feed and trying another scroll.
2026-04-01 07:26:43 | INFO | Results panel looks stuck. Clicking the feed and trying another scroll.
2026-04-01 07:27:40 | INFO | Results panel looks stuck. Clicking the feed and trying another scroll.
2026-04-01 07:28:38 | INFO | Results panel looks stuck. Clicking the feed and trying another scroll.
2026-04-01 07:29:36 | INFO | Results panel looks stuck. Clicking the feed and trying another scroll.
2026-04-01 07:30:34 | INFO | Results panel looks stuck. Clicking the feed and trying another scroll.
2026-04-01 07:31:32 | INFO | Results panel looks stuck. Clicking the feed and trying another scroll.
2026-04-01 07:32:29 | INFO | Results panel looks stuck. Clicking the feed and trying another scroll.
2026-04-01 07:33:27 | INFO | Results panel looks stuck. Clicking the feed and trying another scroll.
2026-04-01 07:34:25 | INFO | Results panel looks stuck. Clicking the feed and trying another scroll.
2026-04-01 07:35:23 | INFO | Results panel looks stuck. Clicking the feed and trying another scroll.
2026-04-01 07:36:21 | INFO | Results panel looks stuck. Clicking the feed and trying another scroll.
2026-04-01 07:37:18 | INFO | Results panel looks stuck. Clicking the feed and trying another scroll.
2026-04-01 07:38:16 | INFO | Results panel looks stuck. Clicking the feed and trying another scroll.
2026-04-01 07:39:14 | INFO | Results panel looks stuck. Clicking the feed and trying another scroll.
2026-04-01 07:40:11 | INFO | Results panel looks stuck. Clicking the feed and trying another scroll.
2026-04-01 07:41:09 | INFO | Results panel looks stuck. Clicking the feed and trying another scroll.
2026-04-01 07:42:07 | INFO | Results panel looks stuck. Clicking the feed and trying another scroll.
2026-04-01 07:43:04 | INFO | Results panel looks stuck. Clicking the feed and trying another scroll.
2026-04-01 07:44:02 | INFO | Results panel looks stuck. Clicking the feed and trying another scroll.
2026-04-01 07:45:00 | INFO | Results panel looks stuck. Clicking the feed and trying another scroll.
2026-04-01 07:45:57 | INFO | Results panel looks stuck. Clicking the feed and trying another scroll.
2026-04-01 07:46:55 | INFO | Results panel looks stuck. Clicking the feed and trying another scroll.
2026-04-01 07:47:53 | INFO | Results panel looks stuck. Clicking the feed and trying another scroll.
2026-04-01 07:48:50 | INFO | Results panel looks stuck. Clicking the feed and trying another scroll.
2026-04-01 07:49:48 | INFO | Results panel looks stuck. Clicking the feed and trying another scroll.
2026-04-01 07:50:46 | INFO | Results panel looks stuck. Clicking the feed and trying another scroll.
2026-04-01 07:51:43 | INFO | Results panel looks stuck. Clicking the feed and trying another scroll.
2026-04-01 07:52:41 | INFO | Results panel looks stuck. Clicking the feed and trying another scroll.
2026-04-01 07:53:39 | INFO | Results panel looks stuck. Clicking the feed and trying another scroll.
2026-04-01 07:54:37 | INFO | Results panel looks stuck. Clicking the feed and trying another scroll.
2026-04-01 07:55:34 | INFO | Results panel looks stuck. Clicking the feed and trying another scroll.
2026-04-01 07:56:32 | INFO | Results panel looks stuck. Clicking the feed and trying another scroll.
2026-04-01 07:57:30 | INFO | Results panel looks stuck. Clicking the feed and trying another scroll.
2026-04-01 07:58:27 | INFO | Results panel looks stuck. Clicking the feed and trying another scroll.
2026-04-01 07:59:25 | INFO | Results panel looks stuck. Clicking the feed and trying another scroll.
2026-04-01 08:00:23 | INFO | Results panel looks stuck. Clicking the feed and trying another scroll.
2026-04-01 08:01:21 | INFO | Results panel looks stuck. Clicking the feed and trying another scroll.
2026-04-01 08:02:18 | INFO | Results panel looks stuck. Clicking the feed and trying another scroll.
2026-04-01 08:03:16 | INFO | Results panel looks stuck. Clicking the feed and trying another scroll.
2026-04-01 08:04:14 | INFO | Results panel looks stuck. Clicking the feed and trying another scroll.
2026-04-01 08:05:11 | INFO | Results panel looks stuck. Clicking the feed and trying another scroll.
2026-04-01 08:06:09 | INFO | Results panel looks stuck. Clicking the feed and trying another scroll.
2026-04-01 08:07:07 | INFO | Results panel looks stuck. Clicking the feed and trying another scroll.
2026-04-01 08:08:05 | INFO | Results panel looks stuck. Clicking the feed and trying another scroll.
2026-04-01 08:09:03 | INFO | Results panel looks stuck. Clicking the feed and trying another scroll.
2026-04-01 08:10:00 | INFO | Results panel looks stuck. Clicking the feed and trying another scroll.
2026-04-01 08:10:58 | INFO | Results panel looks stuck. Clicking the feed and trying another scroll.
2026-04-01 08:11:56 | INFO | Results panel looks stuck. Clicking the feed and trying another scroll.
2026-04-01 08:12:54 | INFO | Results panel looks stuck. Clicking the feed and trying another scroll.
2026-04-01 08:13:52 | INFO | Results panel looks stuck. Clicking the feed and trying another scroll.
2026-04-01 08:14:49 | INFO | Results panel looks stuck. Clicking the feed and trying another scroll.
2026-04-01 08:15:47 | INFO | Results panel looks stuck. Clicking the feed and trying another scroll.
2026-04-01 08:16:45 | INFO | Results panel looks stuck. Clicking the feed and trying another scroll.
2026-04-01 08:17:43 | INFO | Results panel looks stuck. Clicking the feed and trying another scroll.
2026-04-01 08:18:40 | INFO | Results panel looks stuck. Clicking the feed and trying another scroll.
2026-04-01 08:19:38 | INFO | Results panel looks stuck. Clicking the feed and trying another scroll.
2026-04-01 08:20:36 | INFO | Results panel looks stuck. Clicking the feed and trying another scroll.
2026-04-01 08:21:33 | INFO | Results panel looks stuck. Clicking the feed and trying another scroll.
2026-04-01 08:22:31 | INFO | Results panel looks stuck. Clicking the feed and trying another scroll.
2026-04-01 08:23:29 | INFO | Results panel looks stuck. Clicking the feed and trying another scroll.
2026-04-01 08:24:27 | INFO | Results panel looks stuck. Clicking the feed and trying another scroll.
2026-04-01 08:25:24 | INFO | Results panel looks stuck. Clicking the feed and trying another scroll.
2026-04-01 08:26:22 | INFO | Results panel looks stuck. Clicking the feed and trying another scroll.
2026-04-01 08:27:20 | INFO | Results panel looks stuck. Clicking the feed and trying another scroll.
2026-04-01 08:28:18 | INFO | Results panel looks stuck. Clicking the feed and trying another scroll.
2026-04-01 08:29:15 | INFO | Results panel looks stuck. Clicking the feed and trying another scroll.
2026-04-01 08:30:13 | INFO | Results panel looks stuck. Clicking the feed and trying another scroll.
2026-04-01 08:31:11 | INFO | Results panel looks stuck. Clicking the feed and trying another scroll.
2026-04-01 08:32:08 | INFO | Results panel looks stuck. Clicking the feed and trying another scroll.
2026-04-01 08:33:06 | INFO | Results panel looks stuck. Clicking the feed and trying another scroll.
2026-04-01 08:34:04 | INFO | Results panel looks stuck. Clicking the feed and trying another scroll.
2026-04-01 08:35:01 | INFO | Results panel looks stuck. Clicking the feed and trying another scroll.
2026-04-01 08:35:59 | INFO | Results panel looks stuck. Clicking the feed and trying another scroll.
2026-04-01 08:36:57 | INFO | Results panel looks stuck. Clicking the feed and trying another scroll.
2026-04-01 08:37:54 | INFO | Results panel looks stuck. Clicking the feed and trying another scroll.
2026-04-01 08:38:52 | INFO | Results panel looks stuck. Clicking the feed and trying another scroll.
2026-04-01 08:39:50 | INFO | Results panel looks stuck. Clicking the feed and trying another scroll.
2026-04-01 08:40:48 | INFO | Results panel looks stuck. Clicking the feed and trying another scroll.
2026-04-01 08:41:45 | INFO | Results panel looks stuck. Clicking the feed and trying another scroll.
2026-04-01 08:42:43 | INFO | Results panel looks stuck. Clicking the feed and trying another scroll.
2026-04-01 08:43:41 | INFO | Results panel looks stuck. Clicking the feed and trying another scroll.
2026-04-01 08:44:38 | INFO | Results panel looks stuck. Clicking the feed and trying another scroll.
2026-04-01 08:45:36 | INFO | Results panel looks stuck. Clicking the feed and trying another scroll.
2026-04-01 08:46:34 | INFO | Results panel looks stuck. Clicking the feed and trying another scroll.
2026-04-01 08:47:32 | INFO | Results panel looks stuck. Clicking the feed and trying another scroll.
2026-04-01 08:48:29 | INFO | Results panel looks stuck. Clicking the feed and trying another scroll.
2026-04-01 08:49:27 | INFO | Results panel looks stuck. Clicking the feed and trying another scroll.
2026-04-01 08:50:25 | INFO | Results panel looks stuck. Clicking the feed and trying another scroll.
2026-04-01 08:51:22 | INFO | Results panel looks stuck. Clicking the feed and trying another scroll.
2026-04-01 08:52:19 | INFO | Results panel looks stuck. Clicking the feed and trying another scroll.
2026-04-01 08:53:17 | INFO | Results panel looks stuck. Clicking the feed and trying another scroll.
2026-04-01 08:54:15 | INFO | Results panel looks stuck. Clicking the feed and trying another scroll.
2026-04-01 08:55:12 | INFO | Results panel looks stuck. Clicking the feed and trying another scroll.
2026-04-01 08:56:10 | INFO | Results panel looks stuck. Clicking the feed and trying another scroll.
2026-04-01 08:57:08 | INFO | Results panel looks stuck. Clicking the feed and trying another scroll.
2026-04-01 08:58:05 | INFO | Results panel looks stuck. Clicking the feed and trying another scroll.
2026-04-01 08:59:03 | INFO | Results panel looks stuck. Clicking the feed and trying another scroll.
2026-04-01 09:00:01 | INFO | Results panel looks stuck. Clicking the feed and trying another scroll.
2026-04-01 09:00:59 | INFO | Results panel looks stuck. Clicking the feed and trying another scroll.
2026-04-01 09:01:57 | INFO | Results panel looks stuck. Clicking the feed and trying another scroll.
2026-04-01 09:02:54 | INFO | Results panel looks stuck. Clicking the feed and trying another scroll.
2026-04-01 09:03:52 | INFO | Results panel looks stuck. Clicking the feed and trying another scroll.
2026-04-01 09:04:50 | INFO | Results panel looks stuck. Clicking the feed and trying another scroll.
2026-04-01 09:05:47 | INFO | Results panel looks stuck. Clicking the feed and trying another scroll.
2026-04-01 09:06:45 | INFO | Results panel looks stuck. Clicking the feed and trying another scroll.
2026-04-01 09:07:43 | INFO | Results panel looks stuck. Clicking the feed and trying another scroll.
2026-04-01 09:08:40 | INFO | Results panel looks stuck. Clicking the feed and trying another scroll.
2026-04-01 09:09:38 | INFO | Results panel looks stuck. Clicking the feed and trying another scroll.
2026-04-01 09:10:36 | INFO | Results panel looks stuck. Clicking the feed and trying another scroll.
2026-04-01 09:11:34 | INFO | Results panel looks stuck. Clicking the feed and trying another scroll.
2026-04-01 09:12:31 | INFO | Results panel looks stuck. Clicking the feed and trying another scroll.
2026-04-01 09:13:29 | INFO | Results panel looks stuck. Clicking the feed and trying another scroll.
2026-04-01 09:14:27 | INFO | Results panel looks stuck. Clicking the feed and trying another scroll.
2026-04-01 09:15:24 | INFO | Results panel looks stuck. Clicking the feed and trying another scroll.
2026-04-01 09:16:22 | INFO | Results panel looks stuck. Clicking the feed and trying another scroll.
2026-04-01 09:17:20 | INFO | Results panel looks stuck. Clicking the feed and trying another scroll.
2026-04-01 09:18:17 | INFO | Results panel looks stuck. Clicking the feed and trying another scroll.
2026-04-01 09:19:15 | INFO | Results panel looks stuck. Clicking the feed and trying another scroll.
2026-04-01 09:20:13 | INFO | Results panel looks stuck. Clicking the feed and trying another scroll.
2026-04-01 09:21:11 | INFO | Results panel looks stuck. Clicking the feed and trying another scroll.
2026-04-01 09:22:08 | INFO | Results panel looks stuck. Clicking the feed and trying another scroll.
2026-04-01 09:23:06 | INFO | Results panel looks stuck. Clicking the feed and trying another scroll.
2026-04-01 09:24:04 | INFO | Results panel looks stuck. Clicking the feed and trying another scroll.
2026-04-01 09:25:02 | INFO | Results panel looks stuck. Clicking the feed and trying another scroll.
2026-04-01 09:26:00 | INFO | Results panel looks stuck. Clicking the feed and trying another scroll.
2026-04-01 09:26:57 | INFO | Results panel looks stuck. Clicking the feed and trying another scroll.
2026-04-01 09:27:55 | INFO | Results panel looks stuck. Clicking the feed and trying another scroll.
2026-04-01 09:28:53 | INFO | Results panel looks stuck. Clicking the feed and trying another scroll.
2026-04-01 09:29:51 | INFO | Results panel looks stuck. Clicking the feed and trying another scroll.
2026-04-01 09:30:49 | INFO | Results panel looks stuck. Clicking the feed and trying another scroll.
2026-04-01 09:31:47 | INFO | Results panel looks stuck. Clicking the feed and trying another scroll.
2026-04-01 09:32:44 | INFO | Results panel looks stuck. Clicking the feed and trying another scroll.
2026-04-01 09:33:42 | INFO | Results panel looks stuck. Clicking the feed and trying another scroll.
2026-04-01 09:34:40 | INFO | Results panel looks stuck. Clicking the feed and trying another scroll.
2026-04-01 09:35:37 | INFO | Results panel looks stuck. Clicking the feed and trying another scroll.
2026-04-01 09:36:35 | INFO | Results panel looks stuck. Clicking the feed and trying another scroll.
2026-04-01 09:37:33 | INFO | Results panel looks stuck. Clicking the feed and trying another scroll.
2026-04-01 09:38:31 | INFO | Results panel looks stuck. Clicking the feed and trying another scroll.
2026-04-01 09:39:29 | INFO | Results panel looks stuck. Clicking the feed and trying another scroll.
2026-04-01 09:40:27 | INFO | Results panel looks stuck. Clicking the feed and trying another scroll.
2026-04-01 09:41:24 | INFO | Results panel looks stuck. Clicking the feed and trying another scroll.
2026-04-01 09:42:22 | INFO | Results panel looks stuck. Clicking the feed and trying another scroll.
2026-04-01 09:43:20 | INFO | Results panel looks stuck. Clicking the feed and trying another scroll.
2026-04-01 09:44:18 | INFO | Results panel looks stuck. Clicking the feed and trying another scroll.
2026-04-01 09:45:15 | INFO | Results panel looks stuck. Clicking the feed and trying another scroll.
2026-04-01 09:46:13 | INFO | Results panel looks stuck. Clicking the feed and trying another scroll.
2026-04-01 09:47:11 | INFO | Results panel looks stuck. Clicking the feed and trying another scroll.
2026-04-01 09:48:08 | INFO | Results panel looks stuck. Clicking the feed and trying another scroll.
2026-04-01 09:49:06 | INFO | Results panel looks stuck. Clicking the feed and trying another scroll.
2026-04-01 09:50:04 | INFO | Results panel looks stuck. Clicking the feed and trying another scroll.
2026-04-01 09:51:02 | INFO | Results panel looks stuck. Clicking the feed and trying another scroll.
2026-04-01 09:51:59 | INFO | Results panel looks stuck. Clicking the feed and trying another scroll.
2026-04-01 09:52:57 | INFO | Results panel looks stuck. Clicking the feed and trying another scroll.
2026-04-01 09:53:55 | INFO | Results panel looks stuck. Clicking the feed and trying another scroll.
2026-04-01 09:54:53 | INFO | Results panel looks stuck. Clicking the feed and trying another scroll.
2026-04-01 09:55:51 | INFO | Results panel looks stuck. Clicking the feed and trying another scroll.
2026-04-01 09:56:48 | INFO | Results panel looks stuck. Clicking the feed and trying another scroll.
2026-04-01 09:57:46 | INFO | Results panel looks stuck. Clicking the feed and trying another scroll.
2026-04-01 09:58:44 | INFO | Results panel looks stuck. Clicking the feed and trying another scroll.
2026-04-01 09:59:42 | INFO | Results panel looks stuck. Clicking the feed and trying another scroll.
2026-04-01 10:00:39 | INFO | Results panel looks stuck. Clicking the feed and trying another scroll.
2026-04-01 10:01:36 | INFO | Results panel looks stuck. Clicking the feed and trying another scroll.
2026-04-01 10:02:34 | INFO | Results panel looks stuck. Clicking the feed and trying another scroll.
2026-04-01 10:03:32 | INFO | Results panel looks stuck. Clicking the feed and trying another scroll.
2026-04-01 10:04:30 | INFO | Results panel looks stuck. Clicking the feed and trying another scroll.
2026-04-01 10:05:27 | INFO | Results panel looks stuck. Clicking the feed and trying another scroll.
2026-04-01 10:06:25 | INFO | Results panel looks stuck. Clicking the feed and trying another scroll.
2026-04-01 10:07:23 | INFO | Results panel looks stuck. Clicking the feed and trying another scroll.
2026-04-01 10:08:21 | INFO | Results panel looks stuck. Clicking the feed and trying another scroll.
2026-04-01 10:09:19 | INFO | Results panel looks stuck. Clicking the feed and trying another scroll.
2026-04-01 10:10:16 | INFO | Results panel looks stuck. Clicking the feed and trying another scroll.
2026-04-01 10:11:14 | INFO | Results panel looks stuck. Clicking the feed and trying another scroll.
2026-04-01 10:12:12 | INFO | Results panel looks stuck. Clicking the feed and trying another scroll.
2026-04-01 10:13:09 | INFO | Results panel looks stuck. Clicking the feed and trying another scroll.
2026-04-01 10:14:07 | INFO | Results panel looks stuck. Clicking the feed and trying another scroll.
2026-04-01 10:15:05 | INFO | Results panel looks stuck. Clicking the feed and trying another scroll.
2026-04-01 10:16:02 | INFO | Results panel looks stuck. Clicking the feed and trying another scroll.
2026-04-01 10:17:00 | INFO | Results panel looks stuck. Clicking the feed and trying another scroll.
2026-04-01 10:17:58 | INFO | Results panel looks stuck. Clicking the feed and trying another scroll.
2026-04-01 10:18:56 | INFO | Results panel looks stuck. Clicking the feed and trying another scroll.
2026-04-01 10:19:53 | INFO | Results panel looks stuck. Clicking the feed and trying another scroll.
2026-04-01 10:20:51 | INFO | Results panel looks stuck. Clicking the feed and trying another scroll.
2026-04-01 10:21:49 | INFO | Results panel looks stuck. Clicking the feed and trying another scroll.
2026-04-01 10:22:46 | INFO | Results panel looks stuck. Clicking the feed and trying another scroll.
2026-04-01 10:23:44 | INFO | Results panel looks stuck. Clicking the feed and trying another scroll.
2026-04-01 10:24:42 | INFO | Results panel looks stuck. Clicking the feed and trying another scroll.
2026-04-01 10:25:39 | INFO | Results panel looks stuck. Clicking the feed and trying another scroll.
2026-04-01 10:26:37 | INFO | Results panel looks stuck. Clicking the feed and trying another scroll.
2026-04-01 10:27:35 | INFO | Results panel looks stuck. Clicking the feed and trying another scroll.
2026-04-01 10:28:33 | INFO | Results panel looks stuck. Clicking the feed and trying another scroll.
2026-04-01 10:29:30 | INFO | Results panel looks stuck. Clicking the feed and trying another scroll.
2026-04-01 10:30:28 | INFO | Results panel looks stuck. Clicking the feed and trying another scroll.
2026-04-01 10:31:26 | INFO | Results panel looks stuck. Clicking the feed and trying another scroll.
2026-04-01 10:32:23 | INFO | Results panel looks stuck. Clicking the feed and trying another scroll.
2026-04-01 10:33:21 | INFO | Results panel looks stuck. Clicking the feed and trying another scroll.
2026-04-01 10:34:18 | INFO | Results panel looks stuck. Clicking the feed and trying another scroll.
2026-04-01 10:35:16 | INFO | Results panel looks stuck. Clicking the feed and trying another scroll.
2026-04-01 10:36:14 | INFO | Results panel looks stuck. Clicking the feed and trying another scroll.
2026-04-01 10:37:12 | INFO | Results panel looks stuck. Clicking the feed and trying another scroll.
2026-04-01 10:38:09 | INFO | Results panel looks stuck. Clicking the feed and trying another scroll.
2026-04-01 10:39:07 | INFO | Results panel looks stuck. Clicking the feed and trying another scroll.
2026-04-01 10:40:05 | INFO | Results panel looks stuck. Clicking the feed and trying another scroll.
2026-04-01 10:41:02 | INFO | Results panel looks stuck. Clicking the feed and trying another scroll.
2026-04-01 10:42:00 | INFO | Results panel looks stuck. Clicking the feed and trying another scroll.
2026-04-01 10:42:58 | INFO | Results panel looks stuck. Clicking the feed and trying another scroll.
2026-04-01 10:43:56 | INFO | Results panel looks stuck. Clicking the feed and trying another scroll.
2026-04-01 10:44:54 | INFO | Results panel looks stuck. Clicking the feed and trying another scroll.
2026-04-01 10:45:51 | INFO | Results panel looks stuck. Clicking the feed and trying another scroll.
2026-04-01 10:46:49 | INFO | Results panel looks stuck. Clicking the feed and trying another scroll.
2026-04-01 10:47:47 | INFO | Results panel looks stuck. Clicking the feed and trying another scroll.
2026-04-01 10:48:44 | INFO | Results panel looks stuck. Clicking the feed and trying another scroll.
2026-04-01 10:49:42 | INFO | Results panel looks stuck. Clicking the feed and trying another scroll.
2026-04-01 10:50:40 | INFO | Results panel looks stuck. Clicking the feed and trying another scroll.
2026-04-01 10:51:38 | INFO | Results panel looks stuck. Clicking the feed and trying another scroll.
2026-04-01 10:52:35 | INFO | Results panel looks stuck. Clicking the feed and trying another scroll.
2026-04-01 10:53:33 | INFO | Results panel looks stuck. Clicking the feed and trying another scroll.
2026-04-01 10:54:31 | INFO | Results panel looks stuck. Clicking the feed and trying another scroll.
2026-04-01 10:55:29 | INFO | Results panel looks stuck. Clicking the feed and trying another scroll.
2026-04-01 10:56:26 | INFO | Results panel looks stuck. Clicking the feed and trying another scroll.
2026-04-01 10:57:24 | INFO | Results panel looks stuck. Clicking the feed and trying another scroll.
2026-04-01 10:58:22 | INFO | Results panel looks stuck. Clicking the feed and trying another scroll.
2026-04-01 10:59:20 | INFO | Results panel looks stuck. Clicking the feed and trying another scroll.
2026-04-01 11:00:17 | INFO | Results panel looks stuck. Clicking the feed and trying another scroll.
2026-04-01 11:01:15 | INFO | Results panel looks stuck. Clicking the feed and trying another scroll.
2026-04-01 11:02:13 | INFO | Results panel looks stuck. Clicking the feed and trying another scroll.
2026-04-01 11:03:11 | INFO | Results panel looks stuck. Clicking the feed and trying another scroll.
2026-04-01 11:04:09 | INFO | Results panel looks stuck. Clicking the feed and trying another scroll.
2026-04-01 11:05:06 | INFO | Results panel looks stuck. Clicking the feed and trying another scroll.
2026-04-01 11:06:04 | INFO | Results panel looks stuck. Clicking the feed and trying another scroll.
2026-04-01 11:07:02 | INFO | Results panel looks stuck. Clicking the feed and trying another scroll.
2026-04-01 11:08:00 | INFO | Results panel looks stuck. Clicking the feed and trying another scroll.
2026-04-01 11:08:57 | INFO | Results panel looks stuck. Clicking the feed and trying another scroll.
2026-04-01 11:09:55 | INFO | Results panel looks stuck. Clicking the feed and trying another scroll.
2026-04-01 11:10:53 | INFO | Results panel looks stuck. Clicking the feed and trying another scroll.
2026-04-01 11:11:50 | INFO | Results panel looks stuck. Clicking the feed and trying another scroll.
2026-04-01 11:12:48 | INFO | Results panel looks stuck. Clicking the feed and trying another scroll.
2026-04-01 11:13:46 | INFO | Results panel looks stuck. Clicking the feed and trying another scroll.
2026-04-01 11:14:44 | INFO | Results panel looks stuck. Clicking the feed and trying another scroll.
2026-04-01 11:15:42 | INFO | Results panel looks stuck. Clicking the feed and trying another scroll.
2026-04-01 11:16:40 | INFO | Results panel looks stuck. Clicking the feed and trying another scroll.
2026-04-01 11:17:37 | INFO | Results panel looks stuck. Clicking the feed and trying another scroll.
2026-04-01 11:18:35 | INFO | Results panel looks stuck. Clicking the feed and trying another scroll.
2026-04-01 11:19:33 | INFO | Results panel looks stuck. Clicking the feed and trying another scroll.
2026-04-01 11:20:31 | INFO | Results panel looks stuck. Clicking the feed and trying another scroll.
2026-04-01 11:21:29 | INFO | Results panel looks stuck. Clicking the feed and trying another scroll.
2026-04-01 11:22:26 | INFO | Results panel looks stuck. Clicking the feed and trying another scroll.
2026-04-01 11:23:24 | INFO | Results panel looks stuck. Clicking the feed and trying another scroll.
2026-04-01 11:24:21 | INFO | Results panel looks stuck. Clicking the feed and trying another scroll.
2026-04-01 11:25:19 | INFO | Results panel looks stuck. Clicking the feed and trying another scroll.
2026-04-01 11:26:17 | INFO | Results panel looks stuck. Clicking the feed and trying another scroll.
2026-04-01 11:27:14 | INFO | Results panel looks stuck. Clicking the feed and trying another scroll.
2026-04-01 11:28:12 | INFO | Results panel looks stuck. Clicking the feed and trying another scroll.
2026-04-01 11:29:10 | INFO | Results panel looks stuck. Clicking the feed and trying another scroll.
2026-04-01 11:30:08 | INFO | Results panel looks stuck. Clicking the feed and trying another scroll.
2026-04-01 11:31:05 | INFO | Results panel looks stuck. Clicking the feed and trying another scroll.
2026-04-01 11:32:03 | INFO | Results panel looks stuck. Clicking the feed and trying another scroll.
2026-04-01 11:33:01 | INFO | Results panel looks stuck. Clicking the feed and trying another scroll.
2026-04-01 11:33:58 | INFO | Results panel looks stuck. Clicking the feed and trying another scroll.
2026-04-01 11:34:56 | INFO | Results panel looks stuck. Clicking the feed and trying another scroll.
2026-04-01 11:35:54 | INFO | Results panel looks stuck. Clicking the feed and trying another scroll.
2026-04-01 11:36:51 | INFO | Results panel looks stuck. Clicking the feed and trying another scroll.
2026-04-01 11:37:49 | INFO | Results panel looks stuck. Clicking the feed and trying another scroll.
2026-04-01 11:38:47 | INFO | Results panel looks stuck. Clicking the feed and trying another scroll.
2026-04-01 11:39:45 | INFO | Results panel looks stuck. Clicking the feed and trying another scroll.
2026-04-01 11:40:43 | INFO | Results panel looks stuck. Clicking the feed and trying another scroll.
2026-04-01 11:41:40 | INFO | Results panel looks stuck. Clicking the feed and trying another scroll.
2026-04-01 11:42:38 | INFO | Results panel looks stuck. Clicking the feed and trying another scroll.
2026-04-01 11:43:36 | INFO | Results panel looks stuck. Clicking the feed and trying another scroll.
2026-04-01 11:44:33 | INFO | Results panel looks stuck. Clicking the feed and trying another scroll.
2026-04-01 11:45:31 | INFO | Results panel looks stuck. Clicking the feed and trying another scroll.
2026-04-01 11:46:29 | INFO | Results panel looks stuck. Clicking the feed and trying another scroll.
2026-04-01 11:47:27 | INFO | Results panel looks stuck. Clicking the feed and trying another scroll.
2026-04-01 11:48:24 | INFO | Results panel looks stuck. Clicking the feed and trying another scroll.
2026-04-01 11:49:22 | INFO | Results panel looks stuck. Clicking the feed and trying another scroll.
2026-04-01 11:50:19 | INFO | Results panel looks stuck. Clicking the feed and trying another scroll.
2026-04-01 11:51:17 | INFO | Results panel looks stuck. Clicking the feed and trying another scroll.
2026-04-01 11:52:15 | INFO | Results panel looks stuck. Clicking the feed and trying another scroll.
2026-04-01 11:53:12 | INFO | Results panel looks stuck. Clicking the feed and trying another scroll.
2026-04-01 11:54:10 | INFO | Results panel looks stuck. Clicking the feed and trying another scroll.
2026-04-01 11:55:08 | INFO | Results panel looks stuck. Clicking the feed and trying another scroll.
2026-04-01 11:56:06 | INFO | Results panel looks stuck. Clicking the feed and trying another scroll.
2026-04-01 11:57:03 | INFO | Results panel looks stuck. Clicking the feed and trying another scroll.
2026-04-01 11:58:01 | INFO | Results panel looks stuck. Clicking the feed and trying another scroll.
2026-04-01 11:58:59 | INFO | Results panel looks stuck. Clicking the feed and trying another scroll.
2026-04-01 11:59:56 | INFO | Results panel looks stuck. Clicking the feed and trying another scroll.
2026-04-01 12:00:54 | INFO | Results panel looks stuck. Clicking the feed and trying another scroll.
2026-04-01 12:01:52 | INFO | Results panel looks stuck. Clicking the feed and trying another scroll.
2026-04-01 12:02:49 | INFO | Results panel looks stuck. Clicking the feed and trying another scroll.
2026-04-01 12:03:47 | INFO | Results panel looks stuck. Clicking the feed and trying another scroll.
2026-04-01 12:04:45 | INFO | Results panel looks stuck. Clicking the feed and trying another scroll.
2026-04-01 12:05:43 | INFO | Results panel looks stuck. Clicking the feed and trying another scroll.
2026-04-01 12:06:41 | INFO | Results panel looks stuck. Clicking the feed and trying another scroll.
2026-04-01 12:07:38 | INFO | Results panel looks stuck. Clicking the feed and trying another scroll.
2026-04-01 12:08:36 | INFO | Results panel looks stuck. Clicking the feed and trying another scroll.
2026-04-01 12:09:34 | INFO | Results panel looks stuck. Clicking the feed and trying another scroll.
2026-04-01 12:10:32 | INFO | Results panel looks stuck. Clicking the feed and trying another scroll.
2026-04-01 12:11:29 | INFO | Results panel looks stuck. Clicking the feed and trying another scroll.
2026-04-01 12:12:27 | INFO | Results panel looks stuck. Clicking the feed and trying another scroll.
2026-04-01 12:13:25 | INFO | Results panel looks stuck. Clicking the feed and trying another scroll.
2026-04-01 12:14:23 | INFO | Results panel looks stuck. Clicking the feed and trying another scroll.
2026-04-01 12:15:20 | INFO | Results panel looks stuck. Clicking the feed and trying another scroll.
2026-04-01 12:16:18 | INFO | Results panel looks stuck. Clicking the feed and trying another scroll.
2026-04-01 12:17:16 | INFO | Results panel looks stuck. Clicking the feed and trying another scroll.
2026-04-01 12:18:14 | INFO | Results panel looks stuck. Clicking the feed and trying another scroll.
2026-04-01 12:19:12 | INFO | Results panel looks stuck. Clicking the feed and trying another scroll.
2026-04-01 12:20:09 | INFO | Results panel looks stuck. Clicking the feed and trying another scroll.
2026-04-01 12:21:07 | INFO | Results panel looks stuck. Clicking the feed and trying another scroll.
2026-04-01 12:22:05 | INFO | Results panel looks stuck. Clicking the feed and trying another scroll.
2026-04-01 12:23:03 | INFO | Results panel looks stuck. Clicking the feed and trying another scroll.
2026-04-01 12:24:01 | INFO | Results panel looks stuck. Clicking the feed and trying another scroll.
2026-04-01 12:24:58 | INFO | Results panel looks stuck. Clicking the feed and trying another scroll.
2026-04-01 12:25:56 | INFO | Results panel looks stuck. Clicking the feed and trying another scroll.
2026-04-01 12:26:53 | INFO | Results panel looks stuck. Clicking the feed and trying another scroll.
2026-04-01 12:27:51 | INFO | Results panel looks stuck. Clicking the feed and trying another scroll.
2026-04-01 12:28:49 | INFO | Results panel looks stuck. Clicking the feed and trying another scroll.
2026-04-01 12:29:46 | INFO | Results panel looks stuck. Clicking the feed and trying another scroll.
2026-04-01 12:30:44 | INFO | Results panel looks stuck. Clicking the feed and trying another scroll.
2026-04-01 12:31:41 | INFO | Results panel looks stuck. Clicking the feed and trying another scroll.
2026-04-01 12:32:39 | INFO | Results panel looks stuck. Clicking the feed and trying another scroll.
2026-04-01 12:33:37 | INFO | Results panel looks stuck. Clicking the feed and trying another scroll.
2026-04-01 12:34:35 | INFO | Results panel looks stuck. Clicking the feed and trying another scroll.
2026-04-01 12:35:32 | INFO | Results panel looks stuck. Clicking the feed and trying another scroll.
2026-04-01 12:36:30 | INFO | Results panel looks stuck. Clicking the feed and trying another scroll.
2026-04-01 12:37:28 | INFO | Results panel looks stuck. Clicking the feed and trying another scroll.
2026-04-01 12:38:26 | INFO | Results panel looks stuck. Clicking the feed and trying another scroll.
2026-04-01 12:39:24 | INFO | Results panel looks stuck. Clicking the feed and trying another scroll.
2026-04-01 12:40:21 | INFO | Results panel looks stuck. Clicking the feed and trying another scroll.
2026-04-01 12:41:19 | INFO | Results panel looks stuck. Clicking the feed and trying another scroll.
2026-04-01 12:42:17 | INFO | Results panel looks stuck. Clicking the feed and trying another scroll.
2026-04-01 12:43:14 | INFO | Results panel looks stuck. Clicking the feed and trying another scroll.
2026-04-01 12:44:12 | INFO | Results panel looks stuck. Clicking the feed and trying another scroll.
2026-04-01 12:45:09 | INFO | Results panel looks stuck. Clicking the feed and trying another scroll.
2026-04-01 12:46:07 | INFO | Results panel looks stuck. Clicking the feed and trying another scroll.
2026-04-01 12:47:05 | INFO | Results panel looks stuck. Clicking the feed and trying another scroll.
2026-04-01 12:48:03 | INFO | Results panel looks stuck. Clicking the feed and trying another scroll.
2026-04-01 12:49:00 | INFO | Results panel looks stuck. Clicking the feed and trying another scroll.
2026-04-01 12:49:58 | INFO | Results panel looks stuck. Clicking the feed and trying another scroll.
2026-04-01 12:50:56 | INFO | Results panel looks stuck. Clicking the feed and trying another scroll.
2026-04-01 12:51:54 | INFO | Results panel looks stuck. Clicking the feed and trying another scroll.
2026-04-01 12:52:51 | INFO | Results panel looks stuck. Clicking the feed and trying another scroll.
2026-04-01 12:53:49 | INFO | Results panel looks stuck. Clicking the feed and trying another scroll.
2026-04-01 12:54:47 | INFO | Results panel looks stuck. Clicking the feed and trying another scroll.
2026-04-01 12:55:44 | INFO | Results panel looks stuck. Clicking the feed and trying another scroll.
2026-04-01 12:56:42 | INFO | Results panel looks stuck. Clicking the feed and trying another scroll.
2026-04-01 12:57:39 | INFO | Results panel looks stuck. Clicking the feed and trying another scroll.
2026-04-01 12:58:37 | INFO | Results panel looks stuck. Clicking the feed and trying another scroll.
2026-04-01 12:59:35 | INFO | Results panel looks stuck. Clicking the feed and trying another scroll.
2026-04-01 13:00:32 | INFO | Results panel looks stuck. Clicking the feed and trying another scroll.
2026-04-01 13:01:30 | INFO | Results panel looks stuck. Clicking the feed and trying another scroll.
2026-04-01 13:02:28 | INFO | Results panel looks stuck. Clicking the feed and trying another scroll.
2026-04-01 13:03:26 | INFO | Results panel looks stuck. Clicking the feed and trying another scroll.
2026-04-01 13:04:23 | INFO | Results panel looks stuck. Clicking the feed and trying another scroll.
2026-04-01 13:05:21 | INFO | Results panel looks stuck. Clicking the feed and trying another scroll.
2026-04-01 13:06:18 | INFO | Results panel looks stuck. Clicking the feed and trying another scroll.
2026-04-01 13:07:16 | INFO | Results panel looks stuck. Clicking the feed and trying another scroll.
2026-04-01 13:08:14 | INFO | Results panel looks stuck. Clicking the feed and trying another scroll.
2026-04-01 13:09:12 | INFO | Results panel looks stuck. Clicking the feed and trying another scroll.
2026-04-01 13:10:09 | INFO | Results panel looks stuck. Clicking the feed and trying another scroll.
2026-04-01 13:11:07 | INFO | Results panel looks stuck. Clicking the feed and trying another scroll.
2026-04-01 13:12:05 | INFO | Results panel looks stuck. Clicking the feed and trying another scroll.
2026-04-01 13:13:03 | INFO | Results panel looks stuck. Clicking the feed and trying another scroll.
2026-04-01 13:14:00 | INFO | Results panel looks stuck. Clicking the feed and trying another scroll.
2026-04-01 13:14:58 | INFO | Results panel looks stuck. Clicking the feed and trying another scroll.
2026-04-01 13:15:56 | INFO | Results panel looks stuck. Clicking the feed and trying another scroll.
2026-04-01 13:16:54 | INFO | Results panel looks stuck. Clicking the feed and trying another scroll.
2026-04-01 13:17:51 | INFO | Results panel looks stuck. Clicking the feed and trying another scroll.
2026-04-01 13:18:49 | INFO | Results panel looks stuck. Clicking the feed and trying another scroll.
2026-04-01 13:19:46 | INFO | Results panel looks stuck. Clicking the feed and trying another scroll.
2026-04-01 13:20:44 | INFO | Results panel looks stuck. Clicking the feed and trying another scroll.
2026-04-01 13:21:42 | INFO | Results panel looks stuck. Clicking the feed and trying another scroll.
2026-04-01 13:22:40 | INFO | Results panel looks stuck. Clicking the feed and trying another scroll.
2026-04-01 13:23:37 | INFO | Results panel looks stuck. Clicking the feed and trying another scroll.
2026-04-01 13:24:35 | INFO | Results panel looks stuck. Clicking the feed and trying another scroll.
2026-04-01 13:25:33 | INFO | Results panel looks stuck. Clicking the feed and trying another scroll.
2026-04-01 13:26:31 | INFO | Results panel looks stuck. Clicking the feed and trying another scroll.
2026-04-01 13:27:29 | INFO | Results panel looks stuck. Clicking the feed and trying another scroll.
2026-04-01 13:28:26 | INFO | Results panel looks stuck. Clicking the feed and trying another scroll.
2026-04-01 13:29:24 | INFO | Results panel looks stuck. Clicking the feed and trying another scroll.
2026-04-01 13:30:22 | INFO | Results panel looks stuck. Clicking the feed and trying another scroll.
2026-04-01 13:31:19 | INFO | Results panel looks stuck. Clicking the feed and trying another scroll.
2026-04-01 13:32:17 | INFO | Results panel looks stuck. Clicking the feed and trying another scroll.
2026-04-01 13:33:15 | INFO | Results panel looks stuck. Clicking the feed and trying another scroll.
2026-04-01 13:34:12 | INFO | Results panel looks stuck. Clicking the feed and trying another scroll.
2026-04-01 13:35:10 | INFO | Results panel looks stuck. Clicking the feed and trying another scroll.
2026-04-01 13:36:08 | INFO | Results panel looks stuck. Clicking the feed and trying another scroll.
2026-04-01 13:37:06 | INFO | Results panel looks stuck. Clicking the feed and trying another scroll.
2026-04-01 13:38:04 | INFO | Results panel looks stuck. Clicking the feed and trying another scroll.
2026-04-01 13:39:01 | INFO | Results panel looks stuck. Clicking the feed and trying another scroll.
2026-04-01 13:39:59 | INFO | Results panel looks stuck. Clicking the feed and trying another scroll.
2026-04-01 13:40:57 | INFO | Results panel looks stuck. Clicking the feed and trying another scroll.
2026-04-01 13:41:55 | INFO | Results panel looks stuck. Clicking the feed and trying another scroll.
2026-04-01 13:42:52 | INFO | Results panel looks stuck. Clicking the feed and trying another scroll.
2026-04-01 13:43:50 | INFO | Results panel looks stuck. Clicking the feed and trying another scroll.
2026-04-01 13:44:48 | INFO | Results panel looks stuck. Clicking the feed and trying another scroll.
2026-04-01 13:45:46 | INFO | Results panel looks stuck. Clicking the feed and trying another scroll.
2026-04-01 13:46:44 | INFO | Results panel looks stuck. Clicking the feed and trying another scroll.
2026-04-01 13:47:42 | INFO | Results panel looks stuck. Clicking the feed and trying another scroll.
2026-04-01 13:48:39 | INFO | Results panel looks stuck. Clicking the feed and trying another scroll.
2026-04-01 13:49:37 | INFO | Results panel looks stuck. Clicking the feed and trying another scroll.
2026-04-01 13:50:35 | INFO | Results panel looks stuck. Clicking the feed and trying another scroll.
2026-04-01 13:51:33 | INFO | Results panel looks stuck. Clicking the feed and trying another scroll.
2026-04-01 13:52:30 | INFO | Results panel looks stuck. Clicking the feed and trying another scroll.
2026-04-01 13:53:28 | INFO | Results panel looks stuck. Clicking the feed and trying another scroll.
2026-04-01 13:54:25 | INFO | Results panel looks stuck. Clicking the feed and trying another scroll.
2026-04-01 13:55:23 | INFO | Results panel looks stuck. Clicking the feed and trying another scroll.
2026-04-01 13:56:21 | INFO | Results panel looks stuck. Clicking the feed and trying another scroll.
2026-04-01 13:57:18 | INFO | Results panel looks stuck. Clicking the feed and trying another scroll.
2026-04-01 13:58:16 | INFO | Results panel looks stuck. Clicking the feed and trying another scroll.
2026-04-01 13:59:13 | INFO | Results panel looks stuck. Clicking the feed and trying another scroll.
2026-04-01 14:00:11 | INFO | Results panel looks stuck. Clicking the feed and trying another scroll.
2026-04-01 14:01:09 | INFO | Results panel looks stuck. Clicking the feed and trying another scroll.
2026-04-01 14:02:07 | INFO | Results panel looks stuck. Clicking the feed and trying another scroll.
2026-04-01 14:03:05 | INFO | Results panel looks stuck. Clicking the feed and trying another scroll.
2026-04-01 14:04:02 | INFO | Results panel looks stuck. Clicking the feed and trying another scroll.
2026-04-01 14:05:00 | INFO | Results panel looks stuck. Clicking the feed and trying another scroll.
2026-04-01 14:05:58 | INFO | Results panel looks stuck. Clicking the feed and trying another scroll.
2026-04-01 14:06:56 | INFO | Results panel looks stuck. Clicking the feed and trying another scroll.
2026-04-01 14:07:53 | INFO | Results panel looks stuck. Clicking the feed and trying another scroll.
2026-04-01 14:08:51 | INFO | Results panel looks stuck. Clicking the feed and trying another scroll.
2026-04-01 14:09:48 | INFO | Results panel looks stuck. Clicking the feed and trying another scroll.
2026-04-01 14:10:46 | INFO | Results panel looks stuck. Clicking the feed and trying another scroll.
2026-04-01 14:11:44 | INFO | Results panel looks stuck. Clicking the feed and trying another scroll.
2026-04-01 14:12:41 | INFO | Results panel looks stuck. Clicking the feed and trying another scroll.
2026-04-01 14:13:39 | INFO | Results panel looks stuck. Clicking the feed and trying another scroll.
2026-04-01 14:14:37 | INFO | Results panel looks stuck. Clicking the feed and trying another scroll.
2026-04-01 14:15:35 | INFO | Results panel looks stuck. Clicking the feed and trying another scroll.
2026-04-01 14:16:32 | INFO | Results panel looks stuck. Clicking the feed and trying another scroll.
2026-04-01 14:17:30 | INFO | Results panel looks stuck. Clicking the feed and trying another scroll.
2026-04-01 14:18:28 | INFO | Results panel looks stuck. Clicking the feed and trying another scroll.
2026-04-01 14:19:26 | INFO | Results panel looks stuck. Clicking the feed and trying another scroll.
2026-04-01 14:20:23 | INFO | Results panel looks stuck. Clicking the feed and trying another scroll.
2026-04-01 14:21:21 | INFO | Results panel looks stuck. Clicking the feed and trying another scroll.
2026-04-01 14:22:18 | INFO | Results panel looks stuck. Clicking the feed and trying another scroll.
2026-04-01 14:23:16 | INFO | Results panel looks stuck. Clicking the feed and trying another scroll.
2026-04-01 14:24:14 | INFO | Results panel looks stuck. Clicking the feed and trying another scroll.
2026-04-01 14:25:11 | INFO | Results panel looks stuck. Clicking the feed and trying another scroll.
2026-04-01 14:26:09 | INFO | Results panel looks stuck. Clicking the feed and trying another scroll.
2026-04-01 14:27:07 | INFO | Results panel looks stuck. Clicking the feed and trying another scroll.
2026-04-01 14:28:05 | INFO | Results panel looks stuck. Clicking the feed and trying another scroll.
2026-04-01 14:29:02 | INFO | Results panel looks stuck. Clicking the feed and trying another scroll.
2026-04-01 14:30:00 | INFO | Results panel looks stuck. Clicking the feed and trying another scroll.
2026-04-01 14:30:58 | INFO | Results panel looks stuck. Clicking the feed and trying another scroll.
2026-04-01 14:31:56 | INFO | Results panel looks stuck. Clicking the feed and trying another scroll.
2026-04-01 14:32:53 | INFO | Results panel looks stuck. Clicking the feed and trying another scroll.
2026-04-01 14:33:51 | INFO | Results panel looks stuck. Clicking the feed and trying another scroll.
2026-04-01 14:34:49 | INFO | Results panel looks stuck. Clicking the feed and trying another scroll.
2026-04-01 14:35:47 | INFO | Results panel looks stuck. Clicking the feed and trying another scroll.
2026-04-01 14:36:44 | INFO | Results panel looks stuck. Clicking the feed and trying another scroll.
2026-04-01 14:37:42 | INFO | Results panel looks stuck. Clicking the feed and trying another scroll.
2026-04-01 14:38:40 | INFO | Results panel looks stuck. Clicking the feed and trying another scroll.
2026-04-01 14:39:37 | INFO | Results panel looks stuck. Clicking the feed and trying another scroll.
2026-04-01 14:40:35 | INFO | Results panel looks stuck. Clicking the feed and trying another scroll.
2026-04-01 14:41:33 | INFO | Results panel looks stuck. Clicking the feed and trying another scroll.
2026-04-01 14:42:30 | INFO | Results panel looks stuck. Clicking the feed and trying another scroll.
2026-04-01 14:43:28 | INFO | Results panel looks stuck. Clicking the feed and trying another scroll.
2026-04-01 14:44:26 | INFO | Results panel looks stuck. Clicking the feed and trying another scroll.
2026-04-01 14:45:24 | INFO | Results panel looks stuck. Clicking the feed and trying another scroll.
2026-04-01 14:46:21 | INFO | Results panel looks stuck. Clicking the feed and trying another scroll.
2026-04-01 14:47:19 | INFO | Results panel looks stuck. Clicking the feed and trying another scroll.
2026-04-01 14:48:17 | INFO | Results panel looks stuck. Clicking the feed and trying another scroll.
2026-04-01 14:49:14 | INFO | Results panel looks stuck. Clicking the feed and trying another scroll.
2026-04-01 14:50:12 | INFO | Results panel looks stuck. Clicking the feed and trying another scroll.
2026-04-01 14:51:10 | INFO | Results panel looks stuck. Clicking the feed and trying another scroll.
2026-04-01 14:52:08 | INFO | Results panel looks stuck. Clicking the feed and trying another scroll.
2026-04-01 14:53:05 | INFO | Results panel looks stuck. Clicking the feed and trying another scroll.
2026-04-01 14:54:03 | INFO | Results panel looks stuck. Clicking the feed and trying another scroll.
2026-04-01 14:55:01 | INFO | Results panel looks stuck. Clicking the feed and trying another scroll.
2026-04-01 14:55:59 | INFO | Results panel looks stuck. Clicking the feed and trying another scroll.
2026-04-01 14:56:56 | INFO | Results panel looks stuck. Clicking the feed and trying another scroll.
2026-04-01 14:57:54 | INFO | Results panel looks stuck. Clicking the feed and trying another scroll.
2026-04-01 14:58:52 | INFO | Results panel looks stuck. Clicking the feed and trying another scroll.
2026-04-01 14:59:50 | INFO | Results panel looks stuck. Clicking the feed and trying another scroll.
2026-04-01 15:00:47 | INFO | Results panel looks stuck. Clicking the feed and trying another scroll.
2026-04-01 15:01:45 | INFO | Results panel looks stuck. Clicking the feed and trying another scroll.
2026-04-01 15:02:43 | INFO | Results panel looks stuck. Clicking the feed and trying another scroll.
2026-04-01 15:03:41 | INFO | Results panel looks stuck. Clicking the feed and trying another scroll.
2026-04-01 15:04:38 | INFO | Results panel looks stuck. Clicking the feed and trying another scroll.
2026-04-01 15:05:36 | INFO | Results panel looks stuck. Clicking the feed and trying another scroll.
2026-04-01 15:06:34 | INFO | Results panel looks stuck. Clicking the feed and trying another scroll.
2026-04-01 15:07:32 | INFO | Results panel looks stuck. Clicking the feed and trying another scroll.
2026-04-01 15:08:30 | INFO | Results panel looks stuck. Clicking the feed and trying another scroll.
2026-04-01 15:09:28 | INFO | Results panel looks stuck. Clicking the feed and trying another scroll.
2026-04-01 15:10:25 | INFO | Results panel looks stuck. Clicking the feed and trying another scroll.
2026-04-01 15:11:23 | INFO | Results panel looks stuck. Clicking the feed and trying another scroll.
2026-04-01 15:12:21 | INFO | Results panel looks stuck. Clicking the feed and trying another scroll.
2026-04-01 15:13:18 | INFO | Results panel looks stuck. Clicking the feed and trying another scroll.
2026-04-01 15:14:16 | INFO | Results panel looks stuck. Clicking the feed and trying another scroll.
2026-04-01 15:15:13 | INFO | Results panel looks stuck. Clicking the feed and trying another scroll.
2026-04-01 15:16:11 | INFO | Results panel looks stuck. Clicking the feed and trying another scroll.
2026-04-01 15:17:09 | INFO | Results panel looks stuck. Clicking the feed and trying another scroll.
2026-04-01 15:18:07 | INFO | Results panel looks stuck. Clicking the feed and trying another scroll.
2026-04-01 15:19:04 | INFO | Results panel looks stuck. Clicking the feed and trying another scroll.
2026-04-01 15:20:02 | INFO | Results panel looks stuck. Clicking the feed and trying another scroll.
2026-04-01 15:21:00 | INFO | Results panel looks stuck. Clicking the feed and trying another scroll.
2026-04-01 15:21:57 | INFO | Results panel looks stuck. Clicking the feed and trying another scroll.
2026-04-01 15:22:55 | INFO | Results panel looks stuck. Clicking the feed and trying another scroll.
2026-04-01 15:23:53 | INFO | Results panel looks stuck. Clicking the feed and trying another scroll.
2026-04-01 15:24:51 | INFO | Results panel looks stuck. Clicking the feed and trying another scroll.
2026-04-01 15:25:48 | INFO | Results panel looks stuck. Clicking the feed and trying another scroll.
2026-04-01 15:26:46 | INFO | Results panel looks stuck. Clicking the feed and trying another scroll.
2026-04-01 15:27:44 | INFO | Results panel looks stuck. Clicking the feed and trying another scroll.
2026-04-01 15:28:41 | INFO | Results panel looks stuck. Clicking the feed and trying another scroll.
2026-04-01 15:29:39 | INFO | Results panel looks stuck. Clicking the feed and trying another scroll.
2026-04-01 15:30:37 | INFO | Results panel looks stuck. Clicking the feed and trying another scroll.
2026-04-01 15:31:34 | INFO | Results panel looks stuck. Clicking the feed and trying another scroll.
2026-04-01 15:32:32 | INFO | Results panel looks stuck. Clicking the feed and trying another scroll.
2026-04-01 15:33:30 | INFO | Results panel looks stuck. Clicking the feed and trying another scroll.
2026-04-01 15:34:28 | INFO | Results panel looks stuck. Clicking the feed and trying another scroll.
2026-04-01 15:35:25 | INFO | Results panel looks stuck. Clicking the feed and trying another scroll.
2026-04-01 15:36:23 | INFO | Results panel looks stuck. Clicking the feed and trying another scroll.
2026-04-01 15:37:20 | INFO | Results panel looks stuck. Clicking the feed and trying another scroll.
2026-04-01 15:38:18 | INFO | Results panel looks stuck. Clicking the feed and trying another scroll.
2026-04-01 15:39:16 | INFO | Results panel looks stuck. Clicking the feed and trying another scroll.
2026-04-01 15:40:14 | INFO | Results panel looks stuck. Clicking the feed and trying another scroll.
2026-04-01 15:41:12 | INFO | Results panel looks stuck. Clicking the feed and trying another scroll.
2026-04-01 15:42:09 | INFO | Results panel looks stuck. Clicking the feed and trying another scroll.
2026-04-01 15:43:07 | INFO | Results panel looks stuck. Clicking the feed and trying another scroll.
2026-04-01 15:44:05 | INFO | Results panel looks stuck. Clicking the feed and trying another scroll.
2026-04-01 15:45:03 | INFO | Results panel looks stuck. Clicking the feed and trying another scroll.
2026-04-01 15:46:00 | INFO | Results panel looks stuck. Clicking the feed and trying another scroll.
2026-04-01 15:46:58 | INFO | Results panel looks stuck. Clicking the feed and trying another scroll.
2026-04-01 15:47:56 | INFO | Results panel looks stuck. Clicking the feed and trying another scroll.
2026-04-01 15:48:53 | INFO | Results panel looks stuck. Clicking the feed and trying another scroll.
2026-04-01 15:49:51 | INFO | Results panel looks stuck. Clicking the feed and trying another scroll.
2026-04-01 15:50:48 | INFO | Results panel looks stuck. Clicking the feed and trying another scroll.
2026-04-01 15:51:46 | INFO | Results panel looks stuck. Clicking the feed and trying another scroll.
2026-04-01 15:52:43 | INFO | Results panel looks stuck. Clicking the feed and trying another scroll.
2026-04-01 15:53:41 | INFO | Results panel looks stuck. Clicking the feed and trying another scroll.
2026-04-01 15:54:39 | INFO | Results panel looks stuck. Clicking the feed and trying another scroll.
2026-04-01 15:55:37 | INFO | Results panel looks stuck. Clicking the feed and trying another scroll.
2026-04-01 15:56:34 | INFO | Results panel looks stuck. Clicking the feed and trying another scroll.
2026-04-01 15:57:32 | INFO | Results panel looks stuck. Clicking the feed and trying another scroll.
2026-04-01 15:58:30 | INFO | Results panel looks stuck. Clicking the feed and trying another scroll.
2026-04-01 15:59:27 | INFO | Results panel looks stuck. Clicking the feed and trying another scroll.
2026-04-01 16:00:25 | INFO | Results panel looks stuck. Clicking the feed and trying another scroll.
2026-04-01 16:01:23 | INFO | Results panel looks stuck. Clicking the feed and trying another scroll.
2026-04-01 16:02:21 | INFO | Results panel looks stuck. Clicking the feed and trying another scroll.
2026-04-01 16:03:18 | INFO | Results panel looks stuck. Clicking the feed and trying another scroll.
2026-04-01 16:04:16 | INFO | Results panel looks stuck. Clicking the feed and trying another scroll.
2026-04-01 16:05:14 | INFO | Results panel looks stuck. Clicking the feed and trying another scroll.
2026-04-01 16:06:12 | INFO | Results panel looks stuck. Clicking the feed and trying another scroll.
2026-04-01 16:07:10 | INFO | Results panel looks stuck. Clicking the feed and trying another scroll.
2026-04-01 16:08:07 | INFO | Results panel looks stuck. Clicking the feed and trying another scroll.
2026-04-01 16:09:05 | INFO | Results panel looks stuck. Clicking the feed and trying another scroll.
2026-04-01 16:10:03 | INFO | Results panel looks stuck. Clicking the feed and trying another scroll.
2026-04-01 16:11:01 | INFO | Results panel looks stuck. Clicking the feed and trying another scroll.
2026-04-01 16:11:59 | INFO | Results panel looks stuck. Clicking the feed and trying another scroll.
2026-04-01 16:12:57 | INFO | Results panel looks stuck. Clicking the feed and trying another scroll.
2026-04-01 16:13:54 | INFO | Results panel looks stuck. Clicking the feed and trying another scroll.
2026-04-01 16:14:52 | INFO | Results panel looks stuck. Clicking the feed and trying another scroll.
2026-04-01 16:15:49 | INFO | Results panel looks stuck. Clicking the feed and trying another scroll.
2026-04-01 16:16:47 | INFO | Results panel looks stuck. Clicking the feed and trying another scroll.
2026-04-01 16:17:45 | INFO | Results panel looks stuck. Clicking the feed and trying another scroll.
2026-04-01 16:18:42 | INFO | Results panel looks stuck. Clicking the feed and trying another scroll.
2026-04-01 16:19:40 | INFO | Results panel looks stuck. Clicking the feed and trying another scroll.
2026-04-01 16:20:38 | INFO | Results panel looks stuck. Clicking the feed and trying another scroll.
2026-04-01 16:21:35 | INFO | Results panel looks stuck. Clicking the feed and trying another scroll.
2026-04-01 16:22:33 | INFO | Results panel looks stuck. Clicking the feed and trying another scroll.
2026-04-01 16:23:31 | INFO | Results panel looks stuck. Clicking the feed and trying another scroll.
2026-04-01 16:24:29 | INFO | Results panel looks stuck. Clicking the feed and trying another scroll.
2026-04-01 16:25:26 | INFO | Results panel looks stuck. Clicking the feed and trying another scroll.
2026-04-01 16:26:24 | INFO | Results panel looks stuck. Clicking the feed and trying another scroll.
2026-04-01 16:27:22 | INFO | Results panel looks stuck. Clicking the feed and trying another scroll.
2026-04-01 16:28:19 | INFO | Results panel looks stuck. Clicking the feed and trying another scroll.
2026-04-01 16:29:17 | INFO | Results panel looks stuck. Clicking the feed and trying another scroll.
2026-04-01 16:30:15 | INFO | Results panel looks stuck. Clicking the feed and trying another scroll.
2026-04-01 16:31:12 | INFO | Results panel looks stuck. Clicking the feed and trying another scroll.
2026-04-01 16:32:10 | INFO | Results panel looks stuck. Clicking the feed and trying another scroll.
2026-04-01 16:33:08 | INFO | Results panel looks stuck. Clicking the feed and trying another scroll.
2026-04-01 16:34:05 | INFO | Results panel looks stuck. Clicking the feed and trying another scroll.
2026-04-01 16:35:03 | INFO | Results panel looks stuck. Clicking the feed and trying another scroll.
2026-04-01 16:36:01 | INFO | Results panel looks stuck. Clicking the feed and trying another scroll.
2026-04-01 16:36:59 | INFO | Results panel looks stuck. Clicking the feed and trying another scroll.
2026-04-01 16:37:57 | INFO | Results panel looks stuck. Clicking the feed and trying another scroll.
2026-04-01 16:38:55 | INFO | Results panel looks stuck. Clicking the feed and trying another scroll.
2026-04-01 16:39:52 | INFO | Results panel looks stuck. Clicking the feed and trying another scroll.
2026-04-01 16:40:50 | INFO | Results panel looks stuck. Clicking the feed and trying another scroll.
2026-04-01 16:41:47 | INFO | Results panel looks stuck. Clicking the feed and trying another scroll.
2026-04-01 16:42:45 | INFO | Results panel looks stuck. Clicking the feed and trying another scroll.
2026-04-01 16:43:43 | INFO | Results panel looks stuck. Clicking the feed and trying another scroll.
2026-04-01 16:44:41 | INFO | Results panel looks stuck. Clicking the feed and trying another scroll.
2026-04-01 16:45:38 | INFO | Results panel looks stuck. Clicking the feed and trying another scroll.
2026-04-01 16:46:36 | INFO | Results panel looks stuck. Clicking the feed and trying another scroll.
2026-04-01 16:47:33 | INFO | Results panel looks stuck. Clicking the feed and trying another scroll.
2026-04-01 16:48:31 | INFO | Results panel looks stuck. Clicking the feed and trying another scroll.
2026-04-01 16:49:28 | INFO | Results panel looks stuck. Clicking the feed and trying another scroll.
2026-04-01 16:50:26 | INFO | Results panel looks stuck. Clicking the feed and trying another scroll.
2026-04-01 16:51:24 | INFO | Results panel looks stuck. Clicking the feed and trying another scroll.
2026-04-01 16:52:22 | INFO | Results panel looks stuck. Clicking the feed and trying another scroll.
2026-04-01 16:53:19 | INFO | Results panel looks stuck. Clicking the feed and trying another scroll.
2026-04-01 16:54:17 | INFO | Results panel looks stuck. Clicking the feed and trying another scroll.
2026-04-01 16:55:15 | INFO | Results panel looks stuck. Clicking the feed and trying another scroll.
2026-04-01 16:56:12 | INFO | Results panel looks stuck. Clicking the feed and trying another scroll.
2026-04-01 16:57:10 | INFO | Results panel looks stuck. Clicking the feed and trying another scroll.
2026-04-01 16:58:08 | INFO | Results panel looks stuck. Clicking the feed and trying another scroll.
2026-04-01 16:59:06 | INFO | Results panel looks stuck. Clicking the feed and trying another scroll.
2026-04-01 17:00:03 | INFO | Results panel looks stuck. Clicking the feed and trying another scroll.
2026-04-01 17:01:01 | INFO | Results panel looks stuck. Clicking the feed and trying another scroll.
2026-04-01 17:01:58 | INFO | Results panel looks stuck. Clicking the feed and trying another scroll.
2026-04-01 17:02:56 | INFO | Results panel looks stuck. Clicking the feed and trying another scroll.
2026-04-01 17:03:54 | INFO | Results panel looks stuck. Clicking the feed and trying another scroll.
2026-04-01 17:04:51 | INFO | Results panel looks stuck. Clicking the feed and trying another scroll.
2026-04-01 17:05:49 | INFO | Results panel looks stuck. Clicking the feed and trying another scroll.
2026-04-01 17:06:46 | INFO | Results panel looks stuck. Clicking the feed and trying another scroll.
2026-04-01 17:07:44 | INFO | Results panel looks stuck. Clicking the feed and trying another scroll.
2026-04-01 17:08:42 | INFO | Results panel looks stuck. Clicking the feed and trying another scroll.
2026-04-01 17:09:39 | INFO | Results panel looks stuck. Clicking the feed and trying another scroll.
2026-04-01 17:10:37 | INFO | Results panel looks stuck. Clicking the feed and trying another scroll.
2026-04-01 17:11:35 | INFO | Results panel looks stuck. Clicking the feed and trying another scroll.
2026-04-01 17:12:32 | INFO | Results panel looks stuck. Clicking the feed and trying another scroll.
2026-04-01 17:13:30 | INFO | Results panel looks stuck. Clicking the feed and trying another scroll.
2026-04-01 17:14:28 | INFO | Results panel looks stuck. Clicking the feed and trying another scroll.
2026-04-01 17:15:26 | INFO | Results panel looks stuck. Clicking the feed and trying another scroll.
2026-04-01 17:16:23 | INFO | Results panel looks stuck. Clicking the feed and trying another scroll.
2026-04-01 17:17:21 | INFO | Results panel looks stuck. Clicking the feed and trying another scroll.
2026-04-01 17:18:19 | INFO | Results panel looks stuck. Clicking the feed and trying another scroll.
2026-04-01 17:19:16 | INFO | Results panel looks stuck. Clicking the feed and trying another scroll.
2026-04-01 17:20:14 | INFO | Results panel looks stuck. Clicking the feed and trying another scroll.
2026-04-01 17:21:12 | INFO | Results panel looks stuck. Clicking the feed and trying another scroll.
2026-04-01 17:22:09 | INFO | Results panel looks stuck. Clicking the feed and trying another scroll.
2026-04-01 17:23:07 | INFO | Results panel looks stuck. Clicking the feed and trying another scroll.
2026-04-01 17:24:05 | INFO | Results panel looks stuck. Clicking the feed and trying another scroll.
2026-04-01 17:25:02 | INFO | Results panel looks stuck. Clicking the feed and trying another scroll.
2026-04-01 17:26:00 | INFO | Results panel looks stuck. Clicking the feed and trying another scroll.
2026-04-01 17:26:58 | INFO | Results panel looks stuck. Clicking the feed and trying another scroll.
2026-04-01 17:27:56 | INFO | Results panel looks stuck. Clicking the feed and trying another scroll.
2026-04-01 17:28:53 | INFO | Results panel looks stuck. Clicking the feed and trying another scroll.
2026-04-01 17:29:51 | INFO | Results panel looks stuck. Clicking the feed and trying another scroll.
2026-04-01 17:30:48 | INFO | Results panel looks stuck. Clicking the feed and trying another scroll.
2026-04-01 17:31:46 | INFO | Results panel looks stuck. Clicking the feed and trying another scroll.
2026-04-01 17:32:44 | INFO | Results panel looks stuck. Clicking the feed and trying another scroll.
2026-04-01 17:33:41 | INFO | Results panel looks stuck. Clicking the feed and trying another scroll.
2026-04-01 17:34:39 | INFO | Results panel looks stuck. Clicking the feed and trying another scroll.
2026-04-01 17:35:37 | INFO | Results panel looks stuck. Clicking the feed and trying another scroll.
2026-04-01 17:36:34 | INFO | Results panel looks stuck. Clicking the feed and trying another scroll.
2026-04-01 17:37:32 | INFO | Results panel looks stuck. Clicking the feed and trying another scroll.
2026-04-01 17:38:30 | INFO | Results panel looks stuck. Clicking the feed and trying another scroll.
2026-04-01 17:39:27 | INFO | Results panel looks stuck. Clicking the feed and trying another scroll.
2026-04-01 17:40:25 | INFO | Results panel looks stuck. Clicking the feed and trying another scroll.
2026-04-01 17:41:23 | INFO | Results panel looks stuck. Clicking the feed and trying another scroll.
2026-04-01 17:42:21 | INFO | Results panel looks stuck. Clicking the feed and trying another scroll.
2026-04-01 17:43:18 | INFO | Results panel looks stuck. Clicking the feed and trying another scroll.
2026-04-01 17:44:16 | INFO | Results panel looks stuck. Clicking the feed and trying another scroll.
2026-04-01 17:45:14 | INFO | Results panel looks stuck. Clicking the feed and trying another scroll.
2026-04-01 17:46:12 | INFO | Results panel looks stuck. Clicking the feed and trying another scroll.
2026-04-01 17:47:09 | INFO | Results panel looks stuck. Clicking the feed and trying another scroll.
2026-04-01 17:48:07 | INFO | Results panel looks stuck. Clicking the feed and trying another scroll.
2026-04-01 17:49:04 | INFO | Results panel looks stuck. Clicking the feed and trying another scroll.
2026-04-01 17:50:02 | INFO | Results panel looks stuck. Clicking the feed and trying another scroll.
2026-04-01 17:51:00 | INFO | Results panel looks stuck. Clicking the feed and trying another scroll.
2026-04-01 17:51:58 | INFO | Results panel looks stuck. Clicking the feed and trying another scroll.
2026-04-01 17:52:55 | INFO | Results panel looks stuck. Clicking the feed and trying another scroll.
2026-04-01 17:53:53 | INFO | Results panel looks stuck. Clicking the feed and trying another scroll.
2026-04-01 17:54:51 | INFO | Results panel looks stuck. Clicking the feed and trying another scroll.
2026-04-01 17:55:48 | INFO | Results panel looks stuck. Clicking the feed and trying another scroll.
2026-04-01 17:56:46 | INFO | Results panel looks stuck. Clicking the feed and trying another scroll.
2026-04-01 17:57:44 | INFO | Results panel looks stuck. Clicking the feed and trying another scroll.
2026-04-01 17:58:42 | INFO | Results panel looks stuck. Clicking the feed and trying another scroll.
2026-04-01 17:59:39 | INFO | Results panel looks stuck. Clicking the feed and trying another scroll.
2026-04-01 18:00:37 | INFO | Results panel looks stuck. Clicking the feed and trying another scroll.
2026-04-01 18:01:35 | INFO | Results panel looks stuck. Clicking the feed and trying another scroll.
2026-04-01 18:02:33 | INFO | Results panel looks stuck. Clicking the feed and trying another scroll.
2026-04-01 18:03:31 | INFO | Results panel looks stuck. Clicking the feed and trying another scroll.
2026-04-01 18:04:28 | INFO | Results panel looks stuck. Clicking the feed and trying another scroll.
2026-04-01 18:05:26 | INFO | Results panel looks stuck. Clicking the feed and trying another scroll.
2026-04-01 18:06:24 | INFO | Results panel looks stuck. Clicking the feed and trying another scroll.
2026-04-01 18:07:22 | INFO | Results panel looks stuck. Clicking the feed and trying another scroll.
2026-04-01 18:08:19 | INFO | Results panel looks stuck. Clicking the feed and trying another scroll.
2026-04-01 18:09:17 | INFO | Results panel looks stuck. Clicking the feed and trying another scroll.
2026-04-01 18:10:15 | INFO | Results panel looks stuck. Clicking the feed and trying another scroll.
2026-04-01 18:11:13 | INFO | Results panel looks stuck. Clicking the feed and trying another scroll.
2026-04-01 18:12:10 | INFO | Results panel looks stuck. Clicking the feed and trying another scroll.
2026-04-01 18:13:08 | INFO | Results panel looks stuck. Clicking the feed and trying another scroll.
2026-04-01 18:14:06 | INFO | Results panel looks stuck. Clicking the feed and trying another scroll.
2026-04-01 18:15:03 | INFO | Results panel looks stuck. Clicking the feed and trying another scroll.
2026-04-01 18:16:01 | INFO | Results panel looks stuck. Clicking the feed and trying another scroll.
2026-04-01 18:16:59 | INFO | Results panel looks stuck. Clicking the feed and trying another scroll.
2026-04-01 18:17:57 | INFO | Results panel looks stuck. Clicking the feed and trying another scroll.
2026-04-01 18:18:55 | INFO | Results panel looks stuck. Clicking the feed and trying another scroll.
2026-04-01 18:19:52 | INFO | Results panel looks stuck. Clicking the feed and trying another scroll.
2026-04-01 18:20:50 | INFO | Results panel looks stuck. Clicking the feed and trying another scroll.
2026-04-01 18:21:47 | INFO | Results panel looks stuck. Clicking the feed and trying another scroll.
2026-04-01 18:22:45 | INFO | Results panel looks stuck. Clicking the feed and trying another scroll.
2026-04-01 18:23:43 | INFO | Results panel looks stuck. Clicking the feed and trying another scroll.
2026-04-01 18:24:40 | INFO | Results panel looks stuck. Clicking the feed and trying another scroll.
2026-04-01 18:25:38 | INFO | Results panel looks stuck. Clicking the feed and trying another scroll.
2026-04-01 18:26:36 | INFO | Results panel looks stuck. Clicking the feed and trying another scroll.
2026-04-01 18:27:34 | INFO | Results panel looks stuck. Clicking the feed and trying another scroll.
2026-04-01 18:28:31 | INFO | Results panel looks stuck. Clicking the feed and trying another scroll.
2026-04-01 18:29:29 | INFO | Results panel looks stuck. Clicking the feed and trying another scroll.
2026-04-01 18:30:27 | INFO | Results panel looks stuck. Clicking the feed and trying another scroll.
2026-04-01 18:31:25 | INFO | Results panel looks stuck. Clicking the feed and trying another scroll.
2026-04-01 18:32:23 | INFO | Results panel looks stuck. Clicking the feed and trying another scroll.
2026-04-01 18:33:20 | INFO | Results panel looks stuck. Clicking the feed and trying another scroll.
2026-04-01 18:34:18 | INFO | Results panel looks stuck. Clicking the feed and trying another scroll.
2026-04-01 18:35:16 | INFO | Results panel looks stuck. Clicking the feed and trying another scroll.
2026-04-01 18:36:13 | INFO | Results panel looks stuck. Clicking the feed and trying another scroll.
2026-04-01 18:37:11 | INFO | Results panel looks stuck. Clicking the feed and trying another scroll.
2026-04-01 18:38:09 | INFO | Results panel looks stuck. Clicking the feed and trying another scroll.
2026-04-01 18:39:07 | INFO | Results panel looks stuck. Clicking the feed and trying another scroll.
2026-04-01 18:40:04 | INFO | Results panel looks stuck. Clicking the feed and trying another scroll.
2026-04-01 18:41:02 | INFO | Results panel looks stuck. Clicking the feed and trying another scroll.
2026-04-01 18:42:00 | INFO | Results panel looks stuck. Clicking the feed and trying another scroll.
2026-04-01 18:42:57 | INFO | Results panel looks stuck. Clicking the feed and trying another scroll.
2026-04-01 18:43:55 | INFO | Results panel looks stuck. Clicking the feed and trying another scroll.
2026-04-01 18:44:53 | INFO | Results panel looks stuck. Clicking the feed and trying another scroll.
2026-04-01 18:45:50 | INFO | Results panel looks stuck. Clicking the feed and trying another scroll.
2026-04-01 18:46:48 | INFO | Results panel looks stuck. Clicking the feed and trying another scroll.
2026-04-01 18:47:46 | INFO | Results panel looks stuck. Clicking the feed and trying another scroll.
2026-04-01 18:48:44 | INFO | Results panel looks stuck. Clicking the feed and trying another scroll.
2026-04-01 18:49:41 | INFO | Results panel looks stuck. Clicking the feed and trying another scroll.
2026-04-01 18:50:39 | INFO | Results panel looks stuck. Clicking the feed and trying another scroll.
2026-04-01 18:51:37 | INFO | Results panel looks stuck. Clicking the feed and trying another scroll.
2026-04-01 18:52:34 | INFO | Results panel looks stuck. Clicking the feed and trying another scroll.
2026-04-01 18:53:32 | INFO | Results panel looks stuck. Clicking the feed and trying another scroll.
2026-04-01 18:54:30 | INFO | Results panel looks stuck. Clicking the feed and trying another scroll.
2026-04-01 18:55:27 | INFO | Results panel looks stuck. Clicking the feed and trying another scroll.
2026-04-01 18:56:25 | INFO | Results panel looks stuck. Clicking the feed and trying another scroll.
2026-04-01 18:57:23 | INFO | Results panel looks stuck. Clicking the feed and trying another scroll.
2026-04-01 18:58:20 | INFO | Results panel looks stuck. Clicking the feed and trying another scroll.
2026-04-01 18:59:18 | INFO | Results panel looks stuck. Clicking the feed and trying another scroll.
2026-04-01 19:00:16 | INFO | Results panel looks stuck. Clicking the feed and trying another scroll.
2026-04-01 19:01:13 | INFO | Results panel looks stuck. Clicking the feed and trying another scroll.
2026-04-01 19:02:11 | INFO | Results panel looks stuck. Clicking the feed and trying another scroll.
2026-04-01 19:03:09 | INFO | Results panel looks stuck. Clicking the feed and trying another scroll.
2026-04-01 19:04:07 | INFO | Results panel looks stuck. Clicking the feed and trying another scroll.
2026-04-01 19:05:04 | INFO | Results panel looks stuck. Clicking the feed and trying another scroll.
2026-04-01 19:06:02 | INFO | Results panel looks stuck. Clicking the feed and trying another scroll.
2026-04-01 19:07:00 | INFO | Results panel looks stuck. Clicking the feed and trying another scroll.
2026-04-01 19:07:58 | INFO | Results panel looks stuck. Clicking the feed and trying another scroll.
2026-04-01 19:08:56 | INFO | Results panel looks stuck. Clicking the feed and trying another scroll.
2026-04-01 19:09:53 | INFO | Results panel looks stuck. Clicking the feed and trying another scroll.
2026-04-01 19:10:51 | INFO | Results panel looks stuck. Clicking the feed and trying another scroll.
2026-04-01 19:11:49 | INFO | Results panel looks stuck. Clicking the feed and trying another scroll.
2026-04-01 19:12:46 | INFO | Results panel looks stuck. Clicking the feed and trying another scroll.
2026-04-01 19:13:44 | INFO | Results panel looks stuck. Clicking the feed and trying another scroll.
2026-04-01 19:14:42 | INFO | Results panel looks stuck. Clicking the feed and trying another scroll.
2026-04-01 19:15:39 | INFO | Results panel looks stuck. Clicking the feed and trying another scroll.
2026-04-01 19:16:37 | INFO | Results panel looks stuck. Clicking the feed and trying another scroll.
2026-04-01 19:17:35 | INFO | Results panel looks stuck. Clicking the feed and trying another scroll.
2026-04-01 19:18:32 | INFO | Results panel looks stuck. Clicking the feed and trying another scroll.
2026-04-01 19:19:30 | INFO | Results panel looks stuck. Clicking the feed and trying another scroll.
2026-04-01 19:20:27 | INFO | Results panel looks stuck. Clicking the feed and trying another scroll.
2026-04-01 19:21:25 | INFO | Results panel looks stuck. Clicking the feed and trying another scroll.
2026-04-01 19:22:23 | INFO | Results panel looks stuck. Clicking the feed and trying another scroll.
2026-04-01 19:23:20 | INFO | Results panel looks stuck. Clicking the feed and trying another scroll.
2026-04-01 19:24:18 | INFO | Results panel looks stuck. Clicking the feed and trying another scroll.
2026-04-01 19:25:16 | INFO | Results panel looks stuck. Clicking the feed and trying another scroll.
2026-04-01 19:26:13 | INFO | Results panel looks stuck. Clicking the feed and trying another scroll.
2026-04-01 19:27:11 | INFO | Results panel looks stuck. Clicking the feed and trying another scroll.
2026-04-01 19:28:09 | INFO | Results panel looks stuck. Clicking the feed and trying another scroll.
2026-04-01 19:29:07 | INFO | Results panel looks stuck. Clicking the feed and trying another scroll.
2026-04-01 19:30:05 | INFO | Results panel looks stuck. Clicking the feed and trying another scroll.
2026-04-01 19:31:02 | INFO | Results panel looks stuck. Clicking the feed and trying another scroll.
2026-04-01 19:32:00 | INFO | Results panel looks stuck. Clicking the feed and trying another scroll.
2026-04-01 19:32:58 | INFO | Results panel looks stuck. Clicking the feed and trying another scroll.
2026-04-01 19:33:56 | INFO | Results panel looks stuck. Clicking the feed and trying another scroll.
2026-04-01 19:34:53 | INFO | Results panel looks stuck. Clicking the feed and trying another scroll.
2026-04-01 19:35:51 | INFO | Results panel looks stuck. Clicking the feed and trying another scroll.
2026-04-01 19:36:49 | INFO | Results panel looks stuck. Clicking the feed and trying another scroll.
2026-04-01 19:37:46 | INFO | Results panel looks stuck. Clicking the feed and trying another scroll.
2026-04-01 19:38:44 | INFO | Results panel looks stuck. Clicking the feed and trying another scroll.
2026-04-01 19:39:41 | INFO | Results panel looks stuck. Clicking the feed and trying another scroll.
2026-04-01 19:40:39 | INFO | Results panel looks stuck. Clicking the feed and trying another scroll.
2026-04-01 19:41:37 | INFO | Results panel looks stuck. Clicking the feed and trying another scroll.
2026-04-01 19:42:34 | INFO | Results panel looks stuck. Clicking the feed and trying another scroll.
2026-04-01 19:43:32 | INFO | Results panel looks stuck. Clicking the feed and trying another scroll.
2026-04-01 19:44:30 | INFO | Results panel looks stuck. Clicking the feed and trying another scroll.
2026-04-01 19:45:28 | INFO | Results panel looks stuck. Clicking the feed and trying another scroll.
2026-04-01 19:46:26 | INFO | Results panel looks stuck. Clicking the feed and trying another scroll.
2026-04-01 19:47:23 | INFO | Results panel looks stuck. Clicking the feed and trying another scroll.
2026-04-01 19:48:21 | INFO | Results panel looks stuck. Clicking the feed and trying another scroll.
2026-04-01 19:49:19 | INFO | Results panel looks stuck. Clicking the feed and trying another scroll.
2026-04-01 19:50:17 | INFO | Results panel looks stuck. Clicking the feed and trying another scroll.
2026-04-01 19:51:14 | INFO | Results panel looks stuck. Clicking the feed and trying another scroll.
2026-04-01 19:52:12 | INFO | Results panel looks stuck. Clicking the feed and trying another scroll.
2026-04-01 19:53:10 | INFO | Results panel looks stuck. Clicking the feed and trying another scroll.
2026-04-01 19:54:08 | INFO | Results panel looks stuck. Clicking the feed and trying another scroll.
2026-04-01 19:55:06 | INFO | Results panel looks stuck. Clicking the feed and trying another scroll.
2026-04-01 19:56:04 | INFO | Results panel looks stuck. Clicking the feed and trying another scroll.
2026-04-01 19:57:01 | INFO | Results panel looks stuck. Clicking the feed and trying another scroll.
2026-04-01 19:57:59 | INFO | Results panel looks stuck. Clicking the feed and trying another scroll.
2026-04-01 19:58:57 | INFO | Results panel looks stuck. Clicking the feed and trying another scroll.
2026-04-01 19:59:54 | INFO | Results panel looks stuck. Clicking the feed and trying another scroll.
2026-04-01 20:00:52 | INFO | Results panel looks stuck. Clicking the feed and trying another scroll.
2026-04-01 20:01:50 | INFO | Results panel looks stuck. Clicking the feed and trying another scroll.
2026-04-01 20:02:48 | INFO | Results panel looks stuck. Clicking the feed and trying another scroll.
2026-04-01 20:03:46 | INFO | Results panel looks stuck. Clicking the feed and trying another scroll.
2026-04-01 20:04:44 | INFO | Results panel looks stuck. Clicking the feed and trying another scroll.
2026-04-01 20:05:41 | INFO | Results panel looks stuck. Clicking the feed and trying another scroll.
2026-04-01 20:06:39 | INFO | Results panel looks stuck. Clicking the feed and trying another scroll.
2026-04-01 20:07:37 | INFO | Results panel looks stuck. Clicking the feed and trying another scroll.
2026-04-01 20:08:34 | INFO | Results panel looks stuck. Clicking the feed and trying another scroll.
2026-04-01 20:09:32 | INFO | Results panel looks stuck. Clicking the feed and trying another scroll.
2026-04-01 20:10:30 | INFO | Results panel looks stuck. Clicking the feed and trying another scroll.
2026-04-01 20:11:27 | INFO | Results panel looks stuck. Clicking the feed and trying another scroll.
2026-04-01 20:12:25 | INFO | Results panel looks stuck. Clicking the feed and trying another scroll.
2026-04-01 20:13:23 | INFO | Results panel looks stuck. Clicking the feed and trying another scroll.
2026-04-01 20:14:20 | INFO | Results panel looks stuck. Clicking the feed and trying another scroll.
2026-04-01 20:15:18 | INFO | Results panel looks stuck. Clicking the feed and trying another scroll.
2026-04-01 20:16:16 | INFO | Results panel looks stuck. Clicking the feed and trying another scroll.
2026-04-01 20:17:13 | INFO | Results panel looks stuck. Clicking the feed and trying another scroll.
2026-04-01 20:18:11 | INFO | Results panel looks stuck. Clicking the feed and trying another scroll.
2026-04-01 20:19:09 | INFO | Results panel looks stuck. Clicking the feed and trying another scroll.
2026-04-01 20:20:08 | INFO | Results panel looks stuck. Clicking the feed and trying another scroll.
2026-04-01 20:21:06 | INFO | Results panel looks stuck. Clicking the feed and trying another scroll.
2026-04-01 20:22:03 | INFO | Results panel looks stuck. Clicking the feed and trying another scroll.
2026-04-01 20:23:01 | INFO | Results panel looks stuck. Clicking the feed and trying another scroll.
2026-04-01 20:23:59 | INFO | Results panel looks stuck. Clicking the feed and trying another scroll.
2026-04-01 20:24:56 | INFO | Results panel looks stuck. Clicking the feed and trying another scroll.
2026-04-01 20:25:54 | INFO | Results panel looks stuck. Clicking the feed and trying another scroll.
2026-04-01 20:26:52 | INFO | Results panel looks stuck. Clicking the feed and trying another scroll.
2026-04-01 20:27:50 | INFO | Results panel looks stuck. Clicking the feed and trying another scroll.
2026-04-01 20:28:48 | INFO | Results panel looks stuck. Clicking the feed and trying another scroll.
2026-04-01 20:29:46 | INFO | Results panel looks stuck. Clicking the feed and trying another scroll.
2026-04-01 20:30:43 | INFO | Results panel looks stuck. Clicking the feed and trying another scroll.
2026-04-01 20:31:41 | INFO | Results panel looks stuck. Clicking the feed and trying another scroll.
2026-04-01 20:32:39 | INFO | Results panel looks stuck. Clicking the feed and trying another scroll.
2026-04-01 20:33:36 | INFO | Results panel looks stuck. Clicking the feed and trying another scroll.
2026-04-01 20:34:34 | INFO | Results panel looks stuck. Clicking the feed and trying another scroll.
2026-04-01 20:35:32 | INFO | Results panel looks stuck. Clicking the feed and trying another scroll.
2026-04-01 20:36:29 | INFO | Results panel looks stuck. Clicking the feed and trying another scroll.
2026-04-01 20:37:27 | INFO | Results panel looks stuck. Clicking the feed and trying another scroll.
2026-04-01 20:38:25 | INFO | Results panel looks stuck. Clicking the feed and trying another scroll.
2026-04-01 20:39:23 | INFO | Results panel looks stuck. Clicking the feed and trying another scroll.
2026-04-01 20:40:20 | INFO | Results panel looks stuck. Clicking the feed and trying another scroll.
2026-04-01 20:41:18 | INFO | Results panel looks stuck. Clicking the feed and trying another scroll.
2026-04-01 20:42:16 | INFO | Results panel looks stuck. Clicking the feed and trying another scroll.
2026-04-01 20:43:14 | INFO | Results panel looks stuck. Clicking the feed and trying another scroll.
2026-04-01 20:44:12 | INFO | Results panel looks stuck. Clicking the feed and trying another scroll.
2026-04-01 20:45:09 | INFO | Results panel looks stuck. Clicking the feed and trying another scroll.
2026-04-01 20:46:07 | INFO | Results panel looks stuck. Clicking the feed and trying another scroll.
2026-04-01 20:47:05 | INFO | Results panel looks stuck. Clicking the feed and trying another scroll.
2026-04-01 20:48:03 | INFO | Results panel looks stuck. Clicking the feed and trying another scroll.
2026-04-01 20:49:00 | INFO | Results panel looks stuck. Clicking the feed and trying another scroll.
2026-04-01 20:49:58 | INFO | Results panel looks stuck. Clicking the feed and trying another scroll.
2026-04-01 20:50:56 | INFO | Results panel looks stuck. Clicking the feed and trying another scroll.
2026-04-01 20:51:54 | INFO | Results panel looks stuck. Clicking the feed and trying another scroll.
2026-04-01 20:52:52 | INFO | Results panel looks stuck. Clicking the feed and trying another scroll.
2026-04-01 20:53:49 | INFO | Results panel looks stuck. Clicking the feed and trying another scroll.
2026-04-01 20:54:47 | INFO | Results panel looks stuck. Clicking the feed and trying another scroll.
2026-04-01 20:55:44 | INFO | Results panel looks stuck. Clicking the feed and trying another scroll.
2026-04-01 20:56:42 | INFO | Results panel looks stuck. Clicking the feed and trying another scroll.
2026-04-01 20:57:40 | INFO | Results panel looks stuck. Clicking the feed and trying another scroll.
2026-04-01 20:58:37 | INFO | Results panel looks stuck. Clicking the feed and trying another scroll.
2026-04-01 20:59:35 | INFO | Results panel looks stuck. Clicking the feed and trying another scroll.
2026-04-01 21:00:33 | INFO | Results panel looks stuck. Clicking the feed and trying another scroll.
2026-04-01 21:01:30 | INFO | Results panel looks stuck. Clicking the feed and trying another scroll.
2026-04-01 21:02:28 | INFO | Results panel looks stuck. Clicking the feed and trying another scroll.
2026-04-01 21:03:26 | INFO | Results panel looks stuck. Clicking the feed and trying another scroll.
2026-04-01 21:04:24 | INFO | Results panel looks stuck. Clicking the feed and trying another scroll.
2026-04-01 21:05:21 | INFO | Results panel looks stuck. Clicking the feed and trying another scroll.
2026-04-01 21:06:19 | INFO | Results panel looks stuck. Clicking the feed and trying another scroll.
2026-04-01 21:07:17 | INFO | Results panel looks stuck. Clicking the feed and trying another scroll.
2026-04-01 21:08:14 | INFO | Results panel looks stuck. Clicking the feed and trying another scroll.
2026-04-01 21:09:12 | INFO | Results panel looks stuck. Clicking the feed and trying another scroll.
2026-04-01 21:10:09 | INFO | Results panel looks stuck. Clicking the feed and trying another scroll.
2026-04-01 21:11:07 | INFO | Results panel looks stuck. Clicking the feed and trying another scroll.
2026-04-01 21:12:05 | INFO | Results panel looks stuck. Clicking the feed and trying another scroll.
2026-04-01 21:13:03 | INFO | Results panel looks stuck. Clicking the feed and trying another scroll.
2026-04-01 21:14:00 | INFO | Results panel looks stuck. Clicking the feed and trying another scroll.
2026-04-01 21:14:58 | INFO | Results panel looks stuck. Clicking the feed and trying another scroll.
2026-04-01 21:15:56 | INFO | Results panel looks stuck. Clicking the feed and trying another scroll.
2026-04-01 21:16:53 | INFO | Results panel looks stuck. Clicking the feed and trying another scroll.
2026-04-01 21:17:51 | INFO | Results panel looks stuck. Clicking the feed and trying another scroll.
2026-04-01 21:18:49 | INFO | Results panel looks stuck. Clicking the feed and trying another scroll.
2026-04-01 21:19:47 | INFO | Results panel looks stuck. Clicking the feed and trying another scroll.
2026-04-01 21:20:44 | INFO | Results panel looks stuck. Clicking the feed and trying another scroll.
2026-04-01 21:21:42 | INFO | Results panel looks stuck. Clicking the feed and trying another scroll.
2026-04-01 21:22:40 | INFO | Results panel looks stuck. Clicking the feed and trying another scroll.
2026-04-01 21:23:37 | INFO | Results panel looks stuck. Clicking the feed and trying another scroll.
2026-04-01 21:24:35 | INFO | Results panel looks stuck. Clicking the feed and trying another scroll.
2026-04-01 21:25:33 | INFO | Results panel looks stuck. Clicking the feed and trying another scroll.
2026-04-01 21:26:30 | INFO | Results panel looks stuck. Clicking the feed and trying another scroll.
2026-04-01 21:27:28 | INFO | Results panel looks stuck. Clicking the feed and trying another scroll.
2026-04-01 21:28:26 | INFO | Results panel looks stuck. Clicking the feed and trying another scroll.
2026-04-01 21:29:23 | INFO | Results panel looks stuck. Clicking the feed and trying another scroll.
2026-04-01 21:30:21 | INFO | Results panel looks stuck. Clicking the feed and trying another scroll.
2026-04-01 21:31:19 | INFO | Results panel looks stuck. Clicking the feed and trying another scroll.
2026-04-01 21:32:17 | INFO | Results panel looks stuck. Clicking the feed and trying another scroll.
2026-04-01 21:33:14 | INFO | Results panel looks stuck. Clicking the feed and trying another scroll.
2026-04-01 21:34:12 | INFO | Results panel looks stuck. Clicking the feed and trying another scroll.
2026-04-01 21:35:10 | INFO | Results panel looks stuck. Clicking the feed and trying another scroll.
2026-04-01 21:36:07 | INFO | Results panel looks stuck. Clicking the feed and trying another scroll.
2026-04-01 21:37:05 | INFO | Results panel looks stuck. Clicking the feed and trying another scroll.
2026-04-01 21:38:03 | INFO | Results panel looks stuck. Clicking the feed and trying another scroll.
2026-04-01 21:39:00 | INFO | Results panel looks stuck. Clicking the feed and trying another scroll.
2026-04-01 21:39:58 | INFO | Results panel looks stuck. Clicking the feed and trying another scroll.
2026-04-01 21:40:56 | INFO | Results panel looks stuck. Clicking the feed and trying another scroll.
2026-04-01 21:41:53 | INFO | Results panel looks stuck. Clicking the feed and trying another scroll.
2026-04-01 21:42:51 | INFO | Results panel looks stuck. Clicking the feed and trying another scroll.
2026-04-01 21:43:49 | INFO | Results panel looks stuck. Clicking the feed and trying another scroll.
2026-04-01 21:44:47 | INFO | Results panel looks stuck. Clicking the feed and trying another scroll.
2026-04-01 21:45:45 | INFO | Results panel looks stuck. Clicking the feed and trying another scroll.
2026-04-01 21:46:43 | INFO | Results panel looks stuck. Clicking the feed and trying another scroll.
2026-04-01 21:47:41 | INFO | Results panel looks stuck. Clicking the feed and trying another scroll.
2026-04-01 21:48:38 | INFO | Results panel looks stuck. Clicking the feed and trying another scroll.
2026-04-01 21:49:36 | INFO | Results panel looks stuck. Clicking the feed and trying another scroll.
2026-04-01 21:50:34 | INFO | Results panel looks stuck. Clicking the feed and trying another scroll.
2026-04-01 21:51:31 | INFO | Results panel looks stuck. Clicking the feed and trying another scroll.
2026-04-01 21:52:29 | INFO | Results panel looks stuck. Clicking the feed and trying another scroll.
2026-04-01 21:53:26 | INFO | Results panel looks stuck. Clicking the feed and trying another scroll.
2026-04-01 21:54:24 | INFO | Results panel looks stuck. Clicking the feed and trying another scroll.
2026-04-01 21:55:22 | INFO | Results panel looks stuck. Clicking the feed and trying another scroll.
2026-04-01 21:56:19 | INFO | Results panel looks stuck. Clicking the feed and trying another scroll.
2026-04-01 21:57:17 | INFO | Results panel looks stuck. Clicking the feed and trying another scroll.
2026-04-01 21:58:14 | INFO | Results panel looks stuck. Clicking the feed and trying another scroll.
2026-04-01 21:59:12 | INFO | Results panel looks stuck. Clicking the feed and trying another scroll.
2026-04-01 22:00:10 | INFO | Results panel looks stuck. Clicking the feed and trying another scroll.
2026-04-01 22:01:07 | INFO | Results panel looks stuck. Clicking the feed and trying another scroll.
2026-04-01 22:02:05 | INFO | Results panel looks stuck. Clicking the feed and trying another scroll.
2026-04-01 22:03:03 | INFO | Results panel looks stuck. Clicking the feed and trying another scroll.
2026-04-01 22:04:01 | INFO | Results panel looks stuck. Clicking the feed and trying another scroll.
2026-04-01 22:04:59 | INFO | Results panel looks stuck. Clicking the feed and trying another scroll.
2026-04-01 22:05:56 | INFO | Results panel looks stuck. Clicking the feed and trying another scroll.
2026-04-01 22:06:54 | INFO | Results panel looks stuck. Clicking the feed and trying another scroll.
2026-04-01 22:07:52 | INFO | Results panel looks stuck. Clicking the feed and trying another scroll.
2026-04-01 22:08:49 | INFO | Results panel looks stuck. Clicking the feed and trying another scroll.
2026-04-01 22:09:47 | INFO | Results panel looks stuck. Clicking the feed and trying another scroll.
2026-04-01 22:10:45 | INFO | Results panel looks stuck. Clicking the feed and trying another scroll.
2026-04-01 22:11:43 | INFO | Results panel looks stuck. Clicking the feed and trying another scroll.
2026-04-01 22:12:40 | INFO | Results panel looks stuck. Clicking the feed and trying another scroll.
2026-04-01 22:13:38 | INFO | Results panel looks stuck. Clicking the feed and trying another scroll.
2026-04-01 22:14:36 | INFO | Results panel looks stuck. Clicking the feed and trying another scroll.
2026-04-01 22:15:33 | INFO | Results panel looks stuck. Clicking the feed and trying another scroll.
2026-04-01 22:16:31 | INFO | Results panel looks stuck. Clicking the feed and trying another scroll.
2026-04-01 22:17:29 | INFO | Results panel looks stuck. Clicking the feed and trying another scroll.
2026-04-01 22:18:26 | INFO | Results panel looks stuck. Clicking the feed and trying another scroll.
2026-04-01 22:19:24 | INFO | Results panel looks stuck. Clicking the feed and trying another scroll.
2026-04-01 22:20:22 | INFO | Results panel looks stuck. Clicking the feed and trying another scroll.
2026-04-01 22:21:20 | INFO | Results panel looks stuck. Clicking the feed and trying another scroll.
2026-04-01 22:22:17 | INFO | Results panel looks stuck. Clicking the feed and trying another scroll.
2026-04-01 22:23:15 | INFO | Results panel looks stuck. Clicking the feed and trying another scroll.
2026-04-01 22:24:12 | INFO | Results panel looks stuck. Clicking the feed and trying another scroll.
2026-04-01 22:25:10 | INFO | Results panel looks stuck. Clicking the feed and trying another scroll.
2026-04-01 22:26:08 | INFO | Results panel looks stuck. Clicking the feed and trying another scroll.
2026-04-01 22:27:06 | INFO | Results panel looks stuck. Clicking the feed and trying another scroll.
2026-04-01 22:28:03 | INFO | Results panel looks stuck. Clicking the feed and trying another scroll.
2026-04-01 22:29:01 | INFO | Results panel looks stuck. Clicking the feed and trying another scroll.
2026-04-01 22:29:59 | INFO | Results panel looks stuck. Clicking the feed and trying another scroll.
2026-04-01 22:30:57 | INFO | Results panel looks stuck. Clicking the feed and trying another scroll.
2026-04-01 22:31:54 | INFO | Results panel looks stuck. Clicking the feed and trying another scroll.
2026-04-01 22:32:52 | INFO | Results panel looks stuck. Clicking the feed and trying another scroll.
2026-04-01 22:33:49 | INFO | Results panel looks stuck. Clicking the feed and trying another scroll.
2026-04-01 22:34:47 | INFO | Results panel looks stuck. Clicking the feed and trying another scroll.
2026-04-01 22:35:45 | INFO | Results panel looks stuck. Clicking the feed and trying another scroll.
2026-04-01 22:36:43 | INFO | Results panel looks stuck. Clicking the feed and trying another scroll.
2026-04-01 22:37:40 | INFO | Results panel looks stuck. Clicking the feed and trying another scroll.
2026-04-01 22:38:38 | INFO | Results panel looks stuck. Clicking the feed and trying another scroll.
2026-04-01 22:39:36 | INFO | Results panel looks stuck. Clicking the feed and trying another scroll.
2026-04-01 22:40:34 | INFO | Results panel looks stuck. Clicking the feed and trying another scroll.
2026-04-01 22:41:31 | INFO | Results panel looks stuck. Clicking the feed and trying another scroll.
2026-04-01 22:42:29 | INFO | Results panel looks stuck. Clicking the feed and trying another scroll.
2026-04-01 22:43:27 | INFO | Results panel looks stuck. Clicking the feed and trying another scroll.
2026-04-01 22:44:25 | INFO | Results panel looks stuck. Clicking the feed and trying another scroll.
2026-04-01 22:45:22 | INFO | Results panel looks stuck. Clicking the feed and trying another scroll.
2026-04-01 22:46:20 | INFO | Results panel looks stuck. Clicking the feed and trying another scroll.
2026-04-01 22:47:18 | INFO | Results panel looks stuck. Clicking the feed and trying another scroll.
2026-04-01 22:48:16 | INFO | Results panel looks stuck. Clicking the feed and trying another scroll.
2026-04-01 22:49:13 | INFO | Results panel looks stuck. Clicking the feed and trying another scroll.
2026-04-01 22:50:11 | INFO | Results panel looks stuck. Clicking the feed and trying another scroll.
2026-04-01 22:51:09 | INFO | Results panel looks stuck. Clicking the feed and trying another scroll.
2026-04-01 22:52:06 | INFO | Results panel looks stuck. Clicking the feed and trying another scroll.
2026-04-01 22:53:04 | INFO | Results panel looks stuck. Clicking the feed and trying another scroll.
2026-04-01 22:54:01 | INFO | Results panel looks stuck. Clicking the feed and trying another scroll.
2026-04-01 22:54:59 | INFO | Results panel looks stuck. Clicking the feed and trying another scroll.
2026-04-01 22:55:57 | INFO | Results panel looks stuck. Clicking the feed and trying another scroll.
2026-04-01 22:56:54 | INFO | Results panel looks stuck. Clicking the feed and trying another scroll.
2026-04-01 22:57:52 | INFO | Results panel looks stuck. Clicking the feed and trying another scroll.
2026-04-01 22:58:50 | INFO | Results panel looks stuck. Clicking the feed and trying another scroll.
2026-04-01 22:59:48 | INFO | Results panel looks stuck. Clicking the feed and trying another scroll.
2026-04-01 23:00:46 | INFO | Results panel looks stuck. Clicking the feed and trying another scroll.
2026-04-01 23:01:43 | INFO | Results panel looks stuck. Clicking the feed and trying another scroll.
2026-04-01 23:02:41 | INFO | Results panel looks stuck. Clicking the feed and trying another scroll.
2026-04-01 23:03:39 | INFO | Results panel looks stuck. Clicking the feed and trying another scroll.
2026-04-01 23:04:37 | INFO | Results panel looks stuck. Clicking the feed and trying another scroll.
2026-04-01 23:05:34 | INFO | Results panel looks stuck. Clicking the feed and trying another scroll.
2026-04-01 23:06:32 | INFO | Results panel looks stuck. Clicking the feed and trying another scroll.
2026-04-01 23:07:30 | INFO | Results panel looks stuck. Clicking the feed and trying another scroll.
2026-04-01 23:08:27 | INFO | Results panel looks stuck. Clicking the feed and trying another scroll.
2026-04-01 23:09:25 | INFO | Results panel looks stuck. Clicking the feed and trying another scroll.
2026-04-01 23:10:23 | INFO | Results panel looks stuck. Clicking the feed and trying another scroll.
2026-04-01 23:11:20 | INFO | Results panel looks stuck. Clicking the feed and trying another scroll.
2026-04-01 23:12:18 | INFO | Results panel looks stuck. Clicking the feed and trying another scroll.
2026-04-01 23:13:16 | INFO | Results panel looks stuck. Clicking the feed and trying another scroll.
2026-04-01 23:14:13 | INFO | Results panel looks stuck. Clicking the feed and trying another scroll.
2026-04-01 23:15:11 | INFO | Results panel looks stuck. Clicking the feed and trying another scroll.
2026-04-01 23:16:09 | INFO | Results panel looks stuck. Clicking the feed and trying another scroll.
2026-04-01 23:17:07 | INFO | Results panel looks stuck. Clicking the feed and trying another scroll.
2026-04-01 23:18:04 | INFO | Results panel looks stuck. Clicking the feed and trying another scroll.
2026-04-01 23:19:02 | INFO | Results panel looks stuck. Clicking the feed and trying another scroll.
2026-04-01 23:20:00 | INFO | Results panel looks stuck. Clicking the feed and trying another scroll.
2026-04-01 23:20:58 | INFO | Results panel looks stuck. Clicking the feed and trying another scroll.
2026-04-01 23:21:55 | INFO | Results panel looks stuck. Clicking the feed and trying another scroll.
2026-04-01 23:22:53 | INFO | Results panel looks stuck. Clicking the feed and trying another scroll.
2026-04-01 23:23:51 | INFO | Results panel looks stuck. Clicking the feed and trying another scroll.
2026-04-01 23:24:48 | INFO | Results panel looks stuck. Clicking the feed and trying another scroll.
2026-04-01 23:25:46 | INFO | Results panel looks stuck. Clicking the feed and trying another scroll.
2026-04-01 23:26:44 | INFO | Results panel looks stuck. Clicking the feed and trying another scroll.
2026-04-01 23:27:41 | INFO | Results panel looks stuck. Clicking the feed and trying another scroll.
2026-04-01 23:28:39 | INFO | Results panel looks stuck. Clicking the feed and trying another scroll.
2026-04-01 23:29:37 | INFO | Results panel looks stuck. Clicking the feed and trying another scroll.
2026-04-01 23:30:35 | INFO | Results panel looks stuck. Clicking the feed and trying another scroll.
2026-04-01 23:31:32 | INFO | Results panel looks stuck. Clicking the feed and trying another scroll.
2026-04-01 23:32:30 | INFO | Results panel looks stuck. Clicking the feed and trying another scroll.
2026-04-01 23:33:28 | INFO | Results panel looks stuck. Clicking the feed and trying another scroll.
2026-04-01 23:34:26 | INFO | Results panel looks stuck. Clicking the feed and trying another scroll.
2026-04-01 23:35:24 | INFO | Results panel looks stuck. Clicking the feed and trying another scroll.
2026-04-01 23:36:21 | INFO | Results panel looks stuck. Clicking the feed and trying another scroll.
2026-04-01 23:37:19 | INFO | Results panel looks stuck. Clicking the feed and trying another scroll.
2026-04-01 23:38:17 | INFO | Results panel looks stuck. Clicking the feed and trying another scroll.
2026-04-01 23:39:14 | INFO | Results panel looks stuck. Clicking the feed and trying another scroll.
2026-04-01 23:40:12 | INFO | Results panel looks stuck. Clicking the feed and trying another scroll.
2026-04-01 23:41:10 | INFO | Results panel looks stuck. Clicking the feed and trying another scroll.
2026-04-01 23:42:08 | INFO | Results panel looks stuck. Clicking the feed and trying another scroll.
2026-04-01 23:43:05 | INFO | Results panel looks stuck. Clicking the feed and trying another scroll.
2026-04-01 23:44:03 | INFO | Results panel looks stuck. Clicking the feed and trying another scroll.
2026-04-01 23:45:01 | INFO | Results panel looks stuck. Clicking the feed and trying another scroll.
2026-04-01 23:45:59 | INFO | Results panel looks stuck. Clicking the feed and trying another scroll.
2026-04-01 23:46:56 | INFO | Results panel looks stuck. Clicking the feed and trying another scroll.
2026-04-01 23:47:54 | INFO | Results panel looks stuck. Clicking the feed and trying another scroll.
2026-04-01 23:48:52 | INFO | Results panel looks stuck. Clicking the feed and trying another scroll.
2026-04-01 23:49:49 | INFO | Results panel looks stuck. Clicking the feed and trying another scroll.
2026-04-01 23:50:47 | INFO | Results panel looks stuck. Clicking the feed and trying another scroll.
2026-04-01 23:51:45 | INFO | Results panel looks stuck. Clicking the feed and trying another scroll.
2026-04-01 23:52:42 | INFO | Results panel looks stuck. Clicking the feed and trying another scroll.
2026-04-01 23:53:40 | INFO | Results panel looks stuck. Clicking the feed and trying another scroll.
2026-04-01 23:54:38 | INFO | Results panel looks stuck. Clicking the feed and trying another scroll.
2026-04-01 23:55:35 | INFO | Results panel looks stuck. Clicking the feed and trying another scroll.
2026-04-01 23:56:33 | INFO | Results panel looks stuck. Clicking the feed and trying another scroll.
2026-04-01 23:57:31 | INFO | Results panel looks stuck. Clicking the feed and trying another scroll.
2026-04-01 23:58:28 | INFO | Results panel looks stuck. Clicking the feed and trying another scroll.
2026-04-01 23:59:26 | INFO | Results panel looks stuck. Clicking the feed and trying another scroll.
2026-04-02 00:00:24 | INFO | Results panel looks stuck. Clicking the feed and trying another scroll.
2026-04-02 00:01:21 | INFO | Results panel looks stuck. Clicking the feed and trying another scroll.
2026-04-02 00:02:19 | INFO | Results panel looks stuck. Clicking the feed and trying another scroll.
2026-04-02 00:03:17 | INFO | Results panel looks stuck. Clicking the feed and trying another scroll.
2026-04-02 00:04:15 | INFO | Results panel looks stuck. Clicking the feed and trying another scroll.
2026-04-02 00:05:13 | INFO | Results panel looks stuck. Clicking the feed and trying another scroll.
2026-04-02 00:06:11 | INFO | Results panel looks stuck. Clicking the feed and trying another scroll.
2026-04-02 00:07:08 | INFO | Results panel looks stuck. Clicking the feed and trying another scroll.
2026-04-02 00:08:06 | INFO | Results panel looks stuck. Clicking the feed and trying another scroll.
2026-04-02 00:09:04 | INFO | Results panel looks stuck. Clicking the feed and trying another scroll.
2026-04-02 00:10:01 | INFO | Results panel looks stuck. Clicking the feed and trying another scroll.
2026-04-02 00:10:59 | INFO | Results panel looks stuck. Clicking the feed and trying another scroll.
2026-04-02 00:11:57 | INFO | Results panel looks stuck. Clicking the feed and trying another scroll.
2026-04-02 00:12:54 | INFO | Results panel looks stuck. Clicking the feed and trying another scroll.
2026-04-02 00:13:52 | INFO | Results panel looks stuck. Clicking the feed and trying another scroll.
2026-04-02 00:14:49 | INFO | Results panel looks stuck. Clicking the feed and trying another scroll.
2026-04-02 00:15:47 | INFO | Results panel looks stuck. Clicking the feed and trying another scroll.
2026-04-02 00:16:45 | INFO | Results panel looks stuck. Clicking the feed and trying another scroll.
2026-04-02 00:17:42 | INFO | Results panel looks stuck. Clicking the feed and trying another scroll.
2026-04-02 00:18:40 | INFO | Results panel looks stuck. Clicking the feed and trying another scroll.
2026-04-02 00:19:37 | INFO | Results panel looks stuck. Clicking the feed and trying another scroll.
2026-04-02 00:20:35 | INFO | Results panel looks stuck. Clicking the feed and trying another scroll.
2026-04-02 00:21:33 | INFO | Results panel looks stuck. Clicking the feed and trying another scroll.
2026-04-02 00:22:30 | INFO | Results panel looks stuck. Clicking the feed and trying another scroll.
2026-04-02 00:23:28 | INFO | Results panel looks stuck. Clicking the feed and trying another scroll.
2026-04-02 00:24:26 | INFO | Results panel looks stuck. Clicking the feed and trying another scroll.
2026-04-02 00:25:23 | INFO | Results panel looks stuck. Clicking the feed and trying another scroll.
2026-04-02 00:26:21 | INFO | Results panel looks stuck. Clicking the feed and trying another scroll.
2026-04-02 00:27:18 | INFO | Results panel looks stuck. Clicking the feed and trying another scroll.
2026-04-02 00:28:16 | INFO | Results panel looks stuck. Clicking the feed and trying another scroll.
2026-04-02 00:29:13 | INFO | Results panel looks stuck. Clicking the feed and trying another scroll.
2026-04-02 00:30:11 | INFO | Results panel looks stuck. Clicking the feed and trying another scroll.
2026-04-02 00:31:09 | INFO | Results panel looks stuck. Clicking the feed and trying another scroll.
2026-04-02 00:32:06 | INFO | Results panel looks stuck. Clicking the feed and trying another scroll.
2026-04-02 00:33:04 | INFO | Results panel looks stuck. Clicking the feed and trying another scroll.
2026-04-02 00:34:02 | INFO | Results panel looks stuck. Clicking the feed and trying another scroll.
2026-04-02 00:35:00 | INFO | Results panel looks stuck. Clicking the feed and trying another scroll.
2026-04-02 00:35:57 | INFO | Results panel looks stuck. Clicking the feed and trying another scroll.
2026-04-02 00:36:55 | INFO | Results panel looks stuck. Clicking the feed and trying another scroll.
2026-04-02 00:37:53 | INFO | Results panel looks stuck. Clicking the feed and trying another scroll.
2026-04-02 00:38:50 | INFO | Results panel looks stuck. Clicking the feed and trying another scroll.
2026-04-02 00:39:48 | INFO | Results panel looks stuck. Clicking the feed and trying another scroll.
2026-04-02 00:40:45 | INFO | Results panel looks stuck. Clicking the feed and trying another scroll.
2026-04-02 00:41:43 | INFO | Results panel looks stuck. Clicking the feed and trying another scroll.
2026-04-02 00:42:41 | INFO | Results panel looks stuck. Clicking the feed and trying another scroll.
2026-04-02 00:43:38 | INFO | Results panel looks stuck. Clicking the feed and trying another scroll.
2026-04-02 00:44:36 | INFO | Results panel looks stuck. Clicking the feed and trying another scroll.
2026-04-02 00:45:34 | INFO | Results panel looks stuck. Clicking the feed and trying another scroll.
2026-04-02 00:46:31 | INFO | Results panel looks stuck. Clicking the feed and trying another scroll.
2026-04-02 00:47:29 | INFO | Results panel looks stuck. Clicking the feed and trying another scroll.
2026-04-02 00:48:27 | INFO | Results panel looks stuck. Clicking the feed and trying another scroll.
2026-04-02 00:49:24 | INFO | Results panel looks stuck. Clicking the feed and trying another scroll.
2026-04-02 00:50:22 | INFO | Results panel looks stuck. Clicking the feed and trying another scroll.
2026-04-02 00:51:20 | INFO | Results panel looks stuck. Clicking the feed and trying another scroll.
2026-04-02 00:52:17 | INFO | Results panel looks stuck. Clicking the feed and trying another scroll.
2026-04-02 00:53:15 | INFO | Results panel looks stuck. Clicking the feed and trying another scroll.
2026-04-02 00:54:13 | INFO | Results panel looks stuck. Clicking the feed and trying another scroll.
2026-04-02 00:55:11 | INFO | Results panel looks stuck. Clicking the feed and trying another scroll.
2026-04-02 00:56:08 | INFO | Results panel looks stuck. Clicking the feed and trying another scroll.
2026-04-02 00:57:06 | INFO | Results panel looks stuck. Clicking the feed and trying another scroll.
2026-04-02 00:58:04 | INFO | Results panel looks stuck. Clicking the feed and trying another scroll.
2026-04-02 00:59:02 | INFO | Results panel looks stuck. Clicking the feed and trying another scroll.
2026-04-02 00:59:59 | INFO | Results panel looks stuck. Clicking the feed and trying another scroll.
2026-04-02 01:00:57 | INFO | Results panel looks stuck. Clicking the feed and trying another scroll.
2026-04-02 01:01:54 | INFO | Results panel looks stuck. Clicking the feed and trying another scroll.
2026-04-02 01:02:52 | INFO | Results panel looks stuck. Clicking the feed and trying another scroll.
2026-04-02 01:03:50 | INFO | Results panel looks stuck. Clicking the feed and trying another scroll.
2026-04-02 01:04:48 | INFO | Results panel looks stuck. Clicking the feed and trying another scroll.
2026-04-02 01:05:46 | INFO | Results panel looks stuck. Clicking the feed and trying another scroll.
2026-04-02 01:06:44 | INFO | Results panel looks stuck. Clicking the feed and trying another scroll.
2026-04-02 01:07:41 | INFO | Results panel looks stuck. Clicking the feed and trying another scroll.
2026-04-02 01:08:39 | INFO | Results panel looks stuck. Clicking the feed and trying another scroll.
2026-04-02 01:09:37 | INFO | Results panel looks stuck. Clicking the feed and trying another scroll.
2026-04-02 01:10:35 | INFO | Results panel looks stuck. Clicking the feed and trying another scroll.
2026-04-02 01:11:32 | INFO | Results panel looks stuck. Clicking the feed and trying another scroll.
2026-04-02 01:12:30 | INFO | Results panel looks stuck. Clicking the feed and trying another scroll.
2026-04-02 01:13:28 | INFO | Results panel looks stuck. Clicking the feed and trying another scroll.
2026-04-02 01:14:25 | INFO | Results panel looks stuck. Clicking the feed and trying another scroll.
2026-04-02 01:15:23 | INFO | Results panel looks stuck. Clicking the feed and trying another scroll.
2026-04-02 01:16:21 | INFO | Results panel looks stuck. Clicking the feed and trying another scroll.
2026-04-02 01:17:19 | INFO | Results panel looks stuck. Clicking the feed and trying another scroll.
2026-04-02 01:18:16 | INFO | Results panel looks stuck. Clicking the feed and trying another scroll.
2026-04-02 01:19:14 | INFO | Results panel looks stuck. Clicking the feed and trying another scroll.
2026-04-02 01:20:12 | INFO | Results panel looks stuck. Clicking the feed and trying another scroll.
2026-04-02 01:21:10 | INFO | Results panel looks stuck. Clicking the feed and trying another scroll.
2026-04-02 01:22:07 | INFO | Results panel looks stuck. Clicking the feed and trying another scroll.
2026-04-02 01:23:05 | INFO | Results panel looks stuck. Clicking the feed and trying another scroll.
2026-04-02 01:24:02 | INFO | Results panel looks stuck. Clicking the feed and trying another scroll.
2026-04-02 01:25:00 | INFO | Results panel looks stuck. Clicking the feed and trying another scroll.
2026-04-02 01:25:58 | INFO | Results panel looks stuck. Clicking the feed and trying another scroll.
2026-04-02 01:26:56 | INFO | Results panel looks stuck. Clicking the feed and trying another scroll.
2026-04-02 01:27:53 | INFO | Results panel looks stuck. Clicking the feed and trying another scroll.
2026-04-02 01:28:51 | INFO | Results panel looks stuck. Clicking the feed and trying another scroll.
2026-04-02 01:29:48 | INFO | Results panel looks stuck. Clicking the feed and trying another scroll.
2026-04-02 01:30:46 | INFO | Results panel looks stuck. Clicking the feed and trying another scroll.
2026-04-02 01:31:44 | INFO | Results panel looks stuck. Clicking the feed and trying another scroll.
2026-04-02 01:32:42 | INFO | Results panel looks stuck. Clicking the feed and trying another scroll.
2026-04-02 01:33:39 | INFO | Results panel looks stuck. Clicking the feed and trying another scroll.
2026-04-02 01:34:37 | INFO | Results panel looks stuck. Clicking the feed and trying another scroll.
2026-04-02 01:35:35 | INFO | Results panel looks stuck. Clicking the feed and trying another scroll.
2026-04-02 01:36:33 | INFO | Results panel looks stuck. Clicking the feed and trying another scroll.
2026-04-02 01:37:30 | INFO | Results panel looks stuck. Clicking the feed and trying another scroll.
2026-04-02 01:38:28 | INFO | Results panel looks stuck. Clicking the feed and trying another scroll.
2026-04-02 01:39:26 | INFO | Results panel looks stuck. Clicking the feed and trying another scroll.
2026-04-02 01:40:24 | INFO | Results panel looks stuck. Clicking the feed and trying another scroll.
2026-04-02 01:41:21 | INFO | Results panel looks stuck. Clicking the feed and trying another scroll.
2026-04-02 01:42:19 | INFO | Results panel looks stuck. Clicking the feed and trying another scroll.
2026-04-02 01:43:17 | INFO | Results panel looks stuck. Clicking the feed and trying another scroll.
2026-04-02 01:44:15 | INFO | Results panel looks stuck. Clicking the feed and trying another scroll.
2026-04-02 01:45:13 | INFO | Results panel looks stuck. Clicking the feed and trying another scroll.
2026-04-02 01:46:10 | INFO | Results panel looks stuck. Clicking the feed and trying another scroll.
2026-04-02 01:47:08 | INFO | Results panel looks stuck. Clicking the feed and trying another scroll.
2026-04-02 01:48:06 | INFO | Results panel looks stuck. Clicking the feed and trying another scroll.
2026-04-02 01:49:04 | INFO | Results panel looks stuck. Clicking the feed and trying another scroll.
2026-04-02 01:50:02 | INFO | Results panel looks stuck. Clicking the feed and trying another scroll.
2026-04-02 01:51:00 | INFO | Results panel looks stuck. Clicking the feed and trying another scroll.
2026-04-02 01:51:57 | INFO | Results panel looks stuck. Clicking the feed and trying another scroll.
2026-04-02 01:52:55 | INFO | Results panel looks stuck. Clicking the feed and trying another scroll.
2026-04-02 01:53:53 | INFO | Results panel looks stuck. Clicking the feed and trying another scroll.
2026-04-02 01:54:50 | INFO | Results panel looks stuck. Clicking the feed and trying another scroll.
2026-04-02 01:55:48 | INFO | Results panel looks stuck. Clicking the feed and trying another scroll.
2026-04-02 01:56:46 | INFO | Results panel looks stuck. Clicking the feed and trying another scroll.
2026-04-02 01:57:44 | INFO | Results panel looks stuck. Clicking the feed and trying another scroll.
2026-04-02 01:58:42 | INFO | Results panel looks stuck. Clicking the feed and trying another scroll.
2026-04-02 01:59:39 | INFO | Results panel looks stuck. Clicking the feed and trying another scroll.
2026-04-02 02:00:37 | INFO | Results panel looks stuck. Clicking the feed and trying another scroll.
2026-04-02 02:01:35 | INFO | Results panel looks stuck. Clicking the feed and trying another scroll.
2026-04-02 02:02:32 | INFO | Results panel looks stuck. Clicking the feed and trying another scroll.
2026-04-02 02:03:30 | INFO | Results panel looks stuck. Clicking the feed and trying another scroll.
2026-04-02 02:04:28 | INFO | Results panel looks stuck. Clicking the feed and trying another scroll.
2026-04-02 02:05:26 | INFO | Results panel looks stuck. Clicking the feed and trying another scroll.
2026-04-02 02:06:23 | INFO | Results panel looks stuck. Clicking the feed and trying another scroll.
2026-04-02 02:07:21 | INFO | Results panel looks stuck. Clicking the feed and trying another scroll.
2026-04-02 02:08:19 | INFO | Results panel looks stuck. Clicking the feed and trying another scroll.
2026-04-02 02:09:16 | INFO | Results panel looks stuck. Clicking the feed and trying another scroll.
2026-04-02 02:10:14 | INFO | Results panel looks stuck. Clicking the feed and trying another scroll.
2026-04-02 02:11:12 | INFO | Results panel looks stuck. Clicking the feed and trying another scroll.
2026-04-02 02:12:09 | INFO | Results panel looks stuck. Clicking the feed and trying another scroll.
2026-04-02 02:13:07 | INFO | Results panel looks stuck. Clicking the feed and trying another scroll.
2026-04-02 02:14:04 | INFO | Results panel looks stuck. Clicking the feed and trying another scroll.
2026-04-02 02:15:02 | INFO | Results panel looks stuck. Clicking the feed and trying another scroll.
2026-04-02 02:16:00 | INFO | Results panel looks stuck. Clicking the feed and trying another scroll.
2026-04-02 02:16:58 | INFO | Results panel looks stuck. Clicking the feed and trying another scroll.
2026-04-02 02:17:56 | INFO | Results panel looks stuck. Clicking the feed and trying another scroll.
2026-04-02 02:18:53 | INFO | Results panel looks stuck. Clicking the feed and trying another scroll.
2026-04-02 02:19:51 | INFO | Results panel looks stuck. Clicking the feed and trying another scroll.
2026-04-02 02:20:49 | INFO | Results panel looks stuck. Clicking the feed and trying another scroll.
2026-04-02 02:21:47 | INFO | Results panel looks stuck. Clicking the feed and trying another scroll.
2026-04-02 02:22:44 | INFO | Results panel looks stuck. Clicking the feed and trying another scroll.
2026-04-02 02:23:42 | INFO | Results panel looks stuck. Clicking the feed and trying another scroll.
2026-04-02 02:24:40 | INFO | Results panel looks stuck. Clicking the feed and trying another scroll.
2026-04-02 02:25:38 | INFO | Results panel looks stuck. Clicking the feed and trying another scroll.
2026-04-02 02:26:35 | INFO | Results panel looks stuck. Clicking the feed and trying another scroll.
2026-04-02 02:27:33 | INFO | Results panel looks stuck. Clicking the feed and trying another scroll.
2026-04-02 02:28:31 | INFO | Results panel looks stuck. Clicking the feed and trying another scroll.
2026-04-02 02:29:28 | INFO | Results panel looks stuck. Clicking the feed and trying another scroll.
2026-04-02 02:30:26 | INFO | Results panel looks stuck. Clicking the feed and trying another scroll.
2026-04-02 02:31:24 | INFO | Results panel looks stuck. Clicking the feed and trying another scroll.
2026-04-02 02:32:22 | INFO | Results panel looks stuck. Clicking the feed and trying another scroll.
2026-04-02 02:33:19 | INFO | Results panel looks stuck. Clicking the feed and trying another scroll.
2026-04-02 02:34:17 | INFO | Results panel looks stuck. Clicking the feed and trying another scroll.
2026-04-02 02:35:15 | INFO | Results panel looks stuck. Clicking the feed and trying another scroll.
2026-04-02 02:36:12 | INFO | Results panel looks stuck. Clicking the feed and trying another scroll.
2026-04-02 02:37:10 | INFO | Results panel looks stuck. Clicking the feed and trying another scroll.
2026-04-02 02:38:08 | INFO | Results panel looks stuck. Clicking the feed and trying another scroll.
2026-04-02 02:39:05 | INFO | Results panel looks stuck. Clicking the feed and trying another scroll.
2026-04-02 02:40:03 | INFO | Results panel looks stuck. Clicking the feed and trying another scroll.
2026-04-02 02:41:01 | INFO | Results panel looks stuck. Clicking the feed and trying another scroll.
2026-04-02 02:41:59 | INFO | Results panel looks stuck. Clicking the feed and trying another scroll.
2026-04-02 02:42:56 | INFO | Results panel looks stuck. Clicking the feed and trying another scroll.
2026-04-02 02:43:54 | INFO | Results panel looks stuck. Clicking the feed and trying another scroll.
2026-04-02 02:44:52 | INFO | Results panel looks stuck. Clicking the feed and trying another scroll.
2026-04-02 02:45:50 | INFO | Results panel looks stuck. Clicking the feed and trying another scroll.
2026-04-02 02:46:48 | INFO | Results panel looks stuck. Clicking the feed and trying another scroll.
2026-04-02 02:47:45 | INFO | Results panel looks stuck. Clicking the feed and trying another scroll.
2026-04-02 02:48:43 | INFO | Results panel looks stuck. Clicking the feed and trying another scroll.
2026-04-02 02:49:41 | INFO | Results panel looks stuck. Clicking the feed and trying another scroll.
2026-04-02 02:50:39 | INFO | Results panel looks stuck. Clicking the feed and trying another scroll.
2026-04-02 02:51:37 | INFO | Results panel looks stuck. Clicking the feed and trying another scroll.
2026-04-02 02:52:34 | INFO | Results panel looks stuck. Clicking the feed and trying another scroll.
2026-04-02 02:53:32 | INFO | Results panel looks stuck. Clicking the feed and trying another scroll.
2026-04-02 02:54:29 | INFO | Results panel looks stuck. Clicking the feed and trying another scroll.
2026-04-02 02:55:27 | INFO | Results panel looks stuck. Clicking the feed and trying another scroll.
2026-04-02 02:56:25 | INFO | Results panel looks stuck. Clicking the feed and trying another scroll.
2026-04-02 02:57:22 | INFO | Results panel looks stuck. Clicking the feed and trying another scroll.
2026-04-02 02:58:20 | INFO | Results panel looks stuck. Clicking the feed and trying another scroll.
2026-04-02 02:59:18 | INFO | Results panel looks stuck. Clicking the feed and trying another scroll.
2026-04-02 03:00:15 | INFO | Results panel looks stuck. Clicking the feed and trying another scroll.
2026-04-02 03:01:13 | INFO | Results panel looks stuck. Clicking the feed and trying another scroll.
2026-04-02 03:02:11 | INFO | Results panel looks stuck. Clicking the feed and trying another scroll.
2026-04-02 03:03:08 | INFO | Results panel looks stuck. Clicking the feed and trying another scroll.
2026-04-02 03:04:06 | INFO | Results panel looks stuck. Clicking the feed and trying another scroll.
2026-04-02 03:05:04 | INFO | Results panel looks stuck. Clicking the feed and trying another scroll.
2026-04-02 03:06:02 | INFO | Results panel looks stuck. Clicking the feed and trying another scroll.
2026-04-02 03:07:00 | INFO | Results panel looks stuck. Clicking the feed and trying another scroll.
2026-04-02 03:07:57 | INFO | Results panel looks stuck. Clicking the feed and trying another scroll.
2026-04-02 03:08:55 | INFO | Results panel looks stuck. Clicking the feed and trying another scroll.
2026-04-02 03:09:53 | INFO | Results panel looks stuck. Clicking the feed and trying another scroll.
2026-04-02 03:10:50 | INFO | Results panel looks stuck. Clicking the feed and trying another scroll.
2026-04-02 03:11:48 | INFO | Results panel looks stuck. Clicking the feed and trying another scroll.
2026-04-02 03:12:46 | INFO | Results panel looks stuck. Clicking the feed and trying another scroll.
2026-04-02 03:13:44 | INFO | Results panel looks stuck. Clicking the feed and trying another scroll.
2026-04-02 03:14:41 | INFO | Results panel looks stuck. Clicking the feed and trying another scroll.
2026-04-02 03:15:39 | INFO | Results panel looks stuck. Clicking the feed and trying another scroll.
2026-04-02 03:16:37 | INFO | Results panel looks stuck. Clicking the feed and trying another scroll.
2026-04-02 03:17:35 | INFO | Results panel looks stuck. Clicking the feed and trying another scroll.
2026-04-02 03:18:32 | INFO | Results panel looks stuck. Clicking the feed and trying another scroll.
2026-04-02 03:19:30 | INFO | Results panel looks stuck. Clicking the feed and trying another scroll.
2026-04-02 03:20:28 | INFO | Results panel looks stuck. Clicking the feed and trying another scroll.
2026-04-02 03:21:26 | INFO | Results panel looks stuck. Clicking the feed and trying another scroll.
2026-04-02 03:22:24 | INFO | Results panel looks stuck. Clicking the feed and trying another scroll.
2026-04-02 03:23:21 | INFO | Results panel looks stuck. Clicking the feed and trying another scroll.
2026-04-02 03:24:19 | INFO | Results panel looks stuck. Clicking the feed and trying another scroll.
2026-04-02 03:25:17 | INFO | Results panel looks stuck. Clicking the feed and trying another scroll.
2026-04-02 03:26:15 | INFO | Results panel looks stuck. Clicking the feed and trying another scroll.
2026-04-02 03:27:12 | INFO | Results panel looks stuck. Clicking the feed and trying another scroll.
2026-04-02 03:28:10 | INFO | Results panel looks stuck. Clicking the feed and trying another scroll.
2026-04-02 03:29:08 | INFO | Results panel looks stuck. Clicking the feed and trying another scroll.
2026-04-02 03:30:06 | INFO | Results panel looks stuck. Clicking the feed and trying another scroll.
2026-04-02 03:31:03 | INFO | Results panel looks stuck. Clicking the feed and trying another scroll.
2026-04-02 03:32:01 | INFO | Results panel looks stuck. Clicking the feed and trying another scroll.
2026-04-02 03:32:59 | INFO | Results panel looks stuck. Clicking the feed and trying another scroll.
2026-04-02 03:33:57 | INFO | Results panel looks stuck. Clicking the feed and trying another scroll.
2026-04-02 03:34:55 | INFO | Results panel looks stuck. Clicking the feed and trying another scroll.
2026-04-02 03:35:52 | INFO | Results panel looks stuck. Clicking the feed and trying another scroll.
2026-04-02 03:36:50 | INFO | Results panel looks stuck. Clicking the feed and trying another scroll.
2026-04-02 03:37:48 | INFO | Results panel looks stuck. Clicking the feed and trying another scroll.
2026-04-02 03:38:46 | INFO | Results panel looks stuck. Clicking the feed and trying another scroll.
2026-04-02 03:39:44 | INFO | Results panel looks stuck. Clicking the feed and trying another scroll.
2026-04-02 03:40:41 | INFO | Results panel looks stuck. Clicking the feed and trying another scroll.
2026-04-02 03:41:39 | INFO | Results panel looks stuck. Clicking the feed and trying another scroll.
2026-04-02 03:42:37 | INFO | Results panel looks stuck. Clicking the feed and trying another scroll.
2026-04-02 03:43:34 | INFO | Results panel looks stuck. Clicking the feed and trying another scroll.
2026-04-02 03:44:32 | INFO | Results panel looks stuck. Clicking the feed and trying another scroll.
2026-04-02 03:45:30 | INFO | Results panel looks stuck. Clicking the feed and trying another scroll.
2026-04-02 03:46:28 | INFO | Results panel looks stuck. Clicking the feed and trying another scroll.
2026-04-02 03:47:25 | INFO | Results panel looks stuck. Clicking the feed and trying another scroll.
2026-04-02 03:48:23 | INFO | Results panel looks stuck. Clicking the feed and trying another scroll.
2026-04-02 03:49:20 | INFO | Results panel looks stuck. Clicking the feed and trying another scroll.
2026-04-02 03:50:18 | INFO | Results panel looks stuck. Clicking the feed and trying another scroll.
2026-04-02 03:51:16 | INFO | Results panel looks stuck. Clicking the feed and trying another scroll.
2026-04-02 03:52:13 | INFO | Results panel looks stuck. Clicking the feed and trying another scroll.
2026-04-02 03:53:11 | INFO | Results panel looks stuck. Clicking the feed and trying another scroll.
2026-04-02 03:54:09 | INFO | Results panel looks stuck. Clicking the feed and trying another scroll.
2026-04-02 03:55:07 | INFO | Results panel looks stuck. Clicking the feed and trying another scroll.
2026-04-02 03:56:04 | INFO | Results panel looks stuck. Clicking the feed and trying another scroll.
2026-04-02 03:57:02 | INFO | Results panel looks stuck. Clicking the feed and trying another scroll.
2026-04-02 03:57:59 | INFO | Results panel looks stuck. Clicking the feed and trying another scroll.
2026-04-02 03:58:57 | INFO | Results panel looks stuck. Clicking the feed and trying another scroll.
2026-04-02 03:59:55 | INFO | Results panel looks stuck. Clicking the feed and trying another scroll.
2026-04-02 04:00:53 | INFO | Results panel looks stuck. Clicking the feed and trying another scroll.
2026-04-02 04:01:50 | INFO | Results panel looks stuck. Clicking the feed and trying another scroll.
2026-04-02 04:02:48 | INFO | Results panel looks stuck. Clicking the feed and trying another scroll.
2026-04-02 04:03:46 | INFO | Results panel looks stuck. Clicking the feed and trying another scroll.
2026-04-02 04:04:44 | INFO | Results panel looks stuck. Clicking the feed and trying another scroll.
2026-04-02 04:05:41 | INFO | Results panel looks stuck. Clicking the feed and trying another scroll.
2026-04-02 04:06:39 | INFO | Results panel looks stuck. Clicking the feed and trying another scroll.
2026-04-02 04:07:37 | INFO | Results panel looks stuck. Clicking the feed and trying another scroll.
2026-04-02 04:08:34 | INFO | Results panel looks stuck. Clicking the feed and trying another scroll.
2026-04-02 04:09:32 | INFO | Results panel looks stuck. Clicking the feed and trying another scroll.
2026-04-02 04:10:30 | INFO | Results panel looks stuck. Clicking the feed and trying another scroll.
2026-04-02 04:11:27 | INFO | Results panel looks stuck. Clicking the feed and trying another scroll.
2026-04-02 04:12:25 | INFO | Results panel looks stuck. Clicking the feed and trying another scroll.
2026-04-02 04:13:23 | INFO | Results panel looks stuck. Clicking the feed and trying another scroll.
2026-04-02 04:14:20 | INFO | Results panel looks stuck. Clicking the feed and trying another scroll.
2026-04-02 04:15:18 | INFO | Results panel looks stuck. Clicking the feed and trying another scroll.
2026-04-02 04:16:16 | INFO | Results panel looks stuck. Clicking the feed and trying another scroll.
2026-04-02 04:17:14 | INFO | Results panel looks stuck. Clicking the feed and trying another scroll.
2026-04-02 04:18:12 | INFO | Results panel looks stuck. Clicking the feed and trying another scroll.
2026-04-02 04:19:10 | INFO | Results panel looks stuck. Clicking the feed and trying another scroll.
2026-04-02 04:20:07 | INFO | Results panel looks stuck. Clicking the feed and trying another scroll.
2026-04-02 04:21:05 | INFO | Results panel looks stuck. Clicking the feed and trying another scroll.
2026-04-02 04:22:03 | INFO | Results panel looks stuck. Clicking the feed and trying another scroll.
2026-04-02 04:23:00 | INFO | Results panel looks stuck. Clicking the feed and trying another scroll.
2026-04-02 04:23:58 | INFO | Results panel looks stuck. Clicking the feed and trying another scroll.
2026-04-02 04:24:56 | INFO | Results panel looks stuck. Clicking the feed and trying another scroll.
2026-04-02 04:25:53 | INFO | Results panel looks stuck. Clicking the feed and trying another scroll.
2026-04-02 04:26:51 | INFO | Results panel looks stuck. Clicking the feed and trying another scroll.
2026-04-02 04:27:49 | INFO | Results panel looks stuck. Clicking the feed and trying another scroll.
2026-04-02 04:28:47 | INFO | Results panel looks stuck. Clicking the feed and trying another scroll.
2026-04-02 04:29:44 | INFO | Results panel looks stuck. Clicking the feed and trying another scroll.
2026-04-02 04:30:42 | INFO | Results panel looks stuck. Clicking the feed and trying another scroll.
2026-04-02 04:31:40 | INFO | Results panel looks stuck. Clicking the feed and trying another scroll.
2026-04-02 04:32:38 | INFO | Results panel looks stuck. Clicking the feed and trying another scroll.
2026-04-02 04:33:35 | INFO | Results panel looks stuck. Clicking the feed and trying another scroll.
2026-04-02 04:34:33 | INFO | Results panel looks stuck. Clicking the feed and trying another scroll.
2026-04-02 04:35:31 | INFO | Results panel looks stuck. Clicking the feed and trying another scroll.
2026-04-02 04:36:29 | INFO | Results panel looks stuck. Clicking the feed and trying another scroll.
2026-04-02 04:37:26 | INFO | Results panel looks stuck. Clicking the feed and trying another scroll.
2026-04-02 04:38:24 | INFO | Results panel looks stuck. Clicking the feed and trying another scroll.
2026-04-02 04:39:22 | INFO | Results panel looks stuck. Clicking the feed and trying another scroll.
2026-04-02 04:40:20 | INFO | Results panel looks stuck. Clicking the feed and trying another scroll.
2026-04-02 04:41:17 | INFO | Results panel looks stuck. Clicking the feed and trying another scroll.
2026-04-02 04:42:15 | INFO | Results panel looks stuck. Clicking the feed and trying another scroll.
2026-04-02 04:43:13 | INFO | Results panel looks stuck. Clicking the feed and trying another scroll.
2026-04-02 04:44:10 | INFO | Results panel looks stuck. Clicking the feed and trying another scroll.
2026-04-02 04:45:08 | INFO | Results panel looks stuck. Clicking the feed and trying another scroll.
2026-04-02 04:46:06 | INFO | Results panel looks stuck. Clicking the feed and trying another scroll.
2026-04-02 04:47:03 | INFO | Results panel looks stuck. Clicking the feed and trying another scroll.
2026-04-02 04:48:01 | INFO | Results panel looks stuck. Clicking the feed and trying another scroll.
2026-04-02 04:48:59 | INFO | Results panel looks stuck. Clicking the feed and trying another scroll.
2026-04-02 04:49:56 | INFO | Results panel looks stuck. Clicking the feed and trying another scroll.
2026-04-02 04:50:54 | INFO | Results panel looks stuck. Clicking the feed and trying another scroll.
2026-04-02 04:51:52 | INFO | Results panel looks stuck. Clicking the feed and trying another scroll.
2026-04-02 04:52:50 | INFO | Results panel looks stuck. Clicking the feed and trying another scroll.
2026-04-02 04:53:47 | INFO | Results panel looks stuck. Clicking the feed and trying another scroll.
2026-04-02 04:54:45 | INFO | Results panel looks stuck. Clicking the feed and trying another scroll.
2026-04-02 04:55:43 | INFO | Results panel looks stuck. Clicking the feed and trying another scroll.
2026-04-02 04:56:40 | INFO | Results panel looks stuck. Clicking the feed and trying another scroll.
2026-04-02 04:57:38 | INFO | Results panel looks stuck. Clicking the feed and trying another scroll.
2026-04-02 04:58:36 | INFO | Results panel looks stuck. Clicking the feed and trying another scroll.
2026-04-02 04:59:34 | INFO | Results panel looks stuck. Clicking the feed and trying another scroll.
2026-04-02 05:00:32 | INFO | Results panel looks stuck. Clicking the feed and trying another scroll.
2026-04-02 05:01:29 | INFO | Results panel looks stuck. Clicking the feed and trying another scroll.
2026-04-02 05:02:27 | INFO | Results panel looks stuck. Clicking the feed and trying another scroll.
2026-04-02 05:03:25 | INFO | Results panel looks stuck. Clicking the feed and trying another scroll.
2026-04-02 05:04:23 | INFO | Results panel looks stuck. Clicking the feed and trying another scroll.
2026-04-02 05:05:20 | INFO | Results panel looks stuck. Clicking the feed and trying another scroll.
2026-04-02 05:06:18 | INFO | Results panel looks stuck. Clicking the feed and trying another scroll.
2026-04-02 05:07:16 | INFO | Results panel looks stuck. Clicking the feed and trying another scroll.
2026-04-02 05:08:13 | INFO | Results panel looks stuck. Clicking the feed and trying another scroll.
2026-04-02 05:09:11 | INFO | Results panel looks stuck. Clicking the feed and trying another scroll.
2026-04-02 05:10:09 | INFO | Results panel looks stuck. Clicking the feed and trying another scroll.
2026-04-02 05:11:07 | INFO | Results panel looks stuck. Clicking the feed and trying another scroll.
2026-04-02 05:12:04 | INFO | Results panel looks stuck. Clicking the feed and trying another scroll.
2026-04-02 05:13:02 | INFO | Results panel looks stuck. Clicking the feed and trying another scroll.
2026-04-02 05:14:00 | INFO | Results panel looks stuck. Clicking the feed and trying another scroll.
2026-04-02 05:14:58 | INFO | Results panel looks stuck. Clicking the feed and trying another scroll.
2026-04-02 05:15:55 | INFO | Results panel looks stuck. Clicking the feed and trying another scroll.
2026-04-02 05:16:53 | INFO | Results panel looks stuck. Clicking the feed and trying another scroll.
2026-04-02 05:17:51 | INFO | Results panel looks stuck. Clicking the feed and trying another scroll.
2026-04-02 05:18:49 | INFO | Results panel looks stuck. Clicking the feed and trying another scroll.
2026-04-02 05:19:46 | INFO | Results panel looks stuck. Clicking the feed and trying another scroll.
2026-04-02 05:20:44 | INFO | Results panel looks stuck. Clicking the feed and trying another scroll.
2026-04-02 05:21:42 | INFO | Results panel looks stuck. Clicking the feed and trying another scroll.
2026-04-02 05:22:39 | INFO | Results panel looks stuck. Clicking the feed and trying another scroll.
2026-04-02 05:23:37 | INFO | Results panel looks stuck. Clicking the feed and trying another scroll.
2026-04-02 05:24:35 | INFO | Results panel looks stuck. Clicking the feed and trying another scroll.
2026-04-02 05:25:32 | INFO | Results panel looks stuck. Clicking the feed and trying another scroll.
2026-04-02 05:26:30 | INFO | Results panel looks stuck. Clicking the feed and trying another scroll.
2026-04-02 05:27:28 | INFO | Results panel looks stuck. Clicking the feed and trying another scroll.
2026-04-02 05:28:26 | INFO | Results panel looks stuck. Clicking the feed and trying another scroll.
2026-04-02 05:29:23 | INFO | Results panel looks stuck. Clicking the feed and trying another scroll.
2026-04-02 05:30:21 | INFO | Results panel looks stuck. Clicking the feed and trying another scroll.
2026-04-02 05:31:19 | INFO | Results panel looks stuck. Clicking the feed and trying another scroll.
2026-04-02 05:32:17 | INFO | Results panel looks stuck. Clicking the feed and trying another scroll.
2026-04-02 05:33:14 | INFO | Results panel looks stuck. Clicking the feed and trying another scroll.
2026-04-02 05:34:12 | INFO | Results panel looks stuck. Clicking the feed and trying another scroll.
2026-04-02 05:35:10 | INFO | Results panel looks stuck. Clicking the feed and trying another scroll.
2026-04-02 05:36:07 | INFO | Results panel looks stuck. Clicking the feed and trying another scroll.
2026-04-02 05:37:05 | INFO | Results panel looks stuck. Clicking the feed and trying another scroll.
2026-04-02 05:38:03 | INFO | Results panel looks stuck. Clicking the feed and trying another scroll.
2026-04-02 05:39:00 | INFO | Results panel looks stuck. Clicking the feed and trying another scroll.
2026-04-02 05:39:58 | INFO | Results panel looks stuck. Clicking the feed and trying another scroll.
2026-04-02 05:40:56 | INFO | Results panel looks stuck. Clicking the feed and trying another scroll.
2026-04-02 05:41:54 | INFO | Results panel looks stuck. Clicking the feed and trying another scroll.
2026-04-02 05:42:51 | INFO | Results panel looks stuck. Clicking the feed and trying another scroll.
2026-04-02 05:43:49 | INFO | Results panel looks stuck. Clicking the feed and trying another scroll.
2026-04-02 05:44:46 | INFO | Results panel looks stuck. Clicking the feed and trying another scroll.
2026-04-02 05:45:44 | INFO | Results panel looks stuck. Clicking the feed and trying another scroll.
2026-04-02 05:46:42 | INFO | Results panel looks stuck. Clicking the feed and trying another scroll.
2026-04-02 05:47:40 | INFO | Results panel looks stuck. Clicking the feed and trying another scroll.
2026-04-02 05:48:37 | INFO | Results panel looks stuck. Clicking the feed and trying another scroll.
2026-04-02 05:49:35 | INFO | Results panel looks stuck. Clicking the feed and trying another scroll.
2026-04-02 05:50:33 | INFO | Results panel looks stuck. Clicking the feed and trying another scroll.
2026-04-02 05:51:30 | INFO | Results panel looks stuck. Clicking the feed and trying another scroll.
2026-04-02 05:52:28 | INFO | Results panel looks stuck. Clicking the feed and trying another scroll.
2026-04-02 05:53:26 | INFO | Results panel looks stuck. Clicking the feed and trying another scroll.
2026-04-02 05:54:24 | INFO | Results panel looks stuck. Clicking the feed and trying another scroll.
2026-04-02 05:55:21 | INFO | Results panel looks stuck. Clicking the feed and trying another scroll.
2026-04-02 05:56:19 | INFO | Results panel looks stuck. Clicking the feed and trying another scroll.
2026-04-02 05:57:17 | INFO | Results panel looks stuck. Clicking the feed and trying another scroll.
2026-04-02 05:58:14 | INFO | Results panel looks stuck. Clicking the feed and trying another scroll.
2026-04-02 05:59:12 | INFO | Results panel looks stuck. Clicking the feed and trying another scroll.
2026-04-02 06:00:10 | INFO | Results panel looks stuck. Clicking the feed and trying another scroll.
2026-04-02 06:01:07 | INFO | Results panel looks stuck. Clicking the feed and trying another scroll.
2026-04-02 06:02:05 | INFO | Results panel looks stuck. Clicking the feed and trying another scroll.
2026-04-02 06:03:03 | INFO | Results panel looks stuck. Clicking the feed and trying another scroll.
2026-04-02 06:04:01 | INFO | Results panel looks stuck. Clicking the feed and trying another scroll.
2026-04-02 06:04:59 | INFO | Results panel looks stuck. Clicking the feed and trying another scroll.
2026-04-02 06:05:56 | INFO | Results panel looks stuck. Clicking the feed and trying another scroll.
2026-04-02 06:06:54 | INFO | Results panel looks stuck. Clicking the feed and trying another scroll.
2026-04-02 06:07:51 | INFO | Results panel looks stuck. Clicking the feed and trying another scroll.
2026-04-02 06:08:49 | INFO | Results panel looks stuck. Clicking the feed and trying another scroll.
2026-04-02 06:09:47 | INFO | Results panel looks stuck. Clicking the feed and trying another scroll.
2026-04-02 06:10:45 | INFO | Results panel looks stuck. Clicking the feed and trying another scroll.
2026-04-02 06:11:42 | INFO | Results panel looks stuck. Clicking the feed and trying another scroll.
2026-04-02 06:12:40 | INFO | Results panel looks stuck. Clicking the feed and trying another scroll.
2026-04-02 06:13:38 | INFO | Results panel looks stuck. Clicking the feed and trying another scroll.
2026-04-02 06:14:36 | INFO | Results panel looks stuck. Clicking the feed and trying another scroll.
2026-04-02 06:15:33 | INFO | Results panel looks stuck. Clicking the feed and trying another scroll.
2026-04-02 06:16:31 | INFO | Results panel looks stuck. Clicking the feed and trying another scroll.
2026-04-02 06:17:29 | INFO | Results panel looks stuck. Clicking the feed and trying another scroll.
2026-04-02 06:18:27 | INFO | Results panel looks stuck. Clicking the feed and trying another scroll.
2026-04-02 06:19:25 | INFO | Results panel looks stuck. Clicking the feed and trying another scroll.
2026-04-02 06:20:22 | INFO | Results panel looks stuck. Clicking the feed and trying another scroll.
2026-04-02 06:21:20 | INFO | Results panel looks stuck. Clicking the feed and trying another scroll.
2026-04-02 06:22:18 | INFO | Results panel looks stuck. Clicking the feed and trying another scroll.
2026-04-02 06:23:15 | INFO | Results panel looks stuck. Clicking the feed and trying another scroll.
2026-04-02 06:24:13 | INFO | Results panel looks stuck. Clicking the feed and trying another scroll.
2026-04-02 06:25:10 | INFO | Results panel looks stuck. Clicking the feed and trying another scroll.
2026-04-02 06:26:08 | INFO | Results panel looks stuck. Clicking the feed and trying another scroll.
2026-04-02 06:27:06 | INFO | Results panel looks stuck. Clicking the feed and trying another scroll.
2026-04-02 06:28:04 | INFO | Results panel looks stuck. Clicking the feed and trying another scroll.
2026-04-02 06:29:02 | INFO | Results panel looks stuck. Clicking the feed and trying another scroll.
2026-04-02 06:29:59 | INFO | Results panel looks stuck. Clicking the feed and trying another scroll.
2026-04-02 06:30:57 | INFO | Results panel looks stuck. Clicking the feed and trying another scroll.
2026-04-02 06:31:54 | INFO | Results panel looks stuck. Clicking the feed and trying another scroll.
2026-04-02 06:32:52 | INFO | Results panel looks stuck. Clicking the feed and trying another scroll.
2026-04-02 06:33:49 | INFO | Results panel looks stuck. Clicking the feed and trying another scroll.
2026-04-02 06:34:47 | INFO | Results panel looks stuck. Clicking the feed and trying another scroll.
2026-04-02 06:35:45 | INFO | Results panel looks stuck. Clicking the feed and trying another scroll.
2026-04-02 06:36:43 | INFO | Results panel looks stuck. Clicking the feed and trying another scroll.
2026-04-02 06:37:40 | INFO | Results panel looks stuck. Clicking the feed and trying another scroll.
2026-04-02 06:38:38 | INFO | Results panel looks stuck. Clicking the feed and trying another scroll.
2026-04-02 06:39:36 | INFO | Results panel looks stuck. Clicking the feed and trying another scroll.
2026-04-02 06:40:33 | INFO | Results panel looks stuck. Clicking the feed and trying another scroll.
2026-04-02 06:41:31 | INFO | Results panel looks stuck. Clicking the feed and trying another scroll.
2026-04-02 06:42:29 | INFO | Results panel looks stuck. Clicking the feed and trying another scroll.
2026-04-02 06:43:26 | INFO | Results panel looks stuck. Clicking the feed and trying another scroll.
2026-04-02 06:44:24 | INFO | Results panel looks stuck. Clicking the feed and trying another scroll.
2026-04-02 06:45:22 | INFO | Results panel looks stuck. Clicking the feed and trying another scroll.
2026-04-02 06:46:20 | INFO | Results panel looks stuck. Clicking the feed and trying another scroll.
2026-04-02 06:47:18 | INFO | Results panel looks stuck. Clicking the feed and trying another scroll.
2026-04-02 06:48:15 | INFO | Results panel looks stuck. Clicking the feed and trying another scroll.
2026-04-02 06:49:13 | INFO | Results panel looks stuck. Clicking the feed and trying another scroll.
2026-04-02 06:50:11 | INFO | Results panel looks stuck. Clicking the feed and trying another scroll.
2026-04-02 06:51:09 | INFO | Results panel looks stuck. Clicking the feed and trying another scroll.
2026-04-02 06:52:07 | INFO | Results panel looks stuck. Clicking the feed and trying another scroll.
2026-04-02 06:53:04 | INFO | Results panel looks stuck. Clicking the feed and trying another scroll.
2026-04-02 06:54:02 | INFO | Results panel looks stuck. Clicking the feed and trying another scroll.
2026-04-02 06:54:59 | INFO | Results panel looks stuck. Clicking the feed and trying another scroll.
2026-04-02 06:55:57 | INFO | Results panel looks stuck. Clicking the feed and trying another scroll.
2026-04-02 06:56:55 | INFO | Results panel looks stuck. Clicking the feed and trying another scroll.
2026-04-02 06:57:53 | INFO | Results panel looks stuck. Clicking the feed and trying another scroll.
2026-04-02 06:58:50 | INFO | Results panel looks stuck. Clicking the feed and trying another scroll.
2026-04-02 06:59:48 | INFO | Results panel looks stuck. Clicking the feed and trying another scroll.
2026-04-02 07:00:46 | INFO | Results panel looks stuck. Clicking the feed and trying another scroll.
2026-04-02 07:01:43 | INFO | Results panel looks stuck. Clicking the feed and trying another scroll.
2026-04-02 07:02:41 | INFO | Results panel looks stuck. Clicking the feed and trying another scroll.
2026-04-02 07:03:39 | INFO | Results panel looks stuck. Clicking the feed and trying another scroll.
2026-04-02 07:04:37 | INFO | Results panel looks stuck. Clicking the feed and trying another scroll.
2026-04-02 07:05:35 | INFO | Results panel looks stuck. Clicking the feed and trying another scroll.
2026-04-02 07:06:33 | INFO | Results panel looks stuck. Clicking the feed and trying another scroll.
2026-04-02 07:07:30 | INFO | Results panel looks stuck. Clicking the feed and trying another scroll.
2026-04-02 07:08:28 | INFO | Results panel looks stuck. Clicking the feed and trying another scroll.
2026-04-02 07:09:26 | INFO | Results panel looks stuck. Clicking the feed and trying another scroll.
2026-04-02 07:10:24 | INFO | Results panel looks stuck. Clicking the feed and trying another scroll.
2026-04-02 07:11:21 | INFO | Results panel looks stuck. Clicking the feed and trying another scroll.
2026-04-02 07:12:19 | INFO | Results panel looks stuck. Clicking the feed and trying another scroll.
2026-04-02 07:13:17 | INFO | Results panel looks stuck. Clicking the feed and trying another scroll.
2026-04-02 07:14:14 | INFO | Results panel looks stuck. Clicking the feed and trying another scroll.
2026-04-02 07:15:12 | INFO | Results panel looks stuck. Clicking the feed and trying another scroll.
2026-04-02 07:16:10 | INFO | Results panel looks stuck. Clicking the feed and trying another scroll.
2026-04-02 07:17:08 | INFO | Results panel looks stuck. Clicking the feed and trying another scroll.
2026-04-02 07:18:05 | INFO | Results panel looks stuck. Clicking the feed and trying another scroll.
2026-04-02 07:19:03 | INFO | Results panel looks stuck. Clicking the feed and trying another scroll.
2026-04-02 07:20:01 | INFO | Results panel looks stuck. Clicking the feed and trying another scroll.
2026-04-02 07:20:59 | INFO | Results panel looks stuck. Clicking the feed and trying another scroll.
2026-04-02 07:21:57 | INFO | Results panel looks stuck. Clicking the feed and trying another scroll.
2026-04-02 07:22:55 | INFO | Results panel looks stuck. Clicking the feed and trying another scroll.
2026-04-02 07:23:52 | INFO | Results panel looks stuck. Clicking the feed and trying another scroll.
2026-04-02 07:24:50 | INFO | Results panel looks stuck. Clicking the feed and trying another scroll.
2026-04-02 07:25:48 | INFO | Results panel looks stuck. Clicking the feed and trying another scroll.
2026-04-02 07:26:46 | INFO | Results panel looks stuck. Clicking the feed and trying another scroll.
2026-04-02 07:27:43 | INFO | Results panel looks stuck. Clicking the feed and trying another scroll.
2026-04-02 07:28:41 | INFO | Results panel looks stuck. Clicking the feed and trying another scroll.
2026-04-02 07:29:39 | INFO | Results panel looks stuck. Clicking the feed and trying another scroll.
2026-04-02 07:30:37 | INFO | Results panel looks stuck. Clicking the feed and trying another scroll.
2026-04-02 07:31:35 | INFO | Results panel looks stuck. Clicking the feed and trying another scroll.
2026-04-02 07:32:32 | INFO | Results panel looks stuck. Clicking the feed and trying another scroll.
2026-04-02 07:33:30 | INFO | Results panel looks stuck. Clicking the feed and trying another scroll.
2026-04-02 07:34:28 | INFO | Results panel looks stuck. Clicking the feed and trying another scroll.
2026-04-02 07:35:26 | INFO | Results panel looks stuck. Clicking the feed and trying another scroll.
2026-04-02 07:36:23 | INFO | Results panel looks stuck. Clicking the feed and trying another scroll.
2026-04-02 07:37:21 | INFO | Results panel looks stuck. Clicking the feed and trying another scroll.
2026-04-02 07:38:19 | INFO | Results panel looks stuck. Clicking the feed and trying another scroll.
2026-04-02 07:39:16 | INFO | Results panel looks stuck. Clicking the feed and trying another scroll.
2026-04-02 07:40:14 | INFO | Results panel looks stuck. Clicking the feed and trying another scroll.
2026-04-02 07:41:11 | INFO | Results panel looks stuck. Clicking the feed and trying another scroll.
2026-04-02 07:42:09 | INFO | Results panel looks stuck. Clicking the feed and trying another scroll.
2026-04-02 07:43:07 | INFO | Results panel looks stuck. Clicking the feed and trying another scroll.
2026-04-02 07:44:05 | INFO | Results panel looks stuck. Clicking the feed and trying another scroll.
2026-04-02 07:45:02 | INFO | Results panel looks stuck. Clicking the feed and trying another scroll.
2026-04-02 07:46:00 | INFO | Results panel looks stuck. Clicking the feed and trying another scroll.
2026-04-02 07:46:58 | INFO | Results panel looks stuck. Clicking the feed and trying another scroll.
2026-04-02 07:47:55 | INFO | Results panel looks stuck. Clicking the feed and trying another scroll.
2026-04-02 07:48:53 | INFO | Results panel looks stuck. Clicking the feed and trying another scroll.
2026-04-02 07:49:51 | INFO | Results panel looks stuck. Clicking the feed and trying another scroll.
2026-04-02 07:50:48 | INFO | Results panel looks stuck. Clicking the feed and trying another scroll.
2026-04-02 07:51:46 | INFO | Results panel looks stuck. Clicking the feed and trying another scroll.
2026-04-02 07:52:44 | INFO | Results panel looks stuck. Clicking the feed and trying another scroll.
2026-04-02 07:53:41 | INFO | Results panel looks stuck. Clicking the feed and trying another scroll.
2026-04-02 07:54:39 | INFO | Results panel looks stuck. Clicking the feed and trying another scroll.
2026-04-02 07:55:37 | INFO | Results panel looks stuck. Clicking the feed and trying another scroll.
2026-04-02 07:56:35 | INFO | Results panel looks stuck. Clicking the feed and trying another scroll.
2026-04-02 07:57:32 | INFO | Results panel looks stuck. Clicking the feed and trying another scroll.
2026-04-02 07:58:30 | INFO | Results panel looks stuck. Clicking the feed and trying another scroll.
2026-04-02 07:59:28 | INFO | Results panel looks stuck. Clicking the feed and trying another scroll.
2026-04-02 08:00:25 | INFO | Results panel looks stuck. Clicking the feed and trying another scroll.
2026-04-02 08:01:23 | INFO | Results panel looks stuck. Clicking the feed and trying another scroll.
2026-04-02 08:02:21 | INFO | Results panel looks stuck. Clicking the feed and trying another scroll.
2026-04-02 08:03:18 | INFO | Results panel looks stuck. Clicking the feed and trying another scroll.
2026-04-02 08:04:16 | INFO | Results panel looks stuck. Clicking the feed and trying another scroll.
2026-04-02 08:05:14 | INFO | Results panel looks stuck. Clicking the feed and trying another scroll.
2026-04-02 08:06:12 | INFO | Results panel looks stuck. Clicking the feed and trying another scroll.
2026-04-02 08:07:09 | INFO | Results panel looks stuck. Clicking the feed and trying another scroll.
2026-04-02 08:08:07 | INFO | Results panel looks stuck. Clicking the feed and trying another scroll.
2026-04-02 08:09:05 | INFO | Results panel looks stuck. Clicking the feed and trying another scroll.
2026-04-02 08:10:03 | INFO | Results panel looks stuck. Clicking the feed and trying another scroll.
2026-04-02 08:11:00 | INFO | Results panel looks stuck. Clicking the feed and trying another scroll.
2026-04-02 08:11:58 | INFO | Results panel looks stuck. Clicking the feed and trying another scroll.
2026-04-02 08:12:55 | INFO | Results panel looks stuck. Clicking the feed and trying another scroll.
2026-04-02 08:13:53 | INFO | Results panel looks stuck. Clicking the feed and trying another scroll.
2026-04-02 08:14:51 | INFO | Results panel looks stuck. Clicking the feed and trying another scroll.
2026-04-02 08:15:48 | INFO | Results panel looks stuck. Clicking the feed and trying another scroll.
2026-04-02 08:16:46 | INFO | Results panel looks stuck. Clicking the feed and trying another scroll.
2026-04-02 08:17:44 | INFO | Results panel looks stuck. Clicking the feed and trying another scroll.
2026-04-02 08:18:41 | INFO | Results panel looks stuck. Clicking the feed and trying another scroll.
2026-04-02 08:19:39 | INFO | Results panel looks stuck. Clicking the feed and trying another scroll.
2026-04-02 08:20:37 | INFO | Results panel looks stuck. Clicking the feed and trying another scroll.
2026-04-02 08:21:35 | INFO | Results panel looks stuck. Clicking the feed and trying another scroll.
2026-04-02 08:22:32 | INFO | Results panel looks stuck. Clicking the feed and trying another scroll.
2026-04-02 08:23:30 | INFO | Results panel looks stuck. Clicking the feed and trying another scroll.
2026-04-02 08:24:28 | INFO | Results panel looks stuck. Clicking the feed and trying another scroll.
2026-04-02 08:25:25 | INFO | Results panel looks stuck. Clicking the feed and trying another scroll.
2026-04-02 08:26:23 | INFO | Results panel looks stuck. Clicking the feed and trying another scroll.
2026-04-02 08:27:20 | INFO | Results panel looks stuck. Clicking the feed and trying another scroll.
2026-04-02 08:28:18 | INFO | Results panel looks stuck. Clicking the feed and trying another scroll.
2026-04-02 08:29:16 | INFO | Results panel looks stuck. Clicking the feed and trying another scroll.
2026-04-02 08:30:13 | INFO | Results panel looks stuck. Clicking the feed and trying another scroll.
2026-04-02 08:31:11 | INFO | Results panel looks stuck. Clicking the feed and trying another scroll.
2026-04-02 08:32:09 | INFO | Results panel looks stuck. Clicking the feed and trying another scroll.
2026-04-02 08:33:07 | INFO | Results panel looks stuck. Clicking the feed and trying another scroll.
2026-04-02 08:34:04 | INFO | Results panel looks stuck. Clicking the feed and trying another scroll.
2026-04-02 08:35:02 | INFO | Results panel looks stuck. Clicking the feed and trying another scroll.
2026-04-02 08:36:00 | INFO | Results panel looks stuck. Clicking the feed and trying another scroll.
2026-04-02 08:36:57 | INFO | Results panel looks stuck. Clicking the feed and trying another scroll.
2026-04-02 08:37:55 | INFO | Results panel looks stuck. Clicking the feed and trying another scroll.
2026-04-02 08:38:53 | INFO | Results panel looks stuck. Clicking the feed and trying another scroll.
2026-04-02 08:39:51 | INFO | Results panel looks stuck. Clicking the feed and trying another scroll.
2026-04-02 08:40:49 | INFO | Results panel looks stuck. Clicking the feed and trying another scroll.
2026-04-02 08:41:46 | INFO | Results panel looks stuck. Clicking the feed and trying another scroll.
2026-04-02 08:42:44 | INFO | Results panel looks stuck. Clicking the feed and trying another scroll.
2026-04-02 08:43:42 | INFO | Results panel looks stuck. Clicking the feed and trying another scroll.
2026-04-02 08:44:40 | INFO | Results panel looks stuck. Clicking the feed and trying another scroll.
2026-04-02 08:45:38 | INFO | Results panel looks stuck. Clicking the feed and trying another scroll.
2026-04-02 08:46:36 | INFO | Results panel looks stuck. Clicking the feed and trying another scroll.
2026-04-02 08:47:33 | INFO | Results panel looks stuck. Clicking the feed and trying another scroll.
2026-04-02 08:48:31 | INFO | Results panel looks stuck. Clicking the feed and trying another scroll.
2026-04-02 08:49:29 | INFO | Results panel looks stuck. Clicking the feed and trying another scroll.
2026-04-02 08:50:26 | INFO | Results panel looks stuck. Clicking the feed and trying another scroll.
2026-04-02 08:51:24 | INFO | Results panel looks stuck. Clicking the feed and trying another scroll.
2026-04-02 08:52:22 | INFO | Results panel looks stuck. Clicking the feed and trying another scroll.
2026-04-02 08:53:20 | INFO | Results panel looks stuck. Clicking the feed and trying another scroll.
2026-04-02 08:54:17 | INFO | Results panel looks stuck. Clicking the feed and trying another scroll.
2026-04-02 08:55:15 | INFO | Results panel looks stuck. Clicking the feed and trying another scroll.
2026-04-02 08:56:13 | INFO | Results panel looks stuck. Clicking the feed and trying another scroll.
2026-04-02 08:57:11 | INFO | Results panel looks stuck. Clicking the feed and trying another scroll.
2026-04-02 08:58:09 | INFO | Results panel looks stuck. Clicking the feed and trying another scroll.
2026-04-02 08:59:07 | INFO | Results panel looks stuck. Clicking the feed and trying another scroll.
2026-04-02 09:00:05 | INFO | Results panel looks stuck. Clicking the feed and trying another scroll.
2026-04-02 09:01:03 | INFO | Results panel looks stuck. Clicking the feed and trying another scroll.
2026-04-02 09:02:01 | INFO | Results panel looks stuck. Clicking the feed and trying another scroll.
2026-04-02 09:02:59 | INFO | Results panel looks stuck. Clicking the feed and trying another scroll.
2026-04-02 09:03:57 | INFO | Results panel looks stuck. Clicking the feed and trying another scroll.
2026-04-02 09:04:55 | INFO | Results panel looks stuck. Clicking the feed and trying another scroll.
2026-04-02 09:05:53 | INFO | Results panel looks stuck. Clicking the feed and trying another scroll.
2026-04-02 09:06:50 | INFO | Results panel looks stuck. Clicking the feed and trying another scroll.
2026-04-02 09:07:48 | INFO | Results panel looks stuck. Clicking the feed and trying another scroll.
2026-04-02 09:08:46 | INFO | Results panel looks stuck. Clicking the feed and trying another scroll.
2026-04-02 09:09:44 | INFO | Results panel looks stuck. Clicking the feed and trying another scroll.
2026-04-02 09:10:42 | INFO | Results panel looks stuck. Clicking the feed and trying another scroll.
2026-04-02 09:11:40 | INFO | Results panel looks stuck. Clicking the feed and trying another scroll.
2026-04-02 09:12:37 | INFO | Results panel looks stuck. Clicking the feed and trying another scroll.
2026-04-02 09:13:35 | INFO | Results panel looks stuck. Clicking the feed and trying another scroll.
2026-04-02 09:14:33 | INFO | Results panel looks stuck. Clicking the feed and trying another scroll.
2026-04-02 09:15:31 | INFO | Results panel looks stuck. Clicking the feed and trying another scroll.
2026-04-02 09:16:29 | INFO | Results panel looks stuck. Clicking the feed and trying another scroll.
2026-04-02 09:17:26 | INFO | Results panel looks stuck. Clicking the feed and trying another scroll.
2026-04-02 09:18:24 | INFO | Results panel looks stuck. Clicking the feed and trying another scroll.
2026-04-02 09:19:22 | INFO | Results panel looks stuck. Clicking the feed and trying another scroll.
2026-04-02 09:20:20 | INFO | Results panel looks stuck. Clicking the feed and trying another scroll.
2026-04-02 09:21:18 | INFO | Results panel looks stuck. Clicking the feed and trying another scroll.
2026-04-02 09:22:16 | INFO | Results panel looks stuck. Clicking the feed and trying another scroll.
2026-04-02 09:23:13 | INFO | Results panel looks stuck. Clicking the feed and trying another scroll.
2026-04-02 09:24:11 | INFO | Results panel looks stuck. Clicking the feed and trying another scroll.
2026-04-02 09:25:09 | INFO | Results panel looks stuck. Clicking the feed and trying another scroll.
2026-04-02 09:26:07 | INFO | Results panel looks stuck. Clicking the feed and trying another scroll.
2026-04-02 09:27:05 | INFO | Results panel looks stuck. Clicking the feed and trying another scroll.
2026-04-02 09:28:03 | INFO | Results panel looks stuck. Clicking the feed and trying another scroll.
2026-04-02 09:29:00 | INFO | Results panel looks stuck. Clicking the feed and trying another scroll.
2026-04-02 09:29:58 | INFO | Results panel looks stuck. Clicking the feed and trying another scroll.
2026-04-02 09:30:56 | INFO | Results panel looks stuck. Clicking the feed and trying another scroll.
2026-04-02 09:31:54 | INFO | Results panel looks stuck. Clicking the feed and trying another scroll.
2026-04-02 09:32:52 | INFO | Results panel looks stuck. Clicking the feed and trying another scroll.
2026-04-02 09:33:50 | INFO | Results panel looks stuck. Clicking the feed and trying another scroll.
2026-04-02 09:34:48 | INFO | Results panel looks stuck. Clicking the feed and trying another scroll.
2026-04-02 09:35:45 | INFO | Results panel looks stuck. Clicking the feed and trying another scroll.
2026-04-02 09:36:43 | INFO | Results panel looks stuck. Clicking the feed and trying another scroll.
2026-04-02 09:37:41 | INFO | Results panel looks stuck. Clicking the feed and trying another scroll.
2026-04-02 09:38:39 | INFO | Results panel looks stuck. Clicking the feed and trying another scroll.
2026-04-02 09:39:36 | INFO | Results panel looks stuck. Clicking the feed and trying another scroll.
2026-04-02 09:40:34 | INFO | Results panel looks stuck. Clicking the feed and trying another scroll.
2026-04-02 09:41:32 | INFO | Results panel looks stuck. Clicking the feed and trying another scroll.
2026-04-02 09:42:30 | INFO | Results panel looks stuck. Clicking the feed and trying another scroll.
2026-04-02 09:43:28 | INFO | Results panel looks stuck. Clicking the feed and trying another scroll.
2026-04-02 09:44:26 | INFO | Results panel looks stuck. Clicking the feed and trying another scroll.
2026-04-02 09:45:23 | INFO | Results panel looks stuck. Clicking the feed and trying another scroll.
2026-04-02 09:46:21 | INFO | Results panel looks stuck. Clicking the feed and trying another scroll.
2026-04-02 09:47:19 | INFO | Results panel looks stuck. Clicking the feed and trying another scroll.
2026-04-02 09:48:17 | INFO | Results panel looks stuck. Clicking the feed and trying another scroll.
2026-04-02 09:49:15 | INFO | Results panel looks stuck. Clicking the feed and trying another scroll.
2026-04-02 09:50:13 | INFO | Results panel looks stuck. Clicking the feed and trying another scroll.
2026-04-02 09:51:11 | INFO | Results panel looks stuck. Clicking the feed and trying another scroll.
2026-04-02 09:52:09 | INFO | Results panel looks stuck. Clicking the feed and trying another scroll.
2026-04-02 09:53:07 | INFO | Results panel looks stuck. Clicking the feed and trying another scroll.
2026-04-02 09:54:05 | INFO | Results panel looks stuck. Clicking the feed and trying another scroll.
2026-04-02 09:55:03 | INFO | Results panel looks stuck. Clicking the feed and trying another scroll.
2026-04-02 09:56:01 | INFO | Results panel looks stuck. Clicking the feed and trying another scroll.
2026-04-02 09:56:59 | INFO | Results panel looks stuck. Clicking the feed and trying another scroll.
2026-04-02 09:57:56 | INFO | Results panel looks stuck. Clicking the feed and trying another scroll.
2026-04-02 09:58:54 | INFO | Results panel looks stuck. Clicking the feed and trying another scroll.
2026-04-02 09:59:52 | INFO | Results panel looks stuck. Clicking the feed and trying another scroll.
2026-04-02 10:00:50 | INFO | Results panel looks stuck. Clicking the feed and trying another scroll.
2026-04-02 10:01:48 | INFO | Results panel looks stuck. Clicking the feed and trying another scroll.
2026-04-02 10:02:46 | INFO | Results panel looks stuck. Clicking the feed and trying another scroll.
2026-04-02 10:03:44 | INFO | Results panel looks stuck. Clicking the feed and trying another scroll.
2026-04-02 10:04:42 | INFO | Results panel looks stuck. Clicking the feed and trying another scroll.
2026-04-02 10:05:40 | INFO | Results panel looks stuck. Clicking the feed and trying another scroll.
2026-04-02 10:06:38 | INFO | Results panel looks stuck. Clicking the feed and trying another scroll.
2026-04-02 10:07:35 | INFO | Results panel looks stuck. Clicking the feed and trying another scroll.
2026-04-02 10:08:33 | INFO | Results panel looks stuck. Clicking the feed and trying another scroll.
2026-04-02 10:09:31 | INFO | Results panel looks stuck. Clicking the feed and trying another scroll.
2026-04-02 10:10:28 | INFO | Results panel looks stuck. Clicking the feed and trying another scroll.
2026-04-02 10:11:26 | INFO | Results panel looks stuck. Clicking the feed and trying another scroll.
2026-04-02 10:12:24 | INFO | Results panel looks stuck. Clicking the feed and trying another scroll.
2026-04-02 10:13:22 | INFO | Results panel looks stuck. Clicking the feed and trying another scroll.
2026-04-02 10:14:19 | INFO | Results panel looks stuck. Clicking the feed and trying another scroll.
2026-04-02 10:15:17 | INFO | Results panel looks stuck. Clicking the feed and trying another scroll.
2026-04-02 10:16:15 | INFO | Results panel looks stuck. Clicking the feed and trying another scroll.
2026-04-02 10:17:12 | INFO | Results panel looks stuck. Clicking the feed and trying another scroll.
2026-04-02 10:18:10 | INFO | Results panel looks stuck. Clicking the feed and trying another scroll.
2026-04-02 10:19:08 | INFO | Results panel looks stuck. Clicking the feed and trying another scroll.
2026-04-02 10:20:06 | INFO | Results panel looks stuck. Clicking the feed and trying another scroll.
2026-04-02 10:21:04 | INFO | Results panel looks stuck. Clicking the feed and trying another scroll.
2026-04-02 10:22:01 | INFO | Results panel looks stuck. Clicking the feed and trying another scroll.
2026-04-02 10:22:59 | INFO | Results panel looks stuck. Clicking the feed and trying another scroll.
2026-04-02 10:23:57 | INFO | Results panel looks stuck. Clicking the feed and trying another scroll.
2026-04-02 10:24:54 | INFO | Results panel looks stuck. Clicking the feed and trying another scroll.
2026-04-02 10:25:52 | INFO | Results panel looks stuck. Clicking the feed and trying another scroll.
2026-04-02 10:26:50 | INFO | Results panel looks stuck. Clicking the feed and trying another scroll.
2026-04-02 10:27:48 | INFO | Results panel looks stuck. Clicking the feed and trying another scroll.
2026-04-02 10:28:46 | INFO | Results panel looks stuck. Clicking the feed and trying another scroll.
2026-04-02 10:29:43 | INFO | Results panel looks stuck. Clicking the feed and trying another scroll.
2026-04-02 10:30:41 | INFO | Results panel looks stuck. Clicking the feed and trying another scroll.
2026-04-02 10:31:39 | INFO | Results panel looks stuck. Clicking the feed and trying another scroll.
2026-04-02 10:32:36 | INFO | Results panel looks stuck. Clicking the feed and trying another scroll.
2026-04-02 10:33:34 | INFO | Results panel looks stuck. Clicking the feed and trying another scroll.
2026-04-02 10:34:32 | INFO | Results panel looks stuck. Clicking the feed and trying another scroll.
2026-04-02 10:35:29 | INFO | Results panel looks stuck. Clicking the feed and trying another scroll.
2026-04-02 10:36:27 | INFO | Results panel looks stuck. Clicking the feed and trying another scroll.
2026-04-02 10:37:25 | INFO | Results panel looks stuck. Clicking the feed and trying another scroll.
2026-04-02 10:38:23 | INFO | Results panel looks stuck. Clicking the feed and trying another scroll.
2026-04-02 10:39:20 | INFO | Results panel looks stuck. Clicking the feed and trying another scroll.
2026-04-02 10:40:18 | INFO | Results panel looks stuck. Clicking the feed and trying another scroll.
2026-04-02 10:41:16 | INFO | Results panel looks stuck. Clicking the feed and trying another scroll.
2026-04-02 10:42:14 | INFO | Results panel looks stuck. Clicking the feed and trying another scroll.
2026-04-02 10:43:11 | INFO | Results panel looks stuck. Clicking the feed and trying another scroll.
2026-04-02 10:44:09 | INFO | Results panel looks stuck. Clicking the feed and trying another scroll.
2026-04-02 10:45:07 | INFO | Results panel looks stuck. Clicking the feed and trying another scroll.
2026-04-02 10:46:05 | INFO | Results panel looks stuck. Clicking the feed and trying another scroll.
2026-04-02 10:47:02 | INFO | Results panel looks stuck. Clicking the feed and trying another scroll.
2026-04-02 10:48:00 | INFO | Results panel looks stuck. Clicking the feed and trying another scroll.
2026-04-02 10:48:58 | INFO | Results panel looks stuck. Clicking the feed and trying another scroll.
2026-04-02 10:49:56 | INFO | Results panel looks stuck. Clicking the feed and trying another scroll.
2026-04-02 10:50:53 | INFO | Results panel looks stuck. Clicking the feed and trying another scroll.
2026-04-02 10:51:50 | INFO | Results panel looks stuck. Clicking the feed and trying another scroll.
2026-04-02 10:52:48 | INFO | Results panel looks stuck. Clicking the feed and trying another scroll.
2026-04-02 10:53:46 | INFO | Results panel looks stuck. Clicking the feed and trying another scroll.
2026-04-02 10:54:43 | INFO | Results panel looks stuck. Clicking the feed and trying another scroll.
2026-04-02 10:55:41 | INFO | Results panel looks stuck. Clicking the feed and trying another scroll.
2026-04-02 10:56:38 | INFO | Results panel looks stuck. Clicking the feed and trying another scroll.
2026-04-02 10:57:36 | INFO | Results panel looks stuck. Clicking the feed and trying another scroll.
2026-04-02 10:58:34 | INFO | Results panel looks stuck. Clicking the feed and trying another scroll.
2026-04-02 10:59:32 | INFO | Results panel looks stuck. Clicking the feed and trying another scroll.
2026-04-02 11:00:30 | INFO | Results panel looks stuck. Clicking the feed and trying another scroll.
2026-04-02 11:01:27 | INFO | Results panel looks stuck. Clicking the feed and trying another scroll.
2026-04-02 11:02:25 | INFO | Results panel looks stuck. Clicking the feed and trying another scroll.
2026-04-02 11:03:23 | INFO | Results panel looks stuck. Clicking the feed and trying another scroll.
2026-04-02 11:04:21 | INFO | Results panel looks stuck. Clicking the feed and trying another scroll.
2026-04-02 11:05:19 | INFO | Results panel looks stuck. Clicking the feed and trying another scroll.
2026-04-02 11:06:16 | INFO | Results panel looks stuck. Clicking the feed and trying another scroll.
2026-04-02 11:07:14 | INFO | Results panel looks stuck. Clicking the feed and trying another scroll.
2026-04-02 11:08:12 | INFO | Results panel looks stuck. Clicking the feed and trying another scroll.
2026-04-02 11:09:10 | INFO | Results panel looks stuck. Clicking the feed and trying another scroll.
2026-04-02 11:10:07 | INFO | Results panel looks stuck. Clicking the feed and trying another scroll.
2026-04-02 11:11:05 | INFO | Results panel looks stuck. Clicking the feed and trying another scroll.
2026-04-02 11:12:03 | INFO | Results panel looks stuck. Clicking the feed and trying another scroll.
2026-04-02 11:13:01 | INFO | Results panel looks stuck. Clicking the feed and trying another scroll.
2026-04-02 11:13:59 | INFO | Results panel looks stuck. Clicking the feed and trying another scroll.
2026-04-02 11:14:57 | INFO | Results panel looks stuck. Clicking the feed and trying another scroll.
2026-04-02 11:15:54 | INFO | Results panel looks stuck. Clicking the feed and trying another scroll.
2026-04-02 11:16:52 | INFO | Results panel looks stuck. Clicking the feed and trying another scroll.
2026-04-02 11:17:49 | INFO | Results panel looks stuck. Clicking the feed and trying another scroll.
2026-04-02 11:18:47 | INFO | Results panel looks stuck. Clicking the feed and trying another scroll.
2026-04-02 11:19:45 | INFO | Results panel looks stuck. Clicking the feed and trying another scroll.
2026-04-02 11:20:43 | INFO | Results panel looks stuck. Clicking the feed and trying another scroll.
2026-04-02 11:21:41 | INFO | Results panel looks stuck. Clicking the feed and trying another scroll.
2026-04-02 11:22:38 | INFO | Results panel looks stuck. Clicking the feed and trying another scroll.
2026-04-02 11:23:36 | INFO | Results panel looks stuck. Clicking the feed and trying another scroll.
2026-04-02 11:24:34 | INFO | Results panel looks stuck. Clicking the feed and trying another scroll.
2026-04-02 11:25:32 | INFO | Results panel looks stuck. Clicking the feed and trying another scroll.
2026-04-02 11:26:30 | INFO | Results panel looks stuck. Clicking the feed and trying another scroll.
2026-04-02 11:27:28 | INFO | Results panel looks stuck. Clicking the feed and trying another scroll.
2026-04-02 11:28:26 | INFO | Results panel looks stuck. Clicking the feed and trying another scroll.
2026-04-02 11:29:23 | INFO | Results panel looks stuck. Clicking the feed and trying another scroll.
2026-04-02 11:30:21 | INFO | Results panel looks stuck. Clicking the feed and trying another scroll.
2026-04-02 11:31:19 | INFO | Results panel looks stuck. Clicking the feed and trying another scroll.
2026-04-02 11:32:17 | INFO | Results panel looks stuck. Clicking the feed and trying another scroll.
2026-04-02 11:33:14 | INFO | Results panel looks stuck. Clicking the feed and trying another scroll.
2026-04-02 11:34:12 | INFO | Results panel looks stuck. Clicking the feed and trying another scroll.
2026-04-02 11:35:10 | INFO | Results panel looks stuck. Clicking the feed and trying another scroll.
2026-04-02 11:36:08 | INFO | Results panel looks stuck. Clicking the feed and trying another scroll.
2026-04-02 11:37:05 | INFO | Results panel looks stuck. Clicking the feed and trying another scroll.
2026-04-02 11:38:03 | INFO | Results panel looks stuck. Clicking the feed and trying another scroll.
2026-04-02 11:39:01 | INFO | Results panel looks stuck. Clicking the feed and trying another scroll.
2026-04-02 11:39:58 | INFO | Results panel looks stuck. Clicking the feed and trying another scroll.
2026-04-02 11:40:56 | INFO | Results panel looks stuck. Clicking the feed and trying another scroll.
2026-04-02 11:41:54 | INFO | Results panel looks stuck. Clicking the feed and trying another scroll.
2026-04-02 11:42:51 | INFO | Results panel looks stuck. Clicking the feed and trying another scroll.
2026-04-02 11:43:49 | INFO | Results panel looks stuck. Clicking the feed and trying another scroll.
2026-04-02 11:44:47 | INFO | Results panel looks stuck. Clicking the feed and trying another scroll.
2026-04-02 11:45:45 | INFO | Results panel looks stuck. Clicking the feed and trying another scroll.
2026-04-02 11:46:43 | INFO | Results panel looks stuck. Clicking the feed and trying another scroll.
2026-04-02 11:47:41 | INFO | Results panel looks stuck. Clicking the feed and trying another scroll.
2026-04-02 11:48:38 | INFO | Results panel looks stuck. Clicking the feed and trying another scroll.
2026-04-02 11:49:36 | INFO | Results panel looks stuck. Clicking the feed and trying another scroll.
2026-04-02 11:50:34 | INFO | Results panel looks stuck. Clicking the feed and trying another scroll.
2026-04-02 11:51:32 | INFO | Results panel looks stuck. Clicking the feed and trying another scroll.
2026-04-02 11:52:29 | INFO | Results panel looks stuck. Clicking the feed and trying another scroll.
2026-04-02 11:53:28 | INFO | Results panel looks stuck. Clicking the feed and trying another scroll.
2026-04-02 11:54:25 | INFO | Results panel looks stuck. Clicking the feed and trying another scroll.
2026-04-02 11:55:23 | INFO | Results panel looks stuck. Clicking the feed and trying another scroll.
2026-04-02 11:56:20 | INFO | Results panel looks stuck. Clicking the feed and trying another scroll.
2026-04-02 11:57:18 | INFO | Results panel looks stuck. Clicking the feed and trying another scroll.
2026-04-02 11:58:15 | INFO | Results panel looks stuck. Clicking the feed and trying another scroll.
2026-04-02 11:59:13 | INFO | Results panel looks stuck. Clicking the feed and trying another scroll.
2026-04-02 12:00:11 | INFO | Results panel looks stuck. Clicking the feed and trying another scroll.
2026-04-02 12:01:08 | INFO | Results panel looks stuck. Clicking the feed and trying another scroll.
2026-04-02 12:02:06 | INFO | Results panel looks stuck. Clicking the feed and trying another scroll.
2026-04-02 12:03:04 | INFO | Results panel looks stuck. Clicking the feed and trying another scroll.
2026-04-02 12:04:02 | INFO | Results panel looks stuck. Clicking the feed and trying another scroll.
2026-04-02 12:04:59 | INFO | Results panel looks stuck. Clicking the feed and trying another scroll.
2026-04-02 12:05:57 | INFO | Results panel looks stuck. Clicking the feed and trying another scroll.
2026-04-02 12:06:54 | INFO | Results panel looks stuck. Clicking the feed and trying another scroll.
2026-04-02 12:07:52 | INFO | Results panel looks stuck. Clicking the feed and trying another scroll.
2026-04-02 12:08:49 | INFO | Results panel looks stuck. Clicking the feed and trying another scroll.
2026-04-02 12:09:47 | INFO | Results panel looks stuck. Clicking the feed and trying another scroll.
2026-04-02 12:10:45 | INFO | Results panel looks stuck. Clicking the feed and trying another scroll.
2026-04-02 12:11:42 | INFO | Results panel looks stuck. Clicking the feed and trying another scroll.
2026-04-02 12:12:40 | INFO | Results panel looks stuck. Clicking the feed and trying another scroll.
2026-04-02 12:13:38 | INFO | Results panel looks stuck. Clicking the feed and trying another scroll.
2026-04-02 12:14:35 | INFO | Results panel looks stuck. Clicking the feed and trying another scroll.
2026-04-02 12:15:33 | INFO | Results panel looks stuck. Clicking the feed and trying another scroll.
2026-04-02 12:16:30 | INFO | Results panel looks stuck. Clicking the feed and trying another scroll.
2026-04-02 12:17:28 | INFO | Results panel looks stuck. Clicking the feed and trying another scroll.
2026-04-02 12:18:26 | INFO | Results panel looks stuck. Clicking the feed and trying another scroll.
2026-04-02 12:19:23 | INFO | Results panel looks stuck. Clicking the feed and trying another scroll.
2026-04-02 12:20:21 | INFO | Results panel looks stuck. Clicking the feed and trying another scroll.
2026-04-02 12:21:18 | INFO | Results panel looks stuck. Clicking the feed and trying another scroll.
2026-04-02 12:22:16 | INFO | Results panel looks stuck. Clicking the feed and trying another scroll.
2026-04-02 12:23:13 | INFO | Results panel looks stuck. Clicking the feed and trying another scroll.
2026-04-02 12:24:11 | INFO | Results panel looks stuck. Clicking the feed and trying another scroll.
2026-04-02 12:25:09 | INFO | Results panel looks stuck. Clicking the feed and trying another scroll.
2026-04-02 12:26:07 | INFO | Results panel looks stuck. Clicking the feed and trying another scroll.
2026-04-02 12:27:05 | INFO | Results panel looks stuck. Clicking the feed and trying another scroll.
2026-04-02 12:28:03 | INFO | Results panel looks stuck. Clicking the feed and trying another scroll.
2026-04-02 12:29:00 | INFO | Results panel looks stuck. Clicking the feed and trying another scroll.
2026-04-02 12:29:58 | INFO | Results panel looks stuck. Clicking the feed and trying another scroll.
2026-04-02 12:30:56 | INFO | Results panel looks stuck. Clicking the feed and trying another scroll.
2026-04-02 12:31:53 | INFO | Results panel looks stuck. Clicking the feed and trying another scroll.
2026-04-02 12:32:51 | INFO | Results panel looks stuck. Clicking the feed and trying another scroll.
2026-04-02 12:33:49 | INFO | Results panel looks stuck. Clicking the feed and trying another scroll.
2026-04-02 12:34:46 | INFO | Results panel looks stuck. Clicking the feed and trying another scroll.
2026-04-02 12:35:44 | INFO | Results panel looks stuck. Clicking the feed and trying another scroll.
2026-04-02 12:36:42 | INFO | Results panel looks stuck. Clicking the feed and trying another scroll.
2026-04-02 12:37:39 | INFO | Results panel looks stuck. Clicking the feed and trying another scroll.
2026-04-02 12:38:37 | INFO | Results panel looks stuck. Clicking the feed and trying another scroll.
2026-04-02 12:39:35 | INFO | Results panel looks stuck. Clicking the feed and trying another scroll.
2026-04-02 12:40:32 | INFO | Results panel looks stuck. Clicking the feed and trying another scroll.
2026-04-02 12:41:30 | INFO | Results panel looks stuck. Clicking the feed and trying another scroll.
2026-04-02 12:42:27 | INFO | Results panel looks stuck. Clicking the feed and trying another scroll.
2026-04-02 12:43:25 | INFO | Results panel looks stuck. Clicking the feed and trying another scroll.
2026-04-02 12:44:23 | INFO | Results panel looks stuck. Clicking the feed and trying another scroll.
2026-04-02 12:45:21 | INFO | Results panel looks stuck. Clicking the feed and trying another scroll.
2026-04-02 12:46:18 | INFO | Results panel looks stuck. Clicking the feed and trying another scroll.
2026-04-02 12:47:16 | INFO | Results panel looks stuck. Clicking the feed and trying another scroll.
2026-04-02 12:48:13 | INFO | Results panel looks stuck. Clicking the feed and trying another scroll.
2026-04-02 12:49:11 | INFO | Results panel looks stuck. Clicking the feed and trying another scroll.
2026-04-02 12:50:09 | INFO | Results panel looks stuck. Clicking the feed and trying another scroll.
2026-04-02 12:51:07 | INFO | Results panel looks stuck. Clicking the feed and trying another scroll.
2026-04-02 12:52:04 | INFO | Results panel looks stuck. Clicking the feed and trying another scroll.
2026-04-02 12:53:02 | INFO | Results panel looks stuck. Clicking the feed and trying another scroll.
2026-04-02 12:54:00 | INFO | Results panel looks stuck. Clicking the feed and trying another scroll.
2026-04-02 12:54:57 | INFO | Results panel looks stuck. Clicking the feed and trying another scroll.
2026-04-02 12:55:55 | INFO | Results panel looks stuck. Clicking the feed and trying another scroll.
2026-04-02 12:56:52 | INFO | Results panel looks stuck. Clicking the feed and trying another scroll.
2026-04-02 12:57:50 | INFO | Results panel looks stuck. Clicking the feed and trying another scroll.
2026-04-02 12:58:48 | INFO | Results panel looks stuck. Clicking the feed and trying another scroll.
2026-04-02 12:59:46 | INFO | Results panel looks stuck. Clicking the feed and trying another scroll.
2026-04-02 13:00:43 | INFO | Results panel looks stuck. Clicking the feed and trying another scroll.
2026-04-02 13:01:41 | INFO | Results panel looks stuck. Clicking the feed and trying another scroll.
2026-04-02 13:02:39 | INFO | Results panel looks stuck. Clicking the feed and trying another scroll.
2026-04-02 13:03:37 | INFO | Results panel looks stuck. Clicking the feed and trying another scroll.
2026-04-02 13:04:35 | INFO | Results panel looks stuck. Clicking the feed and trying another scroll.
2026-04-02 13:05:32 | INFO | Results panel looks stuck. Clicking the feed and trying another scroll.
2026-04-02 13:06:30 | INFO | Results panel looks stuck. Clicking the feed and trying another scroll.
2026-04-02 13:07:28 | INFO | Results panel looks stuck. Clicking the feed and trying another scroll.
2026-04-02 13:08:26 | INFO | Results panel looks stuck. Clicking the feed and trying another scroll.
2026-04-02 13:09:24 | INFO | Results panel looks stuck. Clicking the feed and trying another scroll.
2026-04-02 13:10:21 | INFO | Results panel looks stuck. Clicking the feed and trying another scroll.
2026-04-02 13:11:19 | INFO | Results panel looks stuck. Clicking the feed and trying another scroll.
2026-04-02 13:12:17 | INFO | Results panel looks stuck. Clicking the feed and trying another scroll.
2026-04-02 13:13:15 | INFO | Results panel looks stuck. Clicking the feed and trying another scroll.
2026-04-02 13:14:13 | INFO | Results panel looks stuck. Clicking the feed and trying another scroll.
2026-04-02 13:15:10 | INFO | Results panel looks stuck. Clicking the feed and trying another scroll.
2026-04-02 13:16:08 | INFO | Results panel looks stuck. Clicking the feed and trying another scroll.
2026-04-02 13:17:06 | INFO | Results panel looks stuck. Clicking the feed and trying another scroll.
2026-04-02 13:18:04 | INFO | Results panel looks stuck. Clicking the feed and trying another scroll.
2026-04-02 13:19:01 | INFO | Results panel looks stuck. Clicking the feed and trying another scroll.
2026-04-02 13:19:59 | INFO | Results panel looks stuck. Clicking the feed and trying another scroll.
2026-04-02 13:20:57 | INFO | Results panel looks stuck. Clicking the feed and trying another scroll.
2026-04-02 13:21:55 | INFO | Results panel looks stuck. Clicking the feed and trying another scroll.
2026-04-02 13:22:52 | INFO | Results panel looks stuck. Clicking the feed and trying another scroll.
2026-04-02 13:23:50 | INFO | Results panel looks stuck. Clicking the feed and trying another scroll.
2026-04-02 13:24:47 | INFO | Results panel looks stuck. Clicking the feed and trying another scroll.
2026-04-02 13:25:45 | INFO | Results panel looks stuck. Clicking the feed and trying another scroll.
2026-04-02 13:26:43 | INFO | Results panel looks stuck. Clicking the feed and trying another scroll.
2026-04-02 13:27:40 | INFO | Results panel looks stuck. Clicking the feed and trying another scroll.
2026-04-02 13:28:38 | INFO | Results panel looks stuck. Clicking the feed and trying another scroll.
2026-04-02 13:29:36 | INFO | Results panel looks stuck. Clicking the feed and trying another scroll.
2026-04-02 13:30:33 | INFO | Results panel looks stuck. Clicking the feed and trying another scroll.
2026-04-02 13:31:31 | INFO | Results panel looks stuck. Clicking the feed and trying another scroll.
2026-04-02 13:32:29 | INFO | Results panel looks stuck. Clicking the feed and trying another scroll.
2026-04-02 13:33:27 | INFO | Results panel looks stuck. Clicking the feed and trying another scroll.
2026-04-02 13:34:24 | INFO | Results panel looks stuck. Clicking the feed and trying another scroll.
2026-04-02 13:35:22 | INFO | Results panel looks stuck. Clicking the feed and trying another scroll.
2026-04-02 13:36:20 | INFO | Results panel looks stuck. Clicking the feed and trying another scroll.
2026-04-02 13:37:18 | INFO | Results panel looks stuck. Clicking the feed and trying another scroll.
2026-04-02 13:38:16 | INFO | Results panel looks stuck. Clicking the feed and trying another scroll.
2026-04-02 13:39:13 | INFO | Results panel looks stuck. Clicking the feed and trying another scroll.
2026-04-02 13:40:11 | INFO | Results panel looks stuck. Clicking the feed and trying another scroll.
2026-04-02 13:41:09 | INFO | Results panel looks stuck. Clicking the feed and trying another scroll.
2026-04-02 13:42:07 | INFO | Results panel looks stuck. Clicking the feed and trying another scroll.
2026-04-02 13:43:04 | INFO | Results panel looks stuck. Clicking the feed and trying another scroll.
2026-04-02 13:44:02 | INFO | Results panel looks stuck. Clicking the feed and trying another scroll.
2026-04-02 13:44:59 | INFO | Results panel looks stuck. Clicking the feed and trying another scroll.
2026-04-02 13:45:57 | INFO | Results panel looks stuck. Clicking the feed and trying another scroll.
2026-04-02 13:46:55 | INFO | Results panel looks stuck. Clicking the feed and trying another scroll.
2026-04-02 13:47:53 | INFO | Results panel looks stuck. Clicking the feed and trying another scroll.
2026-04-02 13:48:50 | INFO | Results panel looks stuck. Clicking the feed and trying another scroll.
2026-04-02 13:49:48 | INFO | Results panel looks stuck. Clicking the feed and trying another scroll.
2026-04-02 13:50:46 | INFO | Results panel looks stuck. Clicking the feed and trying another scroll.
2026-04-02 13:51:44 | INFO | Results panel looks stuck. Clicking the feed and trying another scroll.
2026-04-02 13:52:41 | INFO | Results panel looks stuck. Clicking the feed and trying another scroll.
2026-04-02 13:53:39 | INFO | Results panel looks stuck. Clicking the feed and trying another scroll.
2026-04-02 13:54:37 | INFO | Results panel looks stuck. Clicking the feed and trying another scroll.
2026-04-02 13:55:34 | INFO | Results panel looks stuck. Clicking the feed and trying another scroll.
2026-04-02 13:56:32 | INFO | Results panel looks stuck. Clicking the feed and trying another scroll.
2026-04-02 13:57:30 | INFO | Results panel looks stuck. Clicking the feed and trying another scroll.
2026-04-02 13:58:27 | INFO | Results panel looks stuck. Clicking the feed and trying another scroll.
2026-04-02 13:59:25 | INFO | Results panel looks stuck. Clicking the feed and trying another scroll.
2026-04-02 14:00:23 | INFO | Results panel looks stuck. Clicking the feed and trying another scroll.
2026-04-02 14:01:20 | INFO | Results panel looks stuck. Clicking the feed and trying another scroll.
2026-04-02 14:02:18 | INFO | Results panel looks stuck. Clicking the feed and trying another scroll.
2026-04-02 14:03:16 | INFO | Results panel looks stuck. Clicking the feed and trying another scroll.
2026-04-02 14:04:14 | INFO | Results panel looks stuck. Clicking the feed and trying another scroll.
2026-04-02 14:05:12 | INFO | Results panel looks stuck. Clicking the feed and trying another scroll.
2026-04-02 14:06:09 | INFO | Results panel looks stuck. Clicking the feed and trying another scroll.
2026-04-02 14:07:07 | INFO | Results panel looks stuck. Clicking the feed and trying another scroll.
2026-04-02 14:08:05 | INFO | Results panel looks stuck. Clicking the feed and trying another scroll.
2026-04-02 14:09:04 | INFO | Results panel looks stuck. Clicking the feed and trying another scroll.
2026-04-02 14:10:03 | INFO | Results panel looks stuck. Clicking the feed and trying another scroll.
2026-04-02 14:11:02 | INFO | Results panel looks stuck. Clicking the feed and trying another scroll.
2026-04-02 14:12:01 | INFO | Results panel looks stuck. Clicking the feed and trying another scroll.
2026-04-02 14:12:59 | INFO | Results panel looks stuck. Clicking the feed and trying another scroll.
2026-04-02 14:13:57 | INFO | Results panel looks stuck. Clicking the feed and trying another scroll.
2026-04-02 14:15:17 | INFO | Results panel looks stuck. Clicking the feed and trying another scroll.
2026-04-02 14:16:15 | INFO | Results panel looks stuck. Clicking the feed and trying another scroll.
2026-04-02 14:17:13 | INFO | Results panel looks stuck. Clicking the feed and trying another scroll.
2026-04-02 14:18:12 | INFO | Results panel looks stuck. Clicking the feed and trying another scroll.
2026-04-02 14:19:10 | INFO | Results panel looks stuck. Clicking the feed and trying another scroll.
2026-04-02 14:20:08 | INFO | Results panel looks stuck. Clicking the feed and trying another scroll.
2026-04-02 14:21:07 | INFO | Results panel looks stuck. Clicking the feed and trying another scroll.
2026-04-02 14:22:05 | INFO | Results panel looks stuck. Clicking the feed and trying another scroll.
2026-04-02 14:23:03 | INFO | Results panel looks stuck. Clicking the feed and trying another scroll.
2026-04-02 14:24:01 | INFO | Results panel looks stuck. Clicking the feed and trying another scroll.
2026-04-02 14:25:00 | INFO | Results panel looks stuck. Clicking the feed and trying another scroll.
2026-04-02 14:25:57 | INFO | Results panel looks stuck. Clicking the feed and trying another scroll.
2026-04-02 14:26:55 | INFO | Results panel looks stuck. Clicking the feed and trying another scroll.
2026-04-02 14:27:53 | INFO | Results panel looks stuck. Clicking the feed and trying another scroll.
2026-04-02 14:28:51 | INFO | Results panel looks stuck. Clicking the feed and trying another scroll.
2026-04-02 14:29:50 | INFO | Results panel looks stuck. Clicking the feed and trying another scroll.
2026-04-02 14:30:48 | INFO | Results panel looks stuck. Clicking the feed and trying another scroll.
2026-04-02 14:31:46 | INFO | Results panel looks stuck. Clicking the feed and trying another scroll.
2026-04-02 14:32:44 | INFO | Results panel looks stuck. Clicking the feed and trying another scroll.
2026-04-02 14:33:42 | INFO | Results panel looks stuck. Clicking the feed and trying another scroll.
2026-04-02 14:34:40 | INFO | Results panel looks stuck. Clicking the feed and trying another scroll.
2026-04-02 14:35:39 | INFO | Results panel looks stuck. Clicking the feed and trying another scroll.
2026-04-02 14:36:37 | INFO | Results panel looks stuck. Clicking the feed and trying another scroll.
2026-04-02 14:37:35 | INFO | Results panel looks stuck. Clicking the feed and trying another scroll.
2026-04-02 14:38:33 | INFO | Results panel looks stuck. Clicking the feed and trying another scroll.
2026-04-02 14:39:31 | INFO | Results panel looks stuck. Clicking the feed and trying another scroll.
2026-04-02 14:40:29 | INFO | Results panel looks stuck. Clicking the feed and trying another scroll.
2026-04-02 14:41:27 | INFO | Results panel looks stuck. Clicking the feed and trying another scroll.
2026-04-02 14:42:25 | INFO | Results panel looks stuck. Clicking the feed and trying another scroll.
2026-04-02 14:43:23 | INFO | Results panel looks stuck. Clicking the feed and trying another scroll.
2026-04-02 14:44:21 | INFO | Results panel looks stuck. Clicking the feed and trying another scroll.
2026-04-02 14:45:19 | INFO | Results panel looks stuck. Clicking the feed and trying another scroll.
2026-04-02 14:46:17 | INFO | Results panel looks stuck. Clicking the feed and trying another scroll.
2026-04-02 14:47:15 | INFO | Results panel looks stuck. Clicking the feed and trying another scroll.
2026-04-02 14:48:13 | INFO | Results panel looks stuck. Clicking the feed and trying another scroll.
2026-04-02 14:49:11 | INFO | Results panel looks stuck. Clicking the feed and trying another scroll.
2026-04-02 14:50:10 | INFO | Results panel looks stuck. Clicking the feed and trying another scroll.
2026-04-02 14:51:08 | INFO | Results panel looks stuck. Clicking the feed and trying another scroll.
2026-04-02 14:52:06 | INFO | Results panel looks stuck. Clicking the feed and trying another scroll.
2026-04-02 14:53:04 | INFO | Results panel looks stuck. Clicking the feed and trying another scroll.
2026-04-02 14:54:02 | INFO | Results panel looks stuck. Clicking the feed and trying another scroll.
2026-04-02 14:55:00 | INFO | Results panel looks stuck. Clicking the feed and trying another scroll.
2026-04-02 14:55:58 | INFO | Results panel looks stuck. Clicking the feed and trying another scroll.
2026-04-02 14:56:56 | INFO | Results panel looks stuck. Clicking the feed and trying another scroll.
2026-04-02 14:57:54 | INFO | Results panel looks stuck. Clicking the feed and trying another scroll.
2026-04-02 14:58:52 | INFO | Results panel looks stuck. Clicking the feed and trying another scroll.
2026-04-02 14:59:50 | INFO | Results panel looks stuck. Clicking the feed and trying another scroll.
2026-04-02 15:00:48 | INFO | Results panel looks stuck. Clicking the feed and trying another scroll.
2026-04-02 15:01:46 | INFO | Results panel looks stuck. Clicking the feed and trying another scroll.
2026-04-02 15:02:45 | INFO | Results panel looks stuck. Clicking the feed and trying another scroll.
2026-04-02 15:03:43 | INFO | Results panel looks stuck. Clicking the feed and trying another scroll.
2026-04-02 15:04:41 | INFO | Results panel looks stuck. Clicking the feed and trying another scroll.
2026-04-02 15:05:39 | INFO | Results panel looks stuck. Clicking the feed and trying another scroll.
2026-04-02 15:06:37 | INFO | Results panel looks stuck. Clicking the feed and trying another scroll.
2026-04-02 15:07:35 | INFO | Results panel looks stuck. Clicking the feed and trying another scroll.
2026-04-02 15:08:33 | INFO | Results panel looks stuck. Clicking the feed and trying another scroll.
2026-04-02 15:09:31 | INFO | Results panel looks stuck. Clicking the feed and trying another scroll.
2026-04-02 15:10:29 | INFO | Results panel looks stuck. Clicking the feed and trying another scroll.
2026-04-02 15:11:26 | INFO | Results panel looks stuck. Clicking the feed and trying another scroll.
2026-04-02 15:12:24 | INFO | Results panel looks stuck. Clicking the feed and trying another scroll.
2026-04-02 15:13:22 | INFO | Results panel looks stuck. Clicking the feed and trying another scroll.
2026-04-02 15:14:20 | INFO | Results panel looks stuck. Clicking the feed and trying another scroll.
2026-04-02 15:15:17 | INFO | Results panel looks stuck. Clicking the feed and trying another scroll.
2026-04-02 15:16:15 | INFO | Results panel looks stuck. Clicking the feed and trying another scroll.
2026-04-02 15:17:13 | INFO | Results panel looks stuck. Clicking the feed and trying another scroll.
2026-04-02 15:18:11 | INFO | Results panel looks stuck. Clicking the feed and trying another scroll.
2026-04-02 15:19:09 | INFO | Results panel looks stuck. Clicking the feed and trying another scroll.
2026-04-02 15:20:07 | INFO | Results panel looks stuck. Clicking the feed and trying another scroll.
2026-04-02 15:21:05 | INFO | Results panel looks stuck. Clicking the feed and trying another scroll.
2026-04-02 15:22:02 | INFO | Results panel looks stuck. Clicking the feed and trying another scroll.
2026-04-02 15:23:00 | INFO | Results panel looks stuck. Clicking the feed and trying another scroll.
2026-04-02 15:23:57 | INFO | Results panel looks stuck. Clicking the feed and trying another scroll.
2026-04-02 15:24:54 | INFO | Results panel looks stuck. Clicking the feed and trying another scroll.
2026-04-02 15:25:52 | INFO | Results panel looks stuck. Clicking the feed and trying another scroll.
2026-04-02 15:26:50 | INFO | Results panel looks stuck. Clicking the feed and trying another scroll.
2026-04-02 15:27:48 | INFO | Results panel looks stuck. Clicking the feed and trying another scroll.
2026-04-02 15:28:46 | INFO | Results panel looks stuck. Clicking the feed and trying another scroll.
2026-04-02 15:29:44 | INFO | Results panel looks stuck. Clicking the feed and trying another scroll.
2026-04-02 15:30:41 | INFO | Results panel looks stuck. Clicking the feed and trying another scroll.
2026-04-02 15:31:39 | INFO | Results panel looks stuck. Clicking the feed and trying another scroll.
2026-04-02 15:32:36 | INFO | Results panel looks stuck. Clicking the feed and trying another scroll.
2026-04-02 15:33:34 | INFO | Results panel looks stuck. Clicking the feed and trying another scroll.
2026-04-02 15:34:32 | INFO | Results panel looks stuck. Clicking the feed and trying another scroll.
2026-04-02 15:35:30 | INFO | Results panel looks stuck. Clicking the feed and trying another scroll.
2026-04-02 15:36:27 | INFO | Results panel looks stuck. Clicking the feed and trying another scroll.
2026-04-02 15:37:25 | INFO | Results panel looks stuck. Clicking the feed and trying another scroll.
2026-04-02 15:38:23 | INFO | Results panel looks stuck. Clicking the feed and trying another scroll.
2026-04-02 15:39:20 | INFO | Results panel looks stuck. Clicking the feed and trying another scroll.
2026-04-02 15:40:18 | INFO | Results panel looks stuck. Clicking the feed and trying another scroll.
2026-04-02 15:41:15 | INFO | Results panel looks stuck. Clicking the feed and trying another scroll.
2026-04-02 15:42:13 | INFO | Results panel looks stuck. Clicking the feed and trying another scroll.
2026-04-02 15:43:11 | INFO | Results panel looks stuck. Clicking the feed and trying another scroll.
2026-04-02 15:44:08 | INFO | Results panel looks stuck. Clicking the feed and trying another scroll.
2026-04-02 15:45:06 | INFO | Results panel looks stuck. Clicking the feed and trying another scroll.
2026-04-02 15:46:04 | INFO | Results panel looks stuck. Clicking the feed and trying another scroll.
2026-04-02 15:47:01 | INFO | Results panel looks stuck. Clicking the feed and trying another scroll.
2026-04-02 15:47:59 | INFO | Results panel looks stuck. Clicking the feed and trying another scroll.
2026-04-02 15:48:57 | INFO | Results panel looks stuck. Clicking the feed and trying another scroll.
2026-04-02 15:49:54 | INFO | Results panel looks stuck. Clicking the feed and trying another scroll.
2026-04-02 15:50:52 | INFO | Results panel looks stuck. Clicking the feed and trying another scroll.
2026-04-02 15:51:49 | INFO | Results panel looks stuck. Clicking the feed and trying another scroll.
2026-04-02 15:52:47 | INFO | Results panel looks stuck. Clicking the feed and trying another scroll.
2026-04-02 15:53:45 | INFO | Results panel looks stuck. Clicking the feed and trying another scroll.
2026-04-02 15:54:43 | INFO | Results panel looks stuck. Clicking the feed and trying another scroll.
2026-04-02 15:55:40 | INFO | Results panel looks stuck. Clicking the feed and trying another scroll.
2026-04-02 15:56:38 | INFO | Results panel looks stuck. Clicking the feed and trying another scroll.
2026-04-02 15:57:36 | INFO | Results panel looks stuck. Clicking the feed and trying another scroll.
2026-04-02 15:58:34 | INFO | Results panel looks stuck. Clicking the feed and trying another scroll.
2026-04-02 15:59:31 | INFO | Results panel looks stuck. Clicking the feed and trying another scroll.
2026-04-02 16:00:29 | INFO | Results panel looks stuck. Clicking the feed and trying another scroll.
2026-04-02 16:01:27 | INFO | Results panel looks stuck. Clicking the feed and trying another scroll.
2026-04-02 16:02:25 | INFO | Results panel looks stuck. Clicking the feed and trying another scroll.
2026-04-02 16:03:22 | INFO | Results panel looks stuck. Clicking the feed and trying another scroll.
2026-04-02 16:04:20 | INFO | Results panel looks stuck. Clicking the feed and trying another scroll.
2026-04-02 16:05:18 | INFO | Results panel looks stuck. Clicking the feed and trying another scroll.
2026-04-02 16:06:15 | INFO | Results panel looks stuck. Clicking the feed and trying another scroll.
2026-04-02 16:07:13 | INFO | Results panel looks stuck. Clicking the feed and trying another scroll.
2026-04-02 16:08:11 | INFO | Results panel looks stuck. Clicking the feed and trying another scroll.
2026-04-02 16:09:08 | INFO | Results panel looks stuck. Clicking the feed and trying another scroll.
2026-04-02 16:10:06 | INFO | Results panel looks stuck. Clicking the feed and trying another scroll.
2026-04-02 16:11:04 | INFO | Results panel looks stuck. Clicking the feed and trying another scroll.
2026-04-02 16:12:02 | INFO | Results panel looks stuck. Clicking the feed and trying another scroll.
2026-04-02 16:12:59 | INFO | Results panel looks stuck. Clicking the feed and trying another scroll.
2026-04-02 16:13:57 | INFO | Results panel looks stuck. Clicking the feed and trying another scroll.
2026-04-02 16:14:55 | INFO | Results panel looks stuck. Clicking the feed and trying another scroll.
2026-04-02 16:15:53 | INFO | Results panel looks stuck. Clicking the feed and trying another scroll.
2026-04-02 16:16:51 | INFO | Results panel looks stuck. Clicking the feed and trying another scroll.
2026-04-02 16:17:49 | INFO | Results panel looks stuck. Clicking the feed and trying another scroll.
2026-04-02 16:18:47 | INFO | Results panel looks stuck. Clicking the feed and trying another scroll.
2026-04-02 16:19:45 | INFO | Results panel looks stuck. Clicking the feed and trying another scroll.
2026-04-02 16:20:42 | INFO | Results panel looks stuck. Clicking the feed and trying another scroll.
2026-04-02 16:21:40 | INFO | Results panel looks stuck. Clicking the feed and trying another scroll.
2026-04-02 16:22:37 | INFO | Results panel looks stuck. Clicking the feed and trying another scroll.
2026-04-02 16:23:35 | INFO | Results panel looks stuck. Clicking the feed and trying another scroll.
2026-04-02 16:24:33 | INFO | Results panel looks stuck. Clicking the feed and trying another scroll.
2026-04-02 16:25:31 | INFO | Results panel looks stuck. Clicking the feed and trying another scroll.
2026-04-02 16:26:29 | INFO | Results panel looks stuck. Clicking the feed and trying another scroll.
2026-04-02 16:27:26 | INFO | Results panel looks stuck. Clicking the feed and trying another scroll.
2026-04-02 16:28:24 | INFO | Results panel looks stuck. Clicking the feed and trying another scroll.
2026-04-02 16:29:22 | INFO | Results panel looks stuck. Clicking the feed and trying another scroll.
2026-04-02 16:30:20 | INFO | Results panel looks stuck. Clicking the feed and trying another scroll.
2026-04-02 16:31:17 | INFO | Results panel looks stuck. Clicking the feed and trying another scroll.
2026-04-02 16:32:15 | INFO | Results panel looks stuck. Clicking the feed and trying another scroll.
2026-04-02 16:33:12 | INFO | Results panel looks stuck. Clicking the feed and trying another scroll.
2026-04-02 16:34:10 | INFO | Results panel looks stuck. Clicking the feed and trying another scroll.
2026-04-02 16:35:07 | INFO | Results panel looks stuck. Clicking the feed and trying another scroll.
2026-04-02 16:36:05 | INFO | Results panel looks stuck. Clicking the feed and trying another scroll.
2026-04-02 16:37:03 | INFO | Results panel looks stuck. Clicking the feed and trying another scroll.
2026-04-02 16:38:01 | INFO | Results panel looks stuck. Clicking the feed and trying another scroll.
2026-04-02 16:38:58 | INFO | Results panel looks stuck. Clicking the feed and trying another scroll.
2026-04-02 16:39:56 | INFO | Results panel looks stuck. Clicking the feed and trying another scroll.
2026-04-02 16:40:54 | INFO | Results panel looks stuck. Clicking the feed and trying another scroll.
2026-04-02 16:41:51 | INFO | Results panel looks stuck. Clicking the feed and trying another scroll.
2026-04-02 16:42:49 | INFO | Results panel looks stuck. Clicking the feed and trying another scroll.
2026-04-02 16:43:47 | INFO | Results panel looks stuck. Clicking the feed and trying another scroll.
2026-04-02 16:44:45 | INFO | Results panel looks stuck. Clicking the feed and trying another scroll.
2026-04-02 16:45:43 | INFO | Results panel looks stuck. Clicking the feed and trying another scroll.
2026-04-02 16:46:40 | INFO | Results panel looks stuck. Clicking the feed and trying another scroll.
2026-04-02 16:47:38 | INFO | Results panel looks stuck. Clicking the feed and trying another scroll.
2026-04-02 16:48:36 | INFO | Results panel looks stuck. Clicking the feed and trying another scroll.
2026-04-02 16:49:33 | INFO | Results panel looks stuck. Clicking the feed and trying another scroll.
2026-04-02 16:50:31 | INFO | Results panel looks stuck. Clicking the feed and trying another scroll.
2026-04-02 16:51:29 | INFO | Results panel looks stuck. Clicking the feed and trying another scroll.
2026-04-02 16:52:27 | INFO | Results panel looks stuck. Clicking the feed and trying another scroll.
2026-04-02 16:53:25 | INFO | Results panel looks stuck. Clicking the feed and trying another scroll.
2026-04-02 16:54:22 | INFO | Results panel looks stuck. Clicking the feed and trying another scroll.
2026-04-02 16:55:20 | INFO | Results panel looks stuck. Clicking the feed and trying another scroll.
2026-04-02 16:56:17 | INFO | Results panel looks stuck. Clicking the feed and trying another scroll.
2026-04-02 16:57:15 | INFO | Results panel looks stuck. Clicking the feed and trying another scroll.
2026-04-02 16:58:13 | INFO | Results panel looks stuck. Clicking the feed and trying another scroll.
2026-04-02 16:59:11 | INFO | Results panel looks stuck. Clicking the feed and trying another scroll.
2026-04-02 17:00:08 | INFO | Results panel looks stuck. Clicking the feed and trying another scroll.
2026-04-02 17:01:06 | INFO | Results panel looks stuck. Clicking the feed and trying another scroll.
2026-04-02 17:02:04 | INFO | Results panel looks stuck. Clicking the feed and trying another scroll.
2026-04-02 17:03:01 | INFO | Results panel looks stuck. Clicking the feed and trying another scroll.
2026-04-02 17:03:59 | INFO | Results panel looks stuck. Clicking the feed and trying another scroll.
2026-04-02 17:04:57 | INFO | Results panel looks stuck. Clicking the feed and trying another scroll.
2026-04-02 17:05:55 | INFO | Results panel looks stuck. Clicking the feed and trying another scroll.
2026-04-02 17:06:52 | INFO | Results panel looks stuck. Clicking the feed and trying another scroll.
2026-04-02 17:07:50 | INFO | Results panel looks stuck. Clicking the feed and trying another scroll.
2026-04-02 17:08:48 | INFO | Results panel looks stuck. Clicking the feed and trying another scroll.
2026-04-02 17:09:45 | INFO | Results panel looks stuck. Clicking the feed and trying another scroll.
2026-04-02 17:10:43 | INFO | Results panel looks stuck. Clicking the feed and trying another scroll.
2026-04-02 17:11:41 | INFO | Results panel looks stuck. Clicking the feed and trying another scroll.
2026-04-02 17:12:39 | INFO | Results panel looks stuck. Clicking the feed and trying another scroll.
2026-04-02 17:13:36 | INFO | Results panel looks stuck. Clicking the feed and trying another scroll.
2026-04-02 17:14:34 | INFO | Results panel looks stuck. Clicking the feed and trying another scroll.
2026-04-02 17:15:32 | INFO | Results panel looks stuck. Clicking the feed and trying another scroll.
2026-04-02 17:16:29 | INFO | Results panel looks stuck. Clicking the feed and trying another scroll.
2026-04-02 17:17:27 | INFO | Results panel looks stuck. Clicking the feed and trying another scroll.
2026-04-02 17:18:25 | INFO | Results panel looks stuck. Clicking the feed and trying another scroll.
2026-04-02 17:19:23 | INFO | Results panel looks stuck. Clicking the feed and trying another scroll.
2026-04-02 17:20:21 | INFO | Results panel looks stuck. Clicking the feed and trying another scroll.
2026-04-02 17:21:19 | INFO | Results panel looks stuck. Clicking the feed and trying another scroll.
2026-04-02 17:22:17 | INFO | Results panel looks stuck. Clicking the feed and trying another scroll.
2026-04-02 17:23:14 | INFO | Results panel looks stuck. Clicking the feed and trying another scroll.
2026-04-02 17:24:12 | INFO | Results panel looks stuck. Clicking the feed and trying another scroll.
2026-04-02 17:25:09 | INFO | Results panel looks stuck. Clicking the feed and trying another scroll.
2026-04-02 17:26:07 | INFO | Results panel looks stuck. Clicking the feed and trying another scroll.
2026-04-02 17:27:05 | INFO | Results panel looks stuck. Clicking the feed and trying another scroll.
2026-04-02 17:28:03 | INFO | Results panel looks stuck. Clicking the feed and trying another scroll.
2026-04-02 17:29:00 | INFO | Results panel looks stuck. Clicking the feed and trying another scroll.
2026-04-02 17:29:58 | INFO | Results panel looks stuck. Clicking the feed and trying another scroll.
2026-04-02 17:30:56 | INFO | Results panel looks stuck. Clicking the feed and trying another scroll.
2026-04-02 17:31:54 | INFO | Results panel looks stuck. Clicking the feed and trying another scroll.
2026-04-02 17:32:51 | INFO | Results panel looks stuck. Clicking the feed and trying another scroll.
2026-04-02 17:33:49 | INFO | Results panel looks stuck. Clicking the feed and trying another scroll.
2026-04-02 17:34:46 | INFO | Results panel looks stuck. Clicking the feed and trying another scroll.
2026-04-02 17:35:44 | INFO | Results panel looks stuck. Clicking the feed and trying another scroll.
2026-04-02 17:36:42 | INFO | Results panel looks stuck. Clicking the feed and trying another scroll.
2026-04-02 17:37:40 | INFO | Results panel looks stuck. Clicking the feed and trying another scroll.
2026-04-02 17:38:38 | INFO | Results panel looks stuck. Clicking the feed and trying another scroll.
2026-04-02 17:39:36 | INFO | Results panel looks stuck. Clicking the feed and trying another scroll.
2026-04-02 17:40:33 | INFO | Results panel looks stuck. Clicking the feed and trying another scroll.
2026-04-02 17:41:31 | INFO | Results panel looks stuck. Clicking the feed and trying another scroll.
2026-04-02 17:42:29 | INFO | Results panel looks stuck. Clicking the feed and trying another scroll.
2026-04-02 17:43:26 | INFO | Results panel looks stuck. Clicking the feed and trying another scroll.
2026-04-02 17:44:24 | INFO | Results panel looks stuck. Clicking the feed and trying another scroll.
2026-04-02 17:45:22 | INFO | Results panel looks stuck. Clicking the feed and trying another scroll.
2026-04-02 17:46:20 | INFO | Results panel looks stuck. Clicking the feed and trying another scroll.
2026-04-02 17:47:17 | INFO | Results panel looks stuck. Clicking the feed and trying another scroll.
2026-04-02 17:48:15 | INFO | Results panel looks stuck. Clicking the feed and trying another scroll.
2026-04-02 17:49:13 | INFO | Results panel looks stuck. Clicking the feed and trying another scroll.
2026-04-02 17:50:11 | INFO | Results panel looks stuck. Clicking the feed and trying another scroll.
2026-04-02 17:51:08 | INFO | Results panel looks stuck. Clicking the feed and trying another scroll.
2026-04-02 17:52:06 | INFO | Results panel looks stuck. Clicking the feed and trying another scroll.
2026-04-02 17:53:04 | INFO | Results panel looks stuck. Clicking the feed and trying another scroll.
2026-04-02 17:54:02 | INFO | Results panel looks stuck. Clicking the feed and trying another scroll.
2026-04-02 17:55:00 | INFO | Results panel looks stuck. Clicking the feed and trying another scroll.
2026-04-02 17:55:58 | INFO | Results panel looks stuck. Clicking the feed and trying another scroll.
2026-04-02 17:56:55 | INFO | Results panel looks stuck. Clicking the feed and trying another scroll.
2026-04-02 17:57:53 | INFO | Results panel looks stuck. Clicking the feed and trying another scroll.
2026-04-02 17:58:50 | INFO | Results panel looks stuck. Clicking the feed and trying another scroll.
2026-04-02 17:59:48 | INFO | Results panel looks stuck. Clicking the feed and trying another scroll.
2026-04-02 18:00:46 | INFO | Results panel looks stuck. Clicking the feed and trying another scroll.
2026-04-02 18:01:43 | INFO | Results panel looks stuck. Clicking the feed and trying another scroll.
2026-04-02 18:02:41 | INFO | Results panel looks stuck. Clicking the feed and trying another scroll.
2026-04-02 18:03:39 | INFO | Results panel looks stuck. Clicking the feed and trying another scroll.
2026-04-02 18:04:37 | INFO | Results panel looks stuck. Clicking the feed and trying another scroll.
2026-04-02 18:05:34 | INFO | Results panel looks stuck. Clicking the feed and trying another scroll.
2026-04-02 18:06:32 | INFO | Results panel looks stuck. Clicking the feed and trying another scroll.
2026-04-02 18:07:30 | INFO | Results panel looks stuck. Clicking the feed and trying another scroll.
2026-04-02 18:08:28 | INFO | Results panel looks stuck. Clicking the feed and trying another scroll.
2026-04-02 18:09:25 | INFO | Results panel looks stuck. Clicking the feed and trying another scroll.
2026-04-02 18:10:23 | INFO | Results panel looks stuck. Clicking the feed and trying another scroll.
2026-04-02 18:11:21 | INFO | Results panel looks stuck. Clicking the feed and trying another scroll.
2026-04-02 18:12:18 | INFO | Results panel looks stuck. Clicking the feed and trying another scroll.
2026-04-02 18:13:17 | INFO | Results panel looks stuck. Clicking the feed and trying another scroll.
2026-04-02 18:14:14 | INFO | Results panel looks stuck. Clicking the feed and trying another scroll.
2026-04-02 18:15:12 | INFO | Results panel looks stuck. Clicking the feed and trying another scroll.
2026-04-02 18:16:10 | INFO | Results panel looks stuck. Clicking the feed and trying another scroll.
2026-04-02 18:17:08 | INFO | Results panel looks stuck. Clicking the feed and trying another scroll.
2026-04-02 18:18:05 | INFO | Results panel looks stuck. Clicking the feed and trying another scroll.
2026-04-02 18:19:03 | INFO | Results panel looks stuck. Clicking the feed and trying another scroll.
2026-04-02 18:20:01 | INFO | Results panel looks stuck. Clicking the feed and trying another scroll.
2026-04-02 18:20:58 | INFO | Results panel looks stuck. Clicking the feed and trying another scroll.
2026-04-02 18:21:56 | INFO | Results panel looks stuck. Clicking the feed and trying another scroll.
2026-04-02 18:22:54 | INFO | Results panel looks stuck. Clicking the feed and trying another scroll.
2026-04-02 18:23:52 | INFO | Results panel looks stuck. Clicking the feed and trying another scroll.
2026-04-02 18:24:50 | INFO | Results panel looks stuck. Clicking the feed and trying another scroll.
2026-04-02 18:25:47 | INFO | Results panel looks stuck. Clicking the feed and trying another scroll.
2026-04-02 18:26:45 | INFO | Results panel looks stuck. Clicking the feed and trying another scroll.
2026-04-02 18:27:43 | INFO | Results panel looks stuck. Clicking the feed and trying another scroll.
2026-04-02 18:28:41 | INFO | Results panel looks stuck. Clicking the feed and trying another scroll.
2026-04-02 18:29:38 | INFO | Results panel looks stuck. Clicking the feed and trying another scroll.
2026-04-02 18:30:36 | INFO | Results panel looks stuck. Clicking the feed and trying another scroll.
2026-04-02 18:31:34 | INFO | Results panel looks stuck. Clicking the feed and trying another scroll.
2026-04-02 18:32:31 | INFO | Results panel looks stuck. Clicking the feed and trying another scroll.
2026-04-02 18:33:29 | INFO | Results panel looks stuck. Clicking the feed and trying another scroll.
2026-04-02 18:34:27 | INFO | Results panel looks stuck. Clicking the feed and trying another scroll.
2026-04-02 18:35:24 | INFO | Results panel looks stuck. Clicking the feed and trying another scroll.
2026-04-02 18:36:22 | INFO | Results panel looks stuck. Clicking the feed and trying another scroll.
2026-04-02 18:37:20 | INFO | Results panel looks stuck. Clicking the feed and trying another scroll.
2026-04-02 18:38:18 | INFO | Results panel looks stuck. Clicking the feed and trying another scroll.
2026-04-02 18:39:15 | INFO | Results panel looks stuck. Clicking the feed and trying another scroll.
2026-04-02 18:40:13 | INFO | Results panel looks stuck. Clicking the feed and trying another scroll.
2026-04-02 18:41:10 | INFO | Results panel looks stuck. Clicking the feed and trying another scroll.
2026-04-02 18:42:08 | INFO | Results panel looks stuck. Clicking the feed and trying another scroll.
2026-04-02 18:43:06 | INFO | Results panel looks stuck. Clicking the feed and trying another scroll.
2026-04-02 18:44:03 | INFO | Results panel looks stuck. Clicking the feed and trying another scroll.
2026-04-02 18:45:01 | INFO | Results panel looks stuck. Clicking the feed and trying another scroll.
2026-04-02 18:45:59 | INFO | Results panel looks stuck. Clicking the feed and trying another scroll.
2026-04-02 18:46:57 | INFO | Results panel looks stuck. Clicking the feed and trying another scroll.
2026-04-02 18:47:55 | INFO | Results panel looks stuck. Clicking the feed and trying another scroll.
2026-04-02 18:48:52 | INFO | Results panel looks stuck. Clicking the feed and trying another scroll.
2026-04-02 18:49:50 | INFO | Results panel looks stuck. Clicking the feed and trying another scroll.
2026-04-02 18:50:48 | INFO | Results panel looks stuck. Clicking the feed and trying another scroll.
2026-04-02 18:51:46 | INFO | Results panel looks stuck. Clicking the feed and trying another scroll.
2026-04-02 18:52:43 | INFO | Results panel looks stuck. Clicking the feed and trying another scroll.
2026-04-02 18:53:41 | INFO | Results panel looks stuck. Clicking the feed and trying another scroll.
2026-04-02 18:54:38 | INFO | Results panel looks stuck. Clicking the feed and trying another scroll.
2026-04-02 18:55:36 | INFO | Results panel looks stuck. Clicking the feed and trying another scroll.
2026-04-02 18:56:34 | INFO | Results panel looks stuck. Clicking the feed and trying another scroll.
2026-04-02 18:57:32 | INFO | Results panel looks stuck. Clicking the feed and trying another scroll.
2026-04-02 18:58:29 | INFO | Results panel looks stuck. Clicking the feed and trying another scroll.
2026-04-02 18:59:27 | INFO | Results panel looks stuck. Clicking the feed and trying another scroll.
2026-04-02 19:00:25 | INFO | Results panel looks stuck. Clicking the feed and trying another scroll.
2026-04-02 19:01:23 | INFO | Results panel looks stuck. Clicking the feed and trying another scroll.
2026-04-02 19:02:21 | INFO | Results panel looks stuck. Clicking the feed and trying another scroll.
2026-04-02 19:03:19 | INFO | Results panel looks stuck. Clicking the feed and trying another scroll.
2026-04-02 19:04:17 | INFO | Results panel looks stuck. Clicking the feed and trying another scroll.
2026-04-02 19:05:14 | INFO | Results panel looks stuck. Clicking the feed and trying another scroll.
2026-04-02 19:06:12 | INFO | Results panel looks stuck. Clicking the feed and trying another scroll.
2026-04-02 19:07:10 | INFO | Results panel looks stuck. Clicking the feed and trying another scroll.
2026-04-02 19:08:07 | INFO | Results panel looks stuck. Clicking the feed and trying another scroll.
2026-04-02 19:09:05 | INFO | Results panel looks stuck. Clicking the feed and trying another scroll.
2026-04-02 19:10:03 | INFO | Results panel looks stuck. Clicking the feed and trying another scroll.
2026-04-02 19:11:01 | INFO | Results panel looks stuck. Clicking the feed and trying another scroll.
2026-04-02 19:11:59 | INFO | Results panel looks stuck. Clicking the feed and trying another scroll.
2026-04-02 19:12:56 | INFO | Results panel looks stuck. Clicking the feed and trying another scroll.
2026-04-02 19:13:54 | INFO | Results panel looks stuck. Clicking the feed and trying another scroll.
2026-04-02 19:14:52 | INFO | Results panel looks stuck. Clicking the feed and trying another scroll.
2026-04-02 19:15:50 | INFO | Results panel looks stuck. Clicking the feed and trying another scroll.
2026-04-02 19:16:47 | INFO | Results panel looks stuck. Clicking the feed and trying another scroll.
2026-04-02 19:17:45 | INFO | Results panel looks stuck. Clicking the feed and trying another scroll.
2026-04-02 19:18:43 | INFO | Results panel looks stuck. Clicking the feed and trying another scroll.
2026-04-02 19:19:40 | INFO | Results panel looks stuck. Clicking the feed and trying another scroll.
2026-04-02 19:20:38 | INFO | Results panel looks stuck. Clicking the feed and trying another scroll.
2026-04-02 19:21:36 | INFO | Results panel looks stuck. Clicking the feed and trying another scroll.
2026-04-02 19:22:33 | INFO | Results panel looks stuck. Clicking the feed and trying another scroll.
2026-04-02 19:23:31 | INFO | Results panel looks stuck. Clicking the feed and trying another scroll.
2026-04-02 19:24:29 | INFO | Results panel looks stuck. Clicking the feed and trying another scroll.
2026-04-02 19:25:26 | INFO | Results panel looks stuck. Clicking the feed and trying another scroll.
2026-04-02 19:26:24 | INFO | Results panel looks stuck. Clicking the feed and trying another scroll.
2026-04-02 19:27:22 | INFO | Results panel looks stuck. Clicking the feed and trying another scroll.
2026-04-02 19:28:20 | INFO | Results panel looks stuck. Clicking the feed and trying another scroll.
2026-04-02 19:29:17 | INFO | Results panel looks stuck. Clicking the feed and trying another scroll.
2026-04-02 19:30:15 | INFO | Results panel looks stuck. Clicking the feed and trying another scroll.
2026-04-02 19:31:13 | INFO | Results panel looks stuck. Clicking the feed and trying another scroll.
2026-04-02 19:32:10 | INFO | Results panel looks stuck. Clicking the feed and trying another scroll.
2026-04-02 19:33:08 | INFO | Results panel looks stuck. Clicking the feed and trying another scroll.
2026-04-02 19:34:06 | INFO | Results panel looks stuck. Clicking the feed and trying another scroll.
2026-04-02 19:35:04 | INFO | Results panel looks stuck. Clicking the feed and trying another scroll.
2026-04-02 19:36:01 | INFO | Results panel looks stuck. Clicking the feed and trying another scroll.
2026-04-02 19:36:59 | INFO | Results panel looks stuck. Clicking the feed and trying another scroll.
2026-04-02 19:37:57 | INFO | Results panel looks stuck. Clicking the feed and trying another scroll.
2026-04-02 19:38:54 | INFO | Results panel looks stuck. Clicking the feed and trying another scroll.
2026-04-02 19:39:52 | INFO | Results panel looks stuck. Clicking the feed and trying another scroll.
2026-04-02 19:40:50 | INFO | Results panel looks stuck. Clicking the feed and trying another scroll.
2026-04-02 19:41:47 | INFO | Results panel looks stuck. Clicking the feed and trying another scroll.
2026-04-02 19:42:45 | INFO | Results panel looks stuck. Clicking the feed and trying another scroll.
2026-04-02 19:43:43 | INFO | Results panel looks stuck. Clicking the feed and trying another scroll.
2026-04-02 19:44:41 | INFO | Results panel looks stuck. Clicking the feed and trying another scroll.
2026-04-02 19:45:39 | INFO | Results panel looks stuck. Clicking the feed and trying another scroll.
2026-04-02 19:46:36 | INFO | Results panel looks stuck. Clicking the feed and trying another scroll.
2026-04-02 19:47:34 | INFO | Results panel looks stuck. Clicking the feed and trying another scroll.
2026-04-02 19:48:31 | INFO | Results panel looks stuck. Clicking the feed and trying another scroll.
2026-04-02 19:49:29 | INFO | Results panel looks stuck. Clicking the feed and trying another scroll.
2026-04-02 19:50:27 | INFO | Results panel looks stuck. Clicking the feed and trying another scroll.
2026-04-02 19:51:24 | INFO | Results panel looks stuck. Clicking the feed and trying another scroll.
2026-04-02 19:52:22 | INFO | Results panel looks stuck. Clicking the feed and trying another scroll.
2026-04-02 19:53:20 | INFO | Results panel looks stuck. Clicking the feed and trying another scroll.
2026-04-02 19:54:17 | INFO | Results panel looks stuck. Clicking the feed and trying another scroll.
2026-04-02 19:55:15 | INFO | Results panel looks stuck. Clicking the feed and trying another scroll.
2026-04-02 19:56:13 | INFO | Results panel looks stuck. Clicking the feed and trying another scroll.
2026-04-02 19:57:10 | INFO | Results panel looks stuck. Clicking the feed and trying another scroll.
2026-04-02 19:58:08 | INFO | Results panel looks stuck. Clicking the feed and trying another scroll.
2026-04-02 19:59:06 | INFO | Results panel looks stuck. Clicking the feed and trying another scroll.
2026-04-02 20:00:03 | INFO | Results panel looks stuck. Clicking the feed and trying another scroll.
2026-04-02 20:01:01 | INFO | Results panel looks stuck. Clicking the feed and trying another scroll.
2026-04-02 20:01:59 | INFO | Results panel looks stuck. Clicking the feed and trying another scroll.
2026-04-02 20:02:57 | INFO | Results panel looks stuck. Clicking the feed and trying another scroll.
2026-04-02 20:03:55 | INFO | Results panel looks stuck. Clicking the feed and trying another scroll.
2026-04-02 20:04:52 | INFO | Results panel looks stuck. Clicking the feed and trying another scroll.
2026-04-02 20:05:50 | INFO | Results panel looks stuck. Clicking the feed and trying another scroll.
2026-04-02 20:06:48 | INFO | Results panel looks stuck. Clicking the feed and trying another scroll.
2026-04-02 20:07:46 | INFO | Results panel looks stuck. Clicking the feed and trying another scroll.
2026-04-02 20:08:43 | INFO | Results panel looks stuck. Clicking the feed and trying another scroll.
2026-04-02 20:09:41 | INFO | Results panel looks stuck. Clicking the feed and trying another scroll.
2026-04-02 20:10:38 | INFO | Results panel looks stuck. Clicking the feed and trying another scroll.
2026-04-02 20:11:36 | INFO | Results panel looks stuck. Clicking the feed and trying another scroll.
2026-04-02 20:12:34 | INFO | Results panel looks stuck. Clicking the feed and trying another scroll.
2026-04-02 20:13:31 | INFO | Results panel looks stuck. Clicking the feed and trying another scroll.
2026-04-02 20:14:29 | INFO | Results panel looks stuck. Clicking the feed and trying another scroll.
2026-04-02 20:15:27 | INFO | Results panel looks stuck. Clicking the feed and trying another scroll.
2026-04-02 20:16:24 | INFO | Results panel looks stuck. Clicking the feed and trying another scroll.
2026-04-02 20:17:22 | INFO | Results panel looks stuck. Clicking the feed and trying another scroll.
2026-04-02 20:18:20 | INFO | Results panel looks stuck. Clicking the feed and trying another scroll.
2026-04-02 20:19:18 | INFO | Results panel looks stuck. Clicking the feed and trying another scroll.
2026-04-02 20:20:16 | INFO | Results panel looks stuck. Clicking the feed and trying another scroll.
2026-04-02 20:21:13 | INFO | Results panel looks stuck. Clicking the feed and trying another scroll.
2026-04-02 20:22:11 | INFO | Results panel looks stuck. Clicking the feed and trying another scroll.
2026-04-02 20:23:09 | INFO | Results panel looks stuck. Clicking the feed and trying another scroll.
2026-04-02 20:24:06 | INFO | Results panel looks stuck. Clicking the feed and trying another scroll.
2026-04-02 20:25:04 | INFO | Results panel looks stuck. Clicking the feed and trying another scroll.
2026-04-02 20:26:02 | INFO | Results panel looks stuck. Clicking the feed and trying another scroll.
2026-04-02 20:26:59 | INFO | Results panel looks stuck. Clicking the feed and trying another scroll.
2026-04-02 20:27:57 | INFO | Results panel looks stuck. Clicking the feed and trying another scroll.
2026-04-02 20:28:55 | INFO | Results panel looks stuck. Clicking the feed and trying another scroll.
2026-04-02 20:29:53 | INFO | Results panel looks stuck. Clicking the feed and trying another scroll.
2026-04-02 20:30:51 | INFO | Results panel looks stuck. Clicking the feed and trying another scroll.
2026-04-02 20:31:48 | INFO | Results panel looks stuck. Clicking the feed and trying another scroll.
2026-04-02 20:32:46 | INFO | Results panel looks stuck. Clicking the feed and trying another scroll.
2026-04-02 20:33:44 | INFO | Results panel looks stuck. Clicking the feed and trying another scroll.
2026-04-02 20:34:42 | INFO | Results panel looks stuck. Clicking the feed and trying another scroll.
2026-04-02 20:35:39 | INFO | Results panel looks stuck. Clicking the feed and trying another scroll.
2026-04-02 20:36:37 | INFO | Results panel looks stuck. Clicking the feed and trying another scroll.
2026-04-02 20:37:34 | INFO | Results panel looks stuck. Clicking the feed and trying another scroll.
2026-04-02 20:38:32 | INFO | Results panel looks stuck. Clicking the feed and trying another scroll.
2026-04-02 20:39:30 | INFO | Results panel looks stuck. Clicking the feed and trying another scroll.
2026-04-02 20:40:27 | INFO | Results panel looks stuck. Clicking the feed and trying another scroll.
2026-04-02 20:41:25 | INFO | Results panel looks stuck. Clicking the feed and trying another scroll.
2026-04-02 20:42:23 | INFO | Results panel looks stuck. Clicking the feed and trying another scroll.
2026-04-02 20:43:20 | INFO | Results panel looks stuck. Clicking the feed and trying another scroll.
2026-04-02 20:44:18 | INFO | Results panel looks stuck. Clicking the feed and trying another scroll.
2026-04-02 20:45:16 | INFO | Results panel looks stuck. Clicking the feed and trying another scroll.
2026-04-02 20:46:13 | INFO | Results panel looks stuck. Clicking the feed and trying another scroll.
2026-04-02 20:47:11 | INFO | Results panel looks stuck. Clicking the feed and trying another scroll.
2026-04-02 20:48:09 | INFO | Results panel looks stuck. Clicking the feed and trying another scroll.
2026-04-02 20:49:06 | INFO | Results panel looks stuck. Clicking the feed and trying another scroll.
2026-04-02 20:50:05 | INFO | Results panel looks stuck. Clicking the feed and trying another scroll.
2026-04-02 20:51:02 | INFO | Results panel looks stuck. Clicking the feed and trying another scroll.
2026-04-02 20:52:00 | INFO | Results panel looks stuck. Clicking the feed and trying another scroll.
2026-04-02 20:52:57 | INFO | Results panel looks stuck. Clicking the feed and trying another scroll.
2026-04-02 20:53:55 | INFO | Results panel looks stuck. Clicking the feed and trying another scroll.
2026-04-02 20:54:53 | INFO | Results panel looks stuck. Clicking the feed and trying another scroll.
2026-04-02 20:55:50 | INFO | Results panel looks stuck. Clicking the feed and trying another scroll.
2026-04-02 20:56:48 | INFO | Results panel looks stuck. Clicking the feed and trying another scroll.
2026-04-02 20:57:46 | INFO | Results panel looks stuck. Clicking the feed and trying another scroll.
2026-04-02 20:58:44 | INFO | Results panel looks stuck. Clicking the feed and trying another scroll.
2026-04-02 20:59:42 | INFO | Results panel looks stuck. Clicking the feed and trying another scroll.
2026-04-02 21:00:40 | INFO | Results panel looks stuck. Clicking the feed and trying another scroll.
2026-04-02 21:01:37 | INFO | Results panel looks stuck. Clicking the feed and trying another scroll.
2026-04-02 21:02:35 | INFO | Results panel looks stuck. Clicking the feed and trying another scroll.
2026-04-02 21:03:33 | INFO | Results panel looks stuck. Clicking the feed and trying another scroll.
2026-04-02 21:04:31 | INFO | Results panel looks stuck. Clicking the feed and trying another scroll.
2026-04-02 21:05:29 | INFO | Results panel looks stuck. Clicking the feed and trying another scroll.
2026-04-02 21:06:27 | INFO | Results panel looks stuck. Clicking the feed and trying another scroll.
2026-04-02 21:07:24 | INFO | Results panel looks stuck. Clicking the feed and trying another scroll.
2026-04-02 21:08:22 | INFO | Results panel looks stuck. Clicking the feed and trying another scroll.
2026-04-02 21:09:19 | INFO | Results panel looks stuck. Clicking the feed and trying another scroll.
2026-04-02 21:10:17 | INFO | Results panel looks stuck. Clicking the feed and trying another scroll.
2026-04-02 21:11:15 | INFO | Results panel looks stuck. Clicking the feed and trying another scroll.
2026-04-02 21:12:13 | INFO | Results panel looks stuck. Clicking the feed and trying another scroll.
2026-04-02 21:13:10 | INFO | Results panel looks stuck. Clicking the feed and trying another scroll.
2026-04-02 21:14:08 | INFO | Results panel looks stuck. Clicking the feed and trying another scroll.
2026-04-02 21:15:06 | INFO | Results panel looks stuck. Clicking the feed and trying another scroll.
2026-04-02 21:16:04 | INFO | Results panel looks stuck. Clicking the feed and trying another scroll.
2026-04-02 21:17:01 | INFO | Results panel looks stuck. Clicking the feed and trying another scroll.
2026-04-02 21:17:59 | INFO | Results panel looks stuck. Clicking the feed and trying another scroll.
2026-04-02 21:18:57 | INFO | Results panel looks stuck. Clicking the feed and trying another scroll.
2026-04-02 21:19:55 | INFO | Results panel looks stuck. Clicking the feed and trying another scroll.
2026-04-02 21:20:53 | INFO | Results panel looks stuck. Clicking the feed and trying another scroll.
2026-04-02 21:21:51 | INFO | Results panel looks stuck. Clicking the feed and trying another scroll.
2026-04-02 21:22:48 | INFO | Results panel looks stuck. Clicking the feed and trying another scroll.
2026-04-02 21:23:46 | INFO | Results panel looks stuck. Clicking the feed and trying another scroll.
2026-04-02 21:24:44 | INFO | Results panel looks stuck. Clicking the feed and trying another scroll.
2026-04-02 21:25:42 | INFO | Results panel looks stuck. Clicking the feed and trying another scroll.
2026-04-02 21:26:40 | INFO | Results panel looks stuck. Clicking the feed and trying another scroll.
2026-04-02 21:27:37 | INFO | Results panel looks stuck. Clicking the feed and trying another scroll.
2026-04-02 21:28:35 | INFO | Results panel looks stuck. Clicking the feed and trying another scroll.
2026-04-02 21:29:32 | INFO | Results panel looks stuck. Clicking the feed and trying another scroll.
2026-04-02 21:30:30 | INFO | Results panel looks stuck. Clicking the feed and trying another scroll.
2026-04-02 21:31:28 | INFO | Results panel looks stuck. Clicking the feed and trying another scroll.
2026-04-02 21:32:26 | INFO | Results panel looks stuck. Clicking the feed and trying another scroll.
2026-04-02 21:33:23 | INFO | Results panel looks stuck. Clicking the feed and trying another scroll.
2026-04-02 21:34:21 | INFO | Results panel looks stuck. Clicking the feed and trying another scroll.
2026-04-02 21:35:19 | INFO | Results panel looks stuck. Clicking the feed and trying another scroll.
2026-04-02 21:36:17 | INFO | Results panel looks stuck. Clicking the feed and trying another scroll.
2026-04-02 21:37:15 | INFO | Results panel looks stuck. Clicking the feed and trying another scroll.
2026-04-02 21:38:12 | INFO | Results panel looks stuck. Clicking the feed and trying another scroll.
2026-04-02 21:39:10 | INFO | Results panel looks stuck. Clicking the feed and trying another scroll.
2026-04-02 21:40:07 | INFO | Results panel looks stuck. Clicking the feed and trying another scroll.
2026-04-02 21:41:05 | INFO | Results panel looks stuck. Clicking the feed and trying another scroll.
2026-04-02 21:42:03 | INFO | Results panel looks stuck. Clicking the feed and trying another scroll.
2026-04-02 21:43:01 | INFO | Results panel looks stuck. Clicking the feed and trying another scroll.
2026-04-02 21:43:58 | INFO | Results panel looks stuck. Clicking the feed and trying another scroll.
2026-04-02 21:44:56 | INFO | Results panel looks stuck. Clicking the feed and trying another scroll.
2026-04-02 21:45:53 | INFO | Results panel looks stuck. Clicking the feed and trying another scroll.
2026-04-02 21:46:51 | INFO | Results panel looks stuck. Clicking the feed and trying another scroll.
2026-04-02 21:47:49 | INFO | Results panel looks stuck. Clicking the feed and trying another scroll.
2026-04-02 21:48:47 | INFO | Results panel looks stuck. Clicking the feed and trying another scroll.
2026-04-02 21:49:45 | INFO | Results panel looks stuck. Clicking the feed and trying another scroll.
2026-04-02 21:50:42 | INFO | Results panel looks stuck. Clicking the feed and trying another scroll.
2026-04-02 21:51:40 | INFO | Results panel looks stuck. Clicking the feed and trying another scroll.
2026-04-02 21:52:38 | INFO | Results panel looks stuck. Clicking the feed and trying another scroll.
2026-04-02 21:53:35 | INFO | Results panel looks stuck. Clicking the feed and trying another scroll.
2026-04-02 21:54:33 | INFO | Results panel looks stuck. Clicking the feed and trying another scroll.
2026-04-02 21:55:31 | INFO | Results panel looks stuck. Clicking the feed and trying another scroll.
2026-04-02 21:56:29 | INFO | Results panel looks stuck. Clicking the feed and trying another scroll.
2026-04-02 21:57:27 | INFO | Results panel looks stuck. Clicking the feed and trying another scroll.
2026-04-02 21:58:25 | INFO | Results panel looks stuck. Clicking the feed and trying another scroll.
2026-04-02 21:59:22 | INFO | Results panel looks stuck. Clicking the feed and trying another scroll.
2026-04-02 22:00:20 | INFO | Results panel looks stuck. Clicking the feed and trying another scroll.
2026-04-02 22:01:18 | INFO | Results panel looks stuck. Clicking the feed and trying another scroll.
2026-04-02 22:02:15 | INFO | Results panel looks stuck. Clicking the feed and trying another scroll.
2026-04-02 22:03:13 | INFO | Results panel looks stuck. Clicking the feed and trying another scroll.
2026-04-02 22:04:10 | INFO | Results panel looks stuck. Clicking the feed and trying another scroll.
2026-04-02 22:05:08 | INFO | Results panel looks stuck. Clicking the feed and trying another scroll.
2026-04-02 22:06:06 | INFO | Results panel looks stuck. Clicking the feed and trying another scroll.
2026-04-02 22:07:04 | INFO | Results panel looks stuck. Clicking the feed and trying another scroll.
2026-04-02 22:08:02 | INFO | Results panel looks stuck. Clicking the feed and trying another scroll.
2026-04-02 22:09:00 | INFO | Results panel looks stuck. Clicking the feed and trying another scroll.
2026-04-02 22:09:57 | INFO | Results panel looks stuck. Clicking the feed and trying another scroll.
2026-04-02 22:10:55 | INFO | Results panel looks stuck. Clicking the feed and trying another scroll.
2026-04-02 22:11:52 | INFO | Results panel looks stuck. Clicking the feed and trying another scroll.
2026-04-02 22:12:50 | INFO | Results panel looks stuck. Clicking the feed and trying another scroll.
2026-04-02 22:13:48 | INFO | Results panel looks stuck. Clicking the feed and trying another scroll.
2026-04-02 22:14:45 | INFO | Results panel looks stuck. Clicking the feed and trying another scroll.
2026-04-02 22:15:43 | INFO | Results panel looks stuck. Clicking the feed and trying another scroll.
2026-04-02 22:16:41 | INFO | Results panel looks stuck. Clicking the feed and trying another scroll.
2026-04-02 22:17:39 | INFO | Results panel looks stuck. Clicking the feed and trying another scroll.
2026-04-02 22:18:36 | INFO | Results panel looks stuck. Clicking the feed and trying another scroll.
2026-04-02 22:19:34 | INFO | Results panel looks stuck. Clicking the feed and trying another scroll.
2026-04-02 22:20:31 | INFO | Results panel looks stuck. Clicking the feed and trying another scroll.
2026-04-02 22:21:29 | INFO | Results panel looks stuck. Clicking the feed and trying another scroll.
2026-04-02 22:22:27 | INFO | Results panel looks stuck. Clicking the feed and trying another scroll.
2026-04-02 22:23:24 | INFO | Results panel looks stuck. Clicking the feed and trying another scroll.
2026-04-02 22:24:22 | INFO | Results panel looks stuck. Clicking the feed and trying another scroll.
2026-04-02 22:25:20 | INFO | Results panel looks stuck. Clicking the feed and trying another scroll.
2026-04-02 22:26:18 | INFO | Results panel looks stuck. Clicking the feed and trying another scroll.
2026-04-02 22:27:16 | INFO | Results panel looks stuck. Clicking the feed and trying another scroll.
2026-04-02 22:28:13 | INFO | Results panel looks stuck. Clicking the feed and trying another scroll.
2026-04-02 22:29:11 | INFO | Results panel looks stuck. Clicking the feed and trying another scroll.
2026-04-02 22:30:09 | INFO | Results panel looks stuck. Clicking the feed and trying another scroll.
2026-04-02 22:31:07 | INFO | Results panel looks stuck. Clicking the feed and trying another scroll.
2026-04-02 22:32:04 | INFO | Results panel looks stuck. Clicking the feed and trying another scroll.
2026-04-02 22:33:02 | INFO | Results panel looks stuck. Clicking the feed and trying another scroll.
2026-04-02 22:34:00 | INFO | Results panel looks stuck. Clicking the feed and trying another scroll.
2026-04-02 22:34:57 | INFO | Results panel looks stuck. Clicking the feed and trying another scroll.
2026-04-02 22:35:55 | INFO | Results panel looks stuck. Clicking the feed and trying another scroll.
2026-04-02 22:36:53 | INFO | Results panel looks stuck. Clicking the feed and trying another scroll.
2026-04-02 22:37:51 | INFO | Results panel looks stuck. Clicking the feed and trying another scroll.
2026-04-02 22:38:49 | INFO | Results panel looks stuck. Clicking the feed and trying another scroll.
2026-04-02 22:39:46 | INFO | Results panel looks stuck. Clicking the feed and trying another scroll.
2026-04-02 22:40:44 | INFO | Results panel looks stuck. Clicking the feed and trying another scroll.
2026-04-02 22:41:42 | INFO | Results panel looks stuck. Clicking the feed and trying another scroll.
2026-04-02 22:42:40 | INFO | Results panel looks stuck. Clicking the feed and trying another scroll.
2026-04-02 22:43:37 | INFO | Results panel looks stuck. Clicking the feed and trying another scroll.
2026-04-02 22:44:35 | INFO | Results panel looks stuck. Clicking the feed and trying another scroll.
2026-04-02 22:45:33 | INFO | Results panel looks stuck. Clicking the feed and trying another scroll.
2026-04-02 22:46:31 | INFO | Results panel looks stuck. Clicking the feed and trying another scroll.
2026-04-02 22:47:29 | INFO | Results panel looks stuck. Clicking the feed and trying another scroll.
2026-04-02 22:48:26 | INFO | Results panel looks stuck. Clicking the feed and trying another scroll.
2026-04-02 22:49:24 | INFO | Results panel looks stuck. Clicking the feed and trying another scroll.
2026-04-02 22:50:21 | INFO | Results panel looks stuck. Clicking the feed and trying another scroll.
2026-04-02 22:51:19 | INFO | Results panel looks stuck. Clicking the feed and trying another scroll.
2026-04-02 22:52:17 | INFO | Results panel looks stuck. Clicking the feed and trying another scroll.
2026-04-02 22:53:15 | INFO | Results panel looks stuck. Clicking the feed and trying another scroll.
2026-04-02 22:54:12 | INFO | Results panel looks stuck. Clicking the feed and trying another scroll.
2026-04-02 22:55:10 | INFO | Results panel looks stuck. Clicking the feed and trying another scroll.
2026-04-02 22:56:08 | INFO | Results panel looks stuck. Clicking the feed and trying another scroll.
2026-04-02 22:57:05 | INFO | Results panel looks stuck. Clicking the feed and trying another scroll.
2026-04-02 22:58:03 | INFO | Results panel looks stuck. Clicking the feed and trying another scroll.
2026-04-02 22:59:01 | INFO | Results panel looks stuck. Clicking the feed and trying another scroll.
2026-04-02 22:59:59 | INFO | Results panel looks stuck. Clicking the feed and trying another scroll.
2026-04-02 23:00:56 | INFO | Results panel looks stuck. Clicking the feed and trying another scroll.
2026-04-02 23:01:54 | INFO | Results panel looks stuck. Clicking the feed and trying another scroll.
2026-04-02 23:02:51 | INFO | Results panel looks stuck. Clicking the feed and trying another scroll.
2026-04-02 23:03:49 | INFO | Results panel looks stuck. Clicking the feed and trying another scroll.
2026-04-02 23:04:47 | INFO | Results panel looks stuck. Clicking the feed and trying another scroll.
2026-04-02 23:05:44 | INFO | Results panel looks stuck. Clicking the feed and trying another scroll.
2026-04-02 23:06:42 | INFO | Results panel looks stuck. Clicking the feed and trying another scroll.
2026-04-02 23:07:40 | INFO | Results panel looks stuck. Clicking the feed and trying another scroll.
2026-04-02 23:08:38 | INFO | Results panel looks stuck. Clicking the feed and trying another scroll.
2026-04-02 23:09:35 | INFO | Results panel looks stuck. Clicking the feed and trying another scroll.
2026-04-02 23:10:33 | INFO | Results panel looks stuck. Clicking the feed and trying another scroll.
2026-04-02 23:11:31 | INFO | Results panel looks stuck. Clicking the feed and trying another scroll.
2026-04-02 23:12:29 | INFO | Results panel looks stuck. Clicking the feed and trying another scroll.
2026-04-02 23:13:27 | INFO | Results panel looks stuck. Clicking the feed and trying another scroll.
2026-04-02 23:14:24 | INFO | Results panel looks stuck. Clicking the feed and trying another scroll.
2026-04-02 23:15:22 | INFO | Results panel looks stuck. Clicking the feed and trying another scroll.
2026-04-02 23:16:20 | INFO | Results panel looks stuck. Clicking the feed and trying another scroll.
2026-04-02 23:17:17 | INFO | Results panel looks stuck. Clicking the feed and trying another scroll.
2026-04-02 23:18:15 | INFO | Results panel looks stuck. Clicking the feed and trying another scroll.
2026-04-02 23:19:13 | INFO | Results panel looks stuck. Clicking the feed and trying another scroll.
2026-04-02 23:20:11 | INFO | Results panel looks stuck. Clicking the feed and trying another scroll.
2026-04-02 23:21:08 | INFO | Results panel looks stuck. Clicking the feed and trying another scroll.
2026-04-02 23:22:06 | INFO | Results panel looks stuck. Clicking the feed and trying another scroll.
2026-04-02 23:23:04 | INFO | Results panel looks stuck. Clicking the feed and trying another scroll.
2026-04-02 23:24:01 | INFO | Results panel looks stuck. Clicking the feed and trying another scroll.
2026-04-02 23:24:59 | INFO | Results panel looks stuck. Clicking the feed and trying another scroll.
2026-04-02 23:25:57 | INFO | Results panel looks stuck. Clicking the feed and trying another scroll.
2026-04-02 23:26:54 | INFO | Results panel looks stuck. Clicking the feed and trying another scroll.
2026-04-02 23:27:52 | INFO | Results panel looks stuck. Clicking the feed and trying another scroll.
2026-04-02 23:28:50 | INFO | Results panel looks stuck. Clicking the feed and trying another scroll.
2026-04-02 23:29:48 | INFO | Results panel looks stuck. Clicking the feed and trying another scroll.
2026-04-02 23:30:46 | INFO | Results panel looks stuck. Clicking the feed and trying another scroll.
2026-04-02 23:31:44 | INFO | Results panel looks stuck. Clicking the feed and trying another scroll.
2026-04-02 23:32:42 | INFO | Results panel looks stuck. Clicking the feed and trying another scroll.
2026-04-02 23:33:39 | INFO | Results panel looks stuck. Clicking the feed and trying another scroll.
2026-04-02 23:34:37 | INFO | Results panel looks stuck. Clicking the feed and trying another scroll.
2026-04-02 23:35:35 | INFO | Results panel looks stuck. Clicking the feed and trying another scroll.
2026-04-02 23:36:33 | INFO | Results panel looks stuck. Clicking the feed and trying another scroll.
2026-04-02 23:37:30 | INFO | Results panel looks stuck. Clicking the feed and trying another scroll.
2026-04-02 23:38:28 | INFO | Results panel looks stuck. Clicking the feed and trying another scroll.
2026-04-02 23:39:26 | INFO | Results panel looks stuck. Clicking the feed and trying another scroll.
2026-04-02 23:40:24 | INFO | Results panel looks stuck. Clicking the feed and trying another scroll.
2026-04-02 23:41:21 | INFO | Results panel looks stuck. Clicking the feed and trying another scroll.
2026-04-02 23:42:19 | INFO | Results panel looks stuck. Clicking the feed and trying another scroll.
2026-04-02 23:43:17 | INFO | Results panel looks stuck. Clicking the feed and trying another scroll.
2026-04-02 23:44:15 | INFO | Results panel looks stuck. Clicking the feed and trying another scroll.
2026-04-02 23:45:13 | INFO | Results panel looks stuck. Clicking the feed and trying another scroll.
2026-04-02 23:46:10 | INFO | Results panel looks stuck. Clicking the feed and trying another scroll.
2026-04-02 23:47:08 | INFO | Results panel looks stuck. Clicking the feed and trying another scroll.
2026-04-02 23:48:06 | INFO | Results panel looks stuck. Clicking the feed and trying another scroll.
2026-04-02 23:49:04 | INFO | Results panel looks stuck. Clicking the feed and trying another scroll.
2026-04-02 23:50:02 | INFO | Results panel looks stuck. Clicking the feed and trying another scroll.
2026-04-02 23:51:00 | INFO | Results panel looks stuck. Clicking the feed and trying another scroll.
2026-04-02 23:51:57 | INFO | Results panel looks stuck. Clicking the feed and trying another scroll.
2026-04-02 23:52:55 | INFO | Results panel looks stuck. Clicking the feed and trying another scroll.
2026-04-02 23:53:53 | INFO | Results panel looks stuck. Clicking the feed and trying another scroll.
2026-04-02 23:54:50 | INFO | Results panel looks stuck. Clicking the feed and trying another scroll.
2026-04-02 23:55:48 | INFO | Results panel looks stuck. Clicking the feed and trying another scroll.
2026-04-02 23:56:46 | INFO | Results panel looks stuck. Clicking the feed and trying another scroll.
2026-04-02 23:57:43 | INFO | Results panel looks stuck. Clicking the feed and trying another scroll.
2026-04-02 23:58:41 | INFO | Results panel looks stuck. Clicking the feed and trying another scroll.
2026-04-02 23:59:39 | INFO | Results panel looks stuck. Clicking the feed and trying another scroll.
2026-04-03 00:00:37 | INFO | Results panel looks stuck. Clicking the feed and trying another scroll.
2026-04-03 00:01:35 | INFO | Results panel looks stuck. Clicking the feed and trying another scroll.
2026-04-03 00:02:32 | INFO | Results panel looks stuck. Clicking the feed and trying another scroll.
2026-04-03 00:03:30 | INFO | Results panel looks stuck. Clicking the feed and trying another scroll.
2026-04-03 00:04:28 | INFO | Results panel looks stuck. Clicking the feed and trying another scroll.
2026-04-03 00:05:25 | INFO | Results panel looks stuck. Clicking the feed and trying another scroll.
2026-04-03 00:06:23 | INFO | Results panel looks stuck. Clicking the feed and trying another scroll.
2026-04-03 00:07:21 | INFO | Results panel looks stuck. Clicking the feed and trying another scroll.
2026-04-03 00:08:18 | INFO | Results panel looks stuck. Clicking the feed and trying another scroll.
2026-04-03 00:09:16 | INFO | Results panel looks stuck. Clicking the feed and trying another scroll.
2026-04-03 00:10:14 | INFO | Results panel looks stuck. Clicking the feed and trying another scroll.
2026-04-03 00:11:12 | INFO | Results panel looks stuck. Clicking the feed and trying another scroll.
2026-04-03 00:12:10 | INFO | Results panel looks stuck. Clicking the feed and trying another scroll.
2026-04-03 00:13:07 | INFO | Results panel looks stuck. Clicking the feed and trying another scroll.
2026-04-03 00:14:05 | INFO | Results panel looks stuck. Clicking the feed and trying another scroll.
2026-04-03 00:15:03 | INFO | Results panel looks stuck. Clicking the feed and trying another scroll.
2026-04-03 00:16:01 | INFO | Results panel looks stuck. Clicking the feed and trying another scroll.
2026-04-03 00:16:58 | INFO | Results panel looks stuck. Clicking the feed and trying another scroll.
2026-04-03 00:17:56 | INFO | Results panel looks stuck. Clicking the feed and trying another scroll.
2026-04-03 00:18:54 | INFO | Results panel looks stuck. Clicking the feed and trying another scroll.
2026-04-03 00:19:52 | INFO | Results panel looks stuck. Clicking the feed and trying another scroll.
2026-04-03 00:20:50 | INFO | Results panel looks stuck. Clicking the feed and trying another scroll.
2026-04-03 00:21:47 | INFO | Results panel looks stuck. Clicking the feed and trying another scroll.
2026-04-03 00:22:45 | INFO | Results panel looks stuck. Clicking the feed and trying another scroll.
2026-04-03 00:23:43 | INFO | Results panel looks stuck. Clicking the feed and trying another scroll.
2026-04-03 00:24:41 | INFO | Results panel looks stuck. Clicking the feed and trying another scroll.
2026-04-03 00:25:38 | INFO | Results panel looks stuck. Clicking the feed and trying another scroll.
2026-04-03 00:26:36 | INFO | Results panel looks stuck. Clicking the feed and trying another scroll.
2026-04-03 00:27:34 | INFO | Results panel looks stuck. Clicking the feed and trying another scroll.
2026-04-03 00:28:32 | INFO | Results panel looks stuck. Clicking the feed and trying another scroll.
2026-04-03 00:29:29 | INFO | Results panel looks stuck. Clicking the feed and trying another scroll.
2026-04-03 00:30:27 | INFO | Results panel looks stuck. Clicking the feed and trying another scroll.
2026-04-03 00:31:25 | INFO | Results panel looks stuck. Clicking the feed and trying another scroll.
2026-04-03 00:32:22 | INFO | Results panel looks stuck. Clicking the feed and trying another scroll.
2026-04-03 00:33:20 | INFO | Results panel looks stuck. Clicking the feed and trying another scroll.
2026-04-03 00:34:18 | INFO | Results panel looks stuck. Clicking the feed and trying another scroll.
2026-04-03 00:35:16 | INFO | Results panel looks stuck. Clicking the feed and trying another scroll.
2026-04-03 00:36:13 | INFO | Results panel looks stuck. Clicking the feed and trying another scroll.
2026-04-03 00:37:11 | INFO | Results panel looks stuck. Clicking the feed and trying another scroll.
2026-04-03 00:38:09 | INFO | Results panel looks stuck. Clicking the feed and trying another scroll.
2026-04-03 00:39:06 | INFO | Results panel looks stuck. Clicking the feed and trying another scroll.
2026-04-03 00:40:04 | INFO | Results panel looks stuck. Clicking the feed and trying another scroll.
2026-04-03 00:41:02 | INFO | Results panel looks stuck. Clicking the feed and trying another scroll.
2026-04-03 00:42:00 | INFO | Results panel looks stuck. Clicking the feed and trying another scroll.
2026-04-03 00:42:57 | INFO | Results panel looks stuck. Clicking the feed and trying another scroll.
2026-04-03 00:43:55 | INFO | Results panel looks stuck. Clicking the feed and trying another scroll.
2026-04-03 00:44:53 | INFO | Results panel looks stuck. Clicking the feed and trying another scroll.
2026-04-03 00:45:51 | INFO | Results panel looks stuck. Clicking the feed and trying another scroll.
2026-04-03 00:46:49 | INFO | Results panel looks stuck. Clicking the feed and trying another scroll.
2026-04-03 00:47:46 | INFO | Results panel looks stuck. Clicking the feed and trying another scroll.
2026-04-03 00:48:44 | INFO | Results panel looks stuck. Clicking the feed and trying another scroll.
2026-04-03 00:49:42 | INFO | Results panel looks stuck. Clicking the feed and trying another scroll.
2026-04-03 00:50:40 | INFO | Results panel looks stuck. Clicking the feed and trying another scroll.
2026-04-03 00:51:37 | INFO | Results panel looks stuck. Clicking the feed and trying another scroll.
2026-04-03 00:52:35 | INFO | Results panel looks stuck. Clicking the feed and trying another scroll.
2026-04-03 00:53:32 | INFO | Results panel looks stuck. Clicking the feed and trying another scroll.
2026-04-03 00:54:30 | INFO | Results panel looks stuck. Clicking the feed and trying another scroll.
2026-04-03 00:55:28 | INFO | Results panel looks stuck. Clicking the feed and trying another scroll.
2026-04-03 00:56:26 | INFO | Results panel looks stuck. Clicking the feed and trying another scroll.
2026-04-03 00:57:24 | INFO | Results panel looks stuck. Clicking the feed and trying another scroll.
2026-04-03 00:58:21 | INFO | Results panel looks stuck. Clicking the feed and trying another scroll.
2026-04-03 00:59:19 | INFO | Results panel looks stuck. Clicking the feed and trying another scroll.
2026-04-03 01:00:17 | INFO | Results panel looks stuck. Clicking the feed and trying another scroll.
2026-04-03 01:01:15 | INFO | Results panel looks stuck. Clicking the feed and trying another scroll.
2026-04-03 01:02:12 | INFO | Results panel looks stuck. Clicking the feed and trying another scroll.
2026-04-03 01:03:10 | INFO | Results panel looks stuck. Clicking the feed and trying another scroll.
2026-04-03 01:04:08 | INFO | Results panel looks stuck. Clicking the feed and trying another scroll.
2026-04-03 01:05:06 | INFO | Results panel looks stuck. Clicking the feed and trying another scroll.
2026-04-03 01:06:03 | INFO | Results panel looks stuck. Clicking the feed and trying another scroll.
2026-04-03 01:07:01 | INFO | Results panel looks stuck. Clicking the feed and trying another scroll.
2026-04-03 01:07:59 | INFO | Results panel looks stuck. Clicking the feed and trying another scroll.
2026-04-03 01:08:57 | INFO | Results panel looks stuck. Clicking the feed and trying another scroll.
2026-04-03 01:09:54 | INFO | Results panel looks stuck. Clicking the feed and trying another scroll.
2026-04-03 01:10:52 | INFO | Results panel looks stuck. Clicking the feed and trying another scroll.
2026-04-03 01:11:50 | INFO | Results panel looks stuck. Clicking the feed and trying another scroll.
2026-04-03 01:12:47 | INFO | Results panel looks stuck. Clicking the feed and trying another scroll.
2026-04-03 01:13:45 | INFO | Results panel looks stuck. Clicking the feed and trying another scroll.
2026-04-03 01:14:43 | INFO | Results panel looks stuck. Clicking the feed and trying another scroll.
2026-04-03 01:15:41 | INFO | Results panel looks stuck. Clicking the feed and trying another scroll.
2026-04-03 01:16:39 | INFO | Results panel looks stuck. Clicking the feed and trying another scroll.
2026-04-03 01:17:36 | INFO | Results panel looks stuck. Clicking the feed and trying another scroll.
2026-04-03 01:18:34 | INFO | Results panel looks stuck. Clicking the feed and trying another scroll.
2026-04-03 01:19:32 | INFO | Results panel looks stuck. Clicking the feed and trying another scroll.
2026-04-03 01:20:30 | INFO | Results panel looks stuck. Clicking the feed and trying another scroll.
2026-04-03 01:21:27 | INFO | Results panel looks stuck. Clicking the feed and trying another scroll.
2026-04-03 01:22:25 | INFO | Results panel looks stuck. Clicking the feed and trying another scroll.
2026-04-03 01:23:23 | INFO | Results panel looks stuck. Clicking the feed and trying another scroll.
2026-04-03 01:24:21 | INFO | Results panel looks stuck. Clicking the feed and trying another scroll.
2026-04-03 01:25:18 | INFO | Results panel looks stuck. Clicking the feed and trying another scroll.
2026-04-03 01:26:16 | INFO | Results panel looks stuck. Clicking the feed and trying another scroll.
2026-04-03 01:27:14 | INFO | Results panel looks stuck. Clicking the feed and trying another scroll.
2026-04-03 01:28:12 | INFO | Results panel looks stuck. Clicking the feed and trying another scroll.
2026-04-03 01:29:10 | INFO | Results panel looks stuck. Clicking the feed and trying another scroll.
2026-04-03 01:30:07 | INFO | Results panel looks stuck. Clicking the feed and trying another scroll.
2026-04-03 01:31:05 | INFO | Results panel looks stuck. Clicking the feed and trying another scroll.
2026-04-03 01:32:03 | INFO | Results panel looks stuck. Clicking the feed and trying another scroll.
2026-04-03 01:33:00 | INFO | Results panel looks stuck. Clicking the feed and trying another scroll.
2026-04-03 01:33:58 | INFO | Results panel looks stuck. Clicking the feed and trying another scroll.
2026-04-03 01:34:55 | INFO | Results panel looks stuck. Clicking the feed and trying another scroll.
2026-04-03 01:35:53 | INFO | Results panel looks stuck. Clicking the feed and trying another scroll.
2026-04-03 01:36:51 | INFO | Results panel looks stuck. Clicking the feed and trying another scroll.
2026-04-03 01:37:49 | INFO | Results panel looks stuck. Clicking the feed and trying another scroll.
2026-04-03 01:38:47 | INFO | Results panel looks stuck. Clicking the feed and trying another scroll.
2026-04-03 01:39:44 | INFO | Results panel looks stuck. Clicking the feed and trying another scroll.
2026-04-03 01:40:42 | INFO | Results panel looks stuck. Clicking the feed and trying another scroll.
2026-04-03 01:41:40 | INFO | Results panel looks stuck. Clicking the feed and trying another scroll.
2026-04-03 01:42:38 | INFO | Results panel looks stuck. Clicking the feed and trying another scroll.
2026-04-03 01:43:36 | INFO | Results panel looks stuck. Clicking the feed and trying another scroll.
2026-04-03 01:44:34 | INFO | Results panel looks stuck. Clicking the feed and trying another scroll.
2026-04-03 01:45:31 | INFO | Results panel looks stuck. Clicking the feed and trying another scroll.
2026-04-03 01:46:29 | INFO | Results panel looks stuck. Clicking the feed and trying another scroll.
2026-04-03 01:47:27 | INFO | Results panel looks stuck. Clicking the feed and trying another scroll.
2026-04-03 01:48:25 | INFO | Results panel looks stuck. Clicking the feed and trying another scroll.
2026-04-03 01:49:22 | INFO | Results panel looks stuck. Clicking the feed and trying another scroll.
2026-04-03 01:50:20 | INFO | Results panel looks stuck. Clicking the feed and trying another scroll.
2026-04-03 01:51:18 | INFO | Results panel looks stuck. Clicking the feed and trying another scroll.
2026-04-03 01:52:15 | INFO | Results panel looks stuck. Clicking the feed and trying another scroll.
2026-04-03 01:53:13 | INFO | Results panel looks stuck. Clicking the feed and trying another scroll.
2026-04-03 01:54:11 | INFO | Results panel looks stuck. Clicking the feed and trying another scroll.
2026-04-03 01:55:08 | INFO | Results panel looks stuck. Clicking the feed and trying another scroll.
2026-04-03 01:56:06 | INFO | Results panel looks stuck. Clicking the feed and trying another scroll.
2026-04-03 01:57:04 | INFO | Results panel looks stuck. Clicking the feed and trying another scroll.
2026-04-03 01:58:02 | INFO | Results panel looks stuck. Clicking the feed and trying another scroll.
2026-04-03 01:58:59 | INFO | Results panel looks stuck. Clicking the feed and trying another scroll.
2026-04-03 01:59:57 | INFO | Results panel looks stuck. Clicking the feed and trying another scroll.
2026-04-03 02:00:55 | INFO | Results panel looks stuck. Clicking the feed and trying another scroll.
2026-04-03 02:01:52 | INFO | Results panel looks stuck. Clicking the feed and trying another scroll.
2026-04-03 02:02:50 | INFO | Results panel looks stuck. Clicking the feed and trying another scroll.
2026-04-03 02:03:48 | INFO | Results panel looks stuck. Clicking the feed and trying another scroll.
2026-04-03 02:04:45 | INFO | Results panel looks stuck. Clicking the feed and trying another scroll.
2026-04-03 02:05:43 | INFO | Results panel looks stuck. Clicking the feed and trying another scroll.
2026-04-03 02:06:41 | INFO | Results panel looks stuck. Clicking the feed and trying another scroll.
2026-04-03 02:07:39 | INFO | Results panel looks stuck. Clicking the feed and trying another scroll.
2026-04-03 02:08:36 | INFO | Results panel looks stuck. Clicking the feed and trying another scroll.
2026-04-03 02:09:34 | INFO | Results panel looks stuck. Clicking the feed and trying another scroll.
2026-04-03 02:10:32 | INFO | Results panel looks stuck. Clicking the feed and trying another scroll.
2026-04-03 02:11:29 | INFO | Results panel looks stuck. Clicking the feed and trying another scroll.
2026-04-03 02:12:27 | INFO | Results panel looks stuck. Clicking the feed and trying another scroll.
2026-04-03 02:13:25 | INFO | Results panel looks stuck. Clicking the feed and trying another scroll.
2026-04-03 02:14:23 | INFO | Results panel looks stuck. Clicking the feed and trying another scroll.
2026-04-03 02:15:20 | INFO | Results panel looks stuck. Clicking the feed and trying another scroll.
2026-04-03 02:16:18 | INFO | Results panel looks stuck. Clicking the feed and trying another scroll.
2026-04-03 02:17:15 | INFO | Results panel looks stuck. Clicking the feed and trying another scroll.
2026-04-03 02:18:13 | INFO | Results panel looks stuck. Clicking the feed and trying another scroll.
2026-04-03 02:19:11 | INFO | Results panel looks stuck. Clicking the feed and trying another scroll.
2026-04-03 02:20:09 | INFO | Results panel looks stuck. Clicking the feed and trying another scroll.
2026-04-03 02:21:07 | INFO | Results panel looks stuck. Clicking the feed and trying another scroll.
2026-04-03 02:22:04 | INFO | Results panel looks stuck. Clicking the feed and trying another scroll.
2026-04-03 02:23:02 | INFO | Results panel looks stuck. Clicking the feed and trying another scroll.
2026-04-03 02:24:00 | INFO | Results panel looks stuck. Clicking the feed and trying another scroll.
2026-04-03 02:24:57 | INFO | Results panel looks stuck. Clicking the feed and trying another scroll.
2026-04-03 02:25:55 | INFO | Results panel looks stuck. Clicking the feed and trying another scroll.
2026-04-03 02:26:53 | INFO | Results panel looks stuck. Clicking the feed and trying another scroll.
2026-04-03 02:27:51 | INFO | Results panel looks stuck. Clicking the feed and trying another scroll.
2026-04-03 02:28:48 | INFO | Results panel looks stuck. Clicking the feed and trying another scroll.
2026-04-03 02:29:46 | INFO | Results panel looks stuck. Clicking the feed and trying another scroll.
2026-04-03 02:30:44 | INFO | Results panel looks stuck. Clicking the feed and trying another scroll.
2026-04-03 02:31:42 | INFO | Results panel looks stuck. Clicking the feed and trying another scroll.
2026-04-03 02:32:40 | INFO | Results panel looks stuck. Clicking the feed and trying another scroll.
2026-04-03 02:33:38 | INFO | Results panel looks stuck. Clicking the feed and trying another scroll.
2026-04-03 02:34:35 | INFO | Results panel looks stuck. Clicking the feed and trying another scroll.
2026-04-03 02:35:33 | INFO | Results panel looks stuck. Clicking the feed and trying another scroll.
2026-04-03 02:36:30 | INFO | Results panel looks stuck. Clicking the feed and trying another scroll.
2026-04-03 02:37:28 | INFO | Results panel looks stuck. Clicking the feed and trying another scroll.
2026-04-03 02:38:26 | INFO | Results panel looks stuck. Clicking the feed and trying another scroll.
2026-04-03 02:39:24 | INFO | Results panel looks stuck. Clicking the feed and trying another scroll.
2026-04-03 02:40:21 | INFO | Results panel looks stuck. Clicking the feed and trying another scroll.
2026-04-03 02:41:19 | INFO | Results panel looks stuck. Clicking the feed and trying another scroll.
2026-04-03 02:42:17 | INFO | Results panel looks stuck. Clicking the feed and trying another scroll.
2026-04-03 02:43:15 | INFO | Results panel looks stuck. Clicking the feed and trying another scroll.
2026-04-03 02:44:13 | INFO | Results panel looks stuck. Clicking the feed and trying another scroll.
2026-04-03 02:45:10 | INFO | Results panel looks stuck. Clicking the feed and trying another scroll.
2026-04-03 02:46:08 | INFO | Results panel looks stuck. Clicking the feed and trying another scroll.
2026-04-03 02:47:06 | INFO | Results panel looks stuck. Clicking the feed and trying another scroll.
2026-04-03 02:48:04 | INFO | Results panel looks stuck. Clicking the feed and trying another scroll.
2026-04-03 02:49:01 | INFO | Results panel looks stuck. Clicking the feed and trying another scroll.
2026-04-03 02:49:59 | INFO | Results panel looks stuck. Clicking the feed and trying another scroll.
2026-04-03 02:50:57 | INFO | Results panel looks stuck. Clicking the feed and trying another scroll.
2026-04-03 02:51:55 | INFO | Results panel looks stuck. Clicking the feed and trying another scroll.
2026-04-03 02:52:53 | INFO | Results panel looks stuck. Clicking the feed and trying another scroll.
2026-04-03 02:53:50 | INFO | Results panel looks stuck. Clicking the feed and trying another scroll.
2026-04-03 02:54:48 | INFO | Results panel looks stuck. Clicking the feed and trying another scroll.
2026-04-03 02:55:46 | INFO | Results panel looks stuck. Clicking the feed and trying another scroll.
2026-04-03 02:56:43 | INFO | Results panel looks stuck. Clicking the feed and trying another scroll.
2026-04-03 02:57:41 | INFO | Results panel looks stuck. Clicking the feed and trying another scroll.
2026-04-03 02:58:39 | INFO | Results panel looks stuck. Clicking the feed and trying another scroll.
2026-04-03 02:59:36 | INFO | Results panel looks stuck. Clicking the feed and trying another scroll.
2026-04-03 03:00:34 | INFO | Results panel looks stuck. Clicking the feed and trying another scroll.
2026-04-03 03:01:32 | INFO | Results panel looks stuck. Clicking the feed and trying another scroll.
2026-04-03 03:02:29 | INFO | Results panel looks stuck. Clicking the feed and trying another scroll.
2026-04-03 03:03:27 | INFO | Results panel looks stuck. Clicking the feed and trying another scroll.
2026-04-03 03:04:25 | INFO | Results panel looks stuck. Clicking the feed and trying another scroll.
2026-04-03 03:05:23 | INFO | Results panel looks stuck. Clicking the feed and trying another scroll.
2026-04-03 03:06:20 | INFO | Results panel looks stuck. Clicking the feed and trying another scroll.
2026-04-03 03:07:18 | INFO | Results panel looks stuck. Clicking the feed and trying another scroll.
2026-04-03 03:08:16 | INFO | Results panel looks stuck. Clicking the feed and trying another scroll.
2026-04-03 03:09:13 | INFO | Results panel looks stuck. Clicking the feed and trying another scroll.
2026-04-03 03:10:11 | INFO | Results panel looks stuck. Clicking the feed and trying another scroll.
2026-04-03 03:11:09 | INFO | Results panel looks stuck. Clicking the feed and trying another scroll.
2026-04-03 03:12:06 | INFO | Results panel looks stuck. Clicking the feed and trying another scroll.
2026-04-03 03:13:04 | INFO | Results panel looks stuck. Clicking the feed and trying another scroll.
2026-04-03 03:14:02 | INFO | Results panel looks stuck. Clicking the feed and trying another scroll.
2026-04-03 03:15:00 | INFO | Results panel looks stuck. Clicking the feed and trying another scroll.
2026-04-03 03:15:58 | INFO | Results panel looks stuck. Clicking the feed and trying another scroll.
2026-04-03 03:16:56 | INFO | Results panel looks stuck. Clicking the feed and trying another scroll.
2026-04-03 03:17:54 | INFO | Results panel looks stuck. Clicking the feed and trying another scroll.
2026-04-03 03:18:51 | INFO | Results panel looks stuck. Clicking the feed and trying another scroll.
2026-04-03 03:19:49 | INFO | Results panel looks stuck. Clicking the feed and trying another scroll.
2026-04-03 03:20:47 | INFO | Results panel looks stuck. Clicking the feed and trying another scroll.
2026-04-03 03:21:44 | INFO | Results panel looks stuck. Clicking the feed and trying another scroll.
2026-04-03 03:22:42 | INFO | Results panel looks stuck. Clicking the feed and trying another scroll.
2026-04-03 03:23:40 | INFO | Results panel looks stuck. Clicking the feed and trying another scroll.
2026-04-03 03:24:38 | INFO | Results panel looks stuck. Clicking the feed and trying another scroll.
2026-04-03 03:25:36 | INFO | Results panel looks stuck. Clicking the feed and trying another scroll.
2026-04-03 03:26:34 | INFO | Results panel looks stuck. Clicking the feed and trying another scroll.
2026-04-03 03:27:31 | INFO | Results panel looks stuck. Clicking the feed and trying another scroll.
2026-04-03 03:28:29 | INFO | Results panel looks stuck. Clicking the feed and trying another scroll.
2026-04-03 03:29:27 | INFO | Results panel looks stuck. Clicking the feed and trying another scroll.
2026-04-03 03:30:24 | INFO | Results panel looks stuck. Clicking the feed and trying another scroll.
2026-04-03 03:31:22 | INFO | Results panel looks stuck. Clicking the feed and trying another scroll.
2026-04-03 03:32:20 | INFO | Results panel looks stuck. Clicking the feed and trying another scroll.
2026-04-03 03:33:17 | INFO | Results panel looks stuck. Clicking the feed and trying another scroll.
2026-04-03 03:34:15 | INFO | Results panel looks stuck. Clicking the feed and trying another scroll.
2026-04-03 03:35:13 | INFO | Results panel looks stuck. Clicking the feed and trying another scroll.
2026-04-03 03:36:11 | INFO | Results panel looks stuck. Clicking the feed and trying another scroll.
2026-04-03 03:37:08 | INFO | Results panel looks stuck. Clicking the feed and trying another scroll.
2026-04-03 03:38:06 | INFO | Results panel looks stuck. Clicking the feed and trying another scroll.
2026-04-03 03:39:03 | INFO | Results panel looks stuck. Clicking the feed and trying another scroll.
2026-04-03 03:40:01 | INFO | Results panel looks stuck. Clicking the feed and trying another scroll.
2026-04-03 03:40:59 | INFO | Results panel looks stuck. Clicking the feed and trying another scroll.
2026-04-03 03:41:57 | INFO | Results panel looks stuck. Clicking the feed and trying another scroll.
2026-04-03 03:42:54 | INFO | Results panel looks stuck. Clicking the feed and trying another scroll.
2026-04-03 03:43:52 | INFO | Results panel looks stuck. Clicking the feed and trying another scroll.
2026-04-03 03:44:49 | INFO | Results panel looks stuck. Clicking the feed and trying another scroll.
2026-04-03 03:45:47 | INFO | Results panel looks stuck. Clicking the feed and trying another scroll.
2026-04-03 03:46:45 | INFO | Results panel looks stuck. Clicking the feed and trying another scroll.
2026-04-03 03:47:43 | INFO | Results panel looks stuck. Clicking the feed and trying another scroll.
2026-04-03 03:48:41 | INFO | Results panel looks stuck. Clicking the feed and trying another scroll.
2026-04-03 03:49:38 | INFO | Results panel looks stuck. Clicking the feed and trying another scroll.
2026-04-03 03:50:36 | INFO | Results panel looks stuck. Clicking the feed and trying another scroll.
2026-04-03 03:51:34 | INFO | Results panel looks stuck. Clicking the feed and trying another scroll.
2026-04-03 03:52:32 | INFO | Results panel looks stuck. Clicking the feed and trying another scroll.
2026-04-03 03:53:30 | INFO | Results panel looks stuck. Clicking the feed and trying another scroll.
2026-04-03 03:54:27 | INFO | Results panel looks stuck. Clicking the feed and trying another scroll.
2026-04-03 03:55:25 | INFO | Results panel looks stuck. Clicking the feed and trying another scroll.
2026-04-03 03:56:23 | INFO | Results panel looks stuck. Clicking the feed and trying another scroll.
2026-04-03 03:57:20 | INFO | Results panel looks stuck. Clicking the feed and trying another scroll.
2026-04-03 03:58:18 | INFO | Results panel looks stuck. Clicking the feed and trying another scroll.
2026-04-03 03:59:16 | INFO | Results panel looks stuck. Clicking the feed and trying another scroll.
2026-04-03 04:00:14 | INFO | Results panel looks stuck. Clicking the feed and trying another scroll.
2026-04-03 04:01:11 | INFO | Results panel looks stuck. Clicking the feed and trying another scroll.
2026-04-03 04:02:09 | INFO | Results panel looks stuck. Clicking the feed and trying another scroll.
2026-04-03 04:03:07 | INFO | Results panel looks stuck. Clicking the feed and trying another scroll.
2026-04-03 04:04:04 | INFO | Results panel looks stuck. Clicking the feed and trying another scroll.
2026-04-03 04:05:02 | INFO | Results panel looks stuck. Clicking the feed and trying another scroll.
2026-04-03 04:06:00 | INFO | Results panel looks stuck. Clicking the feed and trying another scroll.
2026-04-03 04:06:57 | INFO | Results panel looks stuck. Clicking the feed and trying another scroll.
2026-04-03 04:07:55 | INFO | Results panel looks stuck. Clicking the feed and trying another scroll.
2026-04-03 04:08:53 | INFO | Results panel looks stuck. Clicking the feed and trying another scroll.
2026-04-03 04:09:50 | INFO | Results panel looks stuck. Clicking the feed and trying another scroll.
2026-04-03 04:10:48 | INFO | Results panel looks stuck. Clicking the feed and trying another scroll.
2026-04-03 04:11:46 | INFO | Results panel looks stuck. Clicking the feed and trying another scroll.
2026-04-03 04:12:43 | INFO | Results panel looks stuck. Clicking the feed and trying another scroll.
2026-04-03 04:13:41 | INFO | Results panel looks stuck. Clicking the feed and trying another scroll.
2026-04-03 04:14:39 | INFO | Results panel looks stuck. Clicking the feed and trying another scroll.
2026-04-03 04:15:37 | INFO | Results panel looks stuck. Clicking the feed and trying another scroll.
2026-04-03 04:16:35 | INFO | Results panel looks stuck. Clicking the feed and trying another scroll.
2026-04-03 04:17:32 | INFO | Results panel looks stuck. Clicking the feed and trying another scroll.
2026-04-03 04:18:30 | INFO | Results panel looks stuck. Clicking the feed and trying another scroll.
2026-04-03 04:19:28 | INFO | Results panel looks stuck. Clicking the feed and trying another scroll.
2026-04-03 04:20:26 | INFO | Results panel looks stuck. Clicking the feed and trying another scroll.
2026-04-03 04:21:24 | INFO | Results panel looks stuck. Clicking the feed and trying another scroll.
2026-04-03 04:22:21 | INFO | Results panel looks stuck. Clicking the feed and trying another scroll.
2026-04-03 04:23:19 | INFO | Results panel looks stuck. Clicking the feed and trying another scroll.
2026-04-03 04:24:17 | INFO | Results panel looks stuck. Clicking the feed and trying another scroll.
2026-04-03 04:25:15 | INFO | Results panel looks stuck. Clicking the feed and trying another scroll.
2026-04-03 04:26:12 | INFO | Results panel looks stuck. Clicking the feed and trying another scroll.
2026-04-03 04:27:10 | INFO | Results panel looks stuck. Clicking the feed and trying another scroll.
2026-04-03 04:28:08 | INFO | Results panel looks stuck. Clicking the feed and trying another scroll.
2026-04-03 04:29:06 | INFO | Results panel looks stuck. Clicking the feed and trying another scroll.
2026-04-03 04:30:04 | INFO | Results panel looks stuck. Clicking the feed and trying another scroll.
2026-04-03 04:31:01 | INFO | Results panel looks stuck. Clicking the feed and trying another scroll.
2026-04-03 04:31:59 | INFO | Results panel looks stuck. Clicking the feed and trying another scroll.
2026-04-03 04:32:57 | INFO | Results panel looks stuck. Clicking the feed and trying another scroll.
2026-04-03 04:33:55 | INFO | Results panel looks stuck. Clicking the feed and trying another scroll.
2026-04-03 04:34:53 | INFO | Results panel looks stuck. Clicking the feed and trying another scroll.
2026-04-03 04:35:50 | INFO | Results panel looks stuck. Clicking the feed and trying another scroll.
2026-04-03 04:36:48 | INFO | Results panel looks stuck. Clicking the feed and trying another scroll.
2026-04-03 04:37:46 | INFO | Results panel looks stuck. Clicking the feed and trying another scroll.
2026-04-03 04:38:44 | INFO | Results panel looks stuck. Clicking the feed and trying another scroll.
2026-04-03 04:39:41 | INFO | Results panel looks stuck. Clicking the feed and trying another scroll.
2026-04-03 04:40:39 | INFO | Results panel looks stuck. Clicking the feed and trying another scroll.
2026-04-03 04:41:37 | INFO | Results panel looks stuck. Clicking the feed and trying another scroll.
2026-04-03 04:42:34 | INFO | Results panel looks stuck. Clicking the feed and trying another scroll.
2026-04-03 04:43:32 | INFO | Results panel looks stuck. Clicking the feed and trying another scroll.
2026-04-03 04:44:30 | INFO | Results panel looks stuck. Clicking the feed and trying another scroll.
2026-04-03 04:45:28 | INFO | Results panel looks stuck. Clicking the feed and trying another scroll.
2026-04-03 04:46:26 | INFO | Results panel looks stuck. Clicking the feed and trying another scroll.
2026-04-03 04:47:24 | INFO | Results panel looks stuck. Clicking the feed and trying another scroll.
2026-04-03 04:48:21 | INFO | Results panel looks stuck. Clicking the feed and trying another scroll.
2026-04-03 04:49:19 | INFO | Results panel looks stuck. Clicking the feed and trying another scroll.
2026-04-03 04:50:17 | INFO | Results panel looks stuck. Clicking the feed and trying another scroll.
2026-04-03 04:51:14 | INFO | Results panel looks stuck. Clicking the feed and trying another scroll.
2026-04-03 04:52:12 | INFO | Results panel looks stuck. Clicking the feed and trying another scroll.
2026-04-03 04:53:10 | INFO | Results panel looks stuck. Clicking the feed and trying another scroll.
2026-04-03 04:54:08 | INFO | Results panel looks stuck. Clicking the feed and trying another scroll.
2026-04-03 04:55:05 | INFO | Results panel looks stuck. Clicking the feed and trying another scroll.
2026-04-03 04:56:03 | INFO | Results panel looks stuck. Clicking the feed and trying another scroll.
2026-04-03 04:57:00 | INFO | Results panel looks stuck. Clicking the feed and trying another scroll.
2026-04-03 04:57:58 | INFO | Results panel looks stuck. Clicking the feed and trying another scroll.
2026-04-03 04:58:56 | INFO | Results panel looks stuck. Clicking the feed and trying another scroll.
2026-04-03 04:59:54 | INFO | Results panel looks stuck. Clicking the feed and trying another scroll.
2026-04-03 05:00:51 | INFO | Results panel looks stuck. Clicking the feed and trying another scroll.
2026-04-03 05:01:49 | INFO | Results panel looks stuck. Clicking the feed and trying another scroll.
2026-04-03 05:02:47 | INFO | Results panel looks stuck. Clicking the feed and trying another scroll.
2026-04-03 05:03:45 | INFO | Results panel looks stuck. Clicking the feed and trying another scroll.
2026-04-03 05:04:42 | INFO | Results panel looks stuck. Clicking the feed and trying another scroll.
2026-04-03 05:05:40 | INFO | Results panel looks stuck. Clicking the feed and trying another scroll.
2026-04-03 05:06:38 | INFO | Results panel looks stuck. Clicking the feed and trying another scroll.
2026-04-03 05:07:36 | INFO | Results panel looks stuck. Clicking the feed and trying another scroll.
2026-04-03 05:08:34 | INFO | Results panel looks stuck. Clicking the feed and trying another scroll.
2026-04-03 05:09:31 | INFO | Results panel looks stuck. Clicking the feed and trying another scroll.
2026-04-03 05:10:29 | INFO | Results panel looks stuck. Clicking the feed and trying another scroll.
2026-04-03 05:11:27 | INFO | Results panel looks stuck. Clicking the feed and trying another scroll.
2026-04-03 05:12:25 | INFO | Results panel looks stuck. Clicking the feed and trying another scroll.
2026-04-03 05:13:23 | INFO | Results panel looks stuck. Clicking the feed and trying another scroll.
2026-04-03 05:14:21 | INFO | Results panel looks stuck. Clicking the feed and trying another scroll.
2026-04-03 05:15:19 | INFO | Results panel looks stuck. Clicking the feed and trying another scroll.
2026-04-03 05:16:16 | INFO | Results panel looks stuck. Clicking the feed and trying another scroll.
2026-04-03 05:17:14 | INFO | Results panel looks stuck. Clicking the feed and trying another scroll.
2026-04-03 05:18:12 | INFO | Results panel looks stuck. Clicking the feed and trying another scroll.
2026-04-03 05:19:09 | INFO | Results panel looks stuck. Clicking the feed and trying another scroll.
2026-04-03 05:20:07 | INFO | Results panel looks stuck. Clicking the feed and trying another scroll.
2026-04-03 05:21:05 | INFO | Results panel looks stuck. Clicking the feed and trying another scroll.
2026-04-03 05:22:02 | INFO | Results panel looks stuck. Clicking the feed and trying another scroll.
2026-04-03 05:23:00 | INFO | Results panel looks stuck. Clicking the feed and trying another scroll.
2026-04-03 05:23:57 | INFO | Results panel looks stuck. Clicking the feed and trying another scroll.
2026-04-03 05:24:55 | INFO | Results panel looks stuck. Clicking the feed and trying another scroll.
2026-04-03 05:25:53 | INFO | Results panel looks stuck. Clicking the feed and trying another scroll.
2026-04-03 05:26:50 | INFO | Results panel looks stuck. Clicking the feed and trying another scroll.
2026-04-03 05:27:49 | INFO | Results panel looks stuck. Clicking the feed and trying another scroll.
2026-04-03 05:28:46 | INFO | Results panel looks stuck. Clicking the feed and trying another scroll.
2026-04-03 05:29:44 | INFO | Results panel looks stuck. Clicking the feed and trying another scroll.
2026-04-03 05:30:42 | INFO | Results panel looks stuck. Clicking the feed and trying another scroll.
2026-04-03 05:31:40 | INFO | Results panel looks stuck. Clicking the feed and trying another scroll.
2026-04-03 05:32:37 | INFO | Results panel looks stuck. Clicking the feed and trying another scroll.
2026-04-03 05:33:35 | INFO | Results panel looks stuck. Clicking the feed and trying another scroll.
2026-04-03 05:34:33 | INFO | Results panel looks stuck. Clicking the feed and trying another scroll.
2026-04-03 05:35:30 | INFO | Results panel looks stuck. Clicking the feed and trying another scroll.
2026-04-03 05:36:28 | INFO | Results panel looks stuck. Clicking the feed and trying another scroll.
2026-04-03 05:37:26 | INFO | Results panel looks stuck. Clicking the feed and trying another scroll.
2026-04-03 05:38:24 | INFO | Results panel looks stuck. Clicking the feed and trying another scroll.
2026-04-03 05:39:22 | INFO | Results panel looks stuck. Clicking the feed and trying another scroll.
2026-04-03 05:40:20 | INFO | Results panel looks stuck. Clicking the feed and trying another scroll.
2026-04-03 05:41:17 | INFO | Results panel looks stuck. Clicking the feed and trying another scroll.
2026-04-03 05:42:15 | INFO | Results panel looks stuck. Clicking the feed and trying another scroll.
2026-04-03 05:43:13 | INFO | Results panel looks stuck. Clicking the feed and trying another scroll.
2026-04-03 05:44:11 | INFO | Results panel looks stuck. Clicking the feed and trying another scroll.
2026-04-03 05:45:08 | INFO | Results panel looks stuck. Clicking the feed and trying another scroll.
2026-04-03 05:46:06 | INFO | Results panel looks stuck. Clicking the feed and trying another scroll.
2026-04-03 05:47:04 | INFO | Results panel looks stuck. Clicking the feed and trying another scroll.
2026-04-03 05:48:01 | INFO | Results panel looks stuck. Clicking the feed and trying another scroll.
2026-04-03 05:48:59 | INFO | Results panel looks stuck. Clicking the feed and trying another scroll.
2026-04-03 05:49:56 | INFO | Results panel looks stuck. Clicking the feed and trying another scroll.
2026-04-03 05:50:54 | INFO | Results panel looks stuck. Clicking the feed and trying another scroll.
2026-04-03 05:51:52 | INFO | Results panel looks stuck. Clicking the feed and trying another scroll.
2026-04-03 05:52:50 | INFO | Results panel looks stuck. Clicking the feed and trying another scroll.
2026-04-03 05:53:47 | INFO | Results panel looks stuck. Clicking the feed and trying another scroll.
2026-04-03 05:54:45 | INFO | Results panel looks stuck. Clicking the feed and trying another scroll.
2026-04-03 05:55:43 | INFO | Results panel looks stuck. Clicking the feed and trying another scroll.
2026-04-03 05:56:41 | INFO | Results panel looks stuck. Clicking the feed and trying another scroll.
2026-04-03 05:57:39 | INFO | Results panel looks stuck. Clicking the feed and trying another scroll.
2026-04-03 05:58:36 | INFO | Results panel looks stuck. Clicking the feed and trying another scroll.
2026-04-03 05:59:34 | INFO | Results panel looks stuck. Clicking the feed and trying another scroll.
2026-04-03 06:00:31 | INFO | Results panel looks stuck. Clicking the feed and trying another scroll.
2026-04-03 06:01:29 | INFO | Results panel looks stuck. Clicking the feed and trying another scroll.
2026-04-03 06:02:27 | INFO | Results panel looks stuck. Clicking the feed and trying another scroll.
2026-04-03 06:03:25 | INFO | Results panel looks stuck. Clicking the feed and trying another scroll.
2026-04-03 06:04:22 | INFO | Results panel looks stuck. Clicking the feed and trying another scroll.
2026-04-03 06:05:20 | INFO | Results panel looks stuck. Clicking the feed and trying another scroll.
2026-04-03 06:06:17 | INFO | Results panel looks stuck. Clicking the feed and trying another scroll.
2026-04-03 06:07:15 | INFO | Results panel looks stuck. Clicking the feed and trying another scroll.
2026-04-03 06:08:13 | INFO | Results panel looks stuck. Clicking the feed and trying another scroll.
2026-04-03 06:09:11 | INFO | Results panel looks stuck. Clicking the feed and trying another scroll.
2026-04-03 06:10:08 | INFO | Results panel looks stuck. Clicking the feed and trying another scroll.
2026-04-03 06:11:06 | INFO | Results panel looks stuck. Clicking the feed and trying another scroll.
2026-04-03 06:12:04 | INFO | Results panel looks stuck. Clicking the feed and trying another scroll.
2026-04-03 06:13:01 | INFO | Results panel looks stuck. Clicking the feed and trying another scroll.
2026-04-03 06:13:59 | INFO | Results panel looks stuck. Clicking the feed and trying another scroll.
2026-04-03 06:14:57 | INFO | Results panel looks stuck. Clicking the feed and trying another scroll.
2026-04-03 06:15:55 | INFO | Results panel looks stuck. Clicking the feed and trying another scroll.
2026-04-03 06:16:52 | INFO | Results panel looks stuck. Clicking the feed and trying another scroll.
2026-04-03 06:17:50 | INFO | Results panel looks stuck. Clicking the feed and trying another scroll.
2026-04-03 06:18:47 | INFO | Results panel looks stuck. Clicking the feed and trying another scroll.
2026-04-03 06:19:45 | INFO | Results panel looks stuck. Clicking the feed and trying another scroll.
2026-04-03 06:20:43 | INFO | Results panel looks stuck. Clicking the feed and trying another scroll.
2026-04-03 06:21:41 | INFO | Results panel looks stuck. Clicking the feed and trying another scroll.
2026-04-03 06:22:38 | INFO | Results panel looks stuck. Clicking the feed and trying another scroll.
2026-04-03 06:23:36 | INFO | Results panel looks stuck. Clicking the feed and trying another scroll.
2026-04-03 06:24:34 | INFO | Results panel looks stuck. Clicking the feed and trying another scroll.
2026-04-03 06:25:32 | INFO | Results panel looks stuck. Clicking the feed and trying another scroll.
2026-04-03 06:26:30 | INFO | Results panel looks stuck. Clicking the feed and trying another scroll.
2026-04-03 06:27:27 | INFO | Results panel looks stuck. Clicking the feed and trying another scroll.
2026-04-03 06:28:25 | INFO | Results panel looks stuck. Clicking the feed and trying another scroll.
2026-04-03 06:29:23 | INFO | Results panel looks stuck. Clicking the feed and trying another scroll.
2026-04-03 06:30:21 | INFO | Results panel looks stuck. Clicking the feed and trying another scroll.
2026-04-03 06:31:19 | INFO | Results panel looks stuck. Clicking the feed and trying another scroll.
2026-04-03 06:32:16 | INFO | Results panel looks stuck. Clicking the feed and trying another scroll.
2026-04-03 06:33:14 | INFO | Results panel looks stuck. Clicking the feed and trying another scroll.
2026-04-03 06:34:12 | INFO | Results panel looks stuck. Clicking the feed and trying another scroll.
2026-04-03 06:35:10 | INFO | Results panel looks stuck. Clicking the feed and trying another scroll.
2026-04-03 06:36:08 | INFO | Results panel looks stuck. Clicking the feed and trying another scroll.
2026-04-03 06:37:06 | INFO | Results panel looks stuck. Clicking the feed and trying another scroll.
2026-04-03 06:38:03 | INFO | Results panel looks stuck. Clicking the feed and trying another scroll.
2026-04-03 06:39:01 | INFO | Results panel looks stuck. Clicking the feed and trying another scroll.
2026-04-03 06:39:59 | INFO | Results panel looks stuck. Clicking the feed and trying another scroll.
2026-04-03 06:40:56 | INFO | Results panel looks stuck. Clicking the feed and trying another scroll.
2026-04-03 06:41:54 | INFO | Results panel looks stuck. Clicking the feed and trying another scroll.
2026-04-03 06:42:52 | INFO | Results panel looks stuck. Clicking the feed and trying another scroll.
2026-04-03 06:43:49 | INFO | Results panel looks stuck. Clicking the feed and trying another scroll.
2026-04-03 06:44:47 | INFO | Results panel looks stuck. Clicking the feed and trying another scroll.
2026-04-03 06:45:45 | INFO | Results panel looks stuck. Clicking the feed and trying another scroll.
2026-04-03 06:46:42 | INFO | Results panel looks stuck. Clicking the feed and trying another scroll.
2026-04-03 06:47:40 | INFO | Results panel looks stuck. Clicking the feed and trying another scroll.
2026-04-03 06:48:38 | INFO | Results panel looks stuck. Clicking the feed and trying another scroll.
2026-04-03 06:49:35 | INFO | Results panel looks stuck. Clicking the feed and trying another scroll.
2026-04-03 06:50:33 | INFO | Results panel looks stuck. Clicking the feed and trying another scroll.
2026-04-03 06:51:31 | INFO | Results panel looks stuck. Clicking the feed and trying another scroll.
2026-04-03 06:52:29 | INFO | Results panel looks stuck. Clicking the feed and trying another scroll.
2026-04-03 06:53:26 | INFO | Results panel looks stuck. Clicking the feed and trying another scroll.
2026-04-03 06:54:24 | INFO | Results panel looks stuck. Clicking the feed and trying another scroll.
2026-04-03 06:55:22 | INFO | Results panel looks stuck. Clicking the feed and trying another scroll.
2026-04-03 06:56:20 | INFO | Results panel looks stuck. Clicking the feed and trying another scroll.
2026-04-03 06:57:17 | INFO | Results panel looks stuck. Clicking the feed and trying another scroll.
2026-04-03 06:58:15 | INFO | Results panel looks stuck. Clicking the feed and trying another scroll.
2026-04-03 06:59:12 | INFO | Results panel looks stuck. Clicking the feed and trying another scroll.
2026-04-03 07:00:10 | INFO | Results panel looks stuck. Clicking the feed and trying another scroll.
2026-04-03 07:01:08 | INFO | Results panel looks stuck. Clicking the feed and trying another scroll.
2026-04-03 07:02:06 | INFO | Results panel looks stuck. Clicking the feed and trying another scroll.
2026-04-03 07:03:04 | INFO | Results panel looks stuck. Clicking the feed and trying another scroll.
2026-04-03 07:04:01 | INFO | Results panel looks stuck. Clicking the feed and trying another scroll.
2026-04-03 07:04:59 | INFO | Results panel looks stuck. Clicking the feed and trying another scroll.
2026-04-03 07:05:57 | INFO | Results panel looks stuck. Clicking the feed and trying another scroll.
2026-04-03 07:06:55 | INFO | Results panel looks stuck. Clicking the feed and trying another scroll.
2026-04-03 07:07:53 | INFO | Results panel looks stuck. Clicking the feed and trying another scroll.
2026-04-03 07:08:50 | INFO | Results panel looks stuck. Clicking the feed and trying another scroll.
2026-04-03 07:09:48 | INFO | Results panel looks stuck. Clicking the feed and trying another scroll.
2026-04-03 07:10:46 | INFO | Results panel looks stuck. Clicking the feed and trying another scroll.
2026-04-03 07:11:43 | INFO | Results panel looks stuck. Clicking the feed and trying another scroll.
2026-04-03 07:12:41 | INFO | Results panel looks stuck. Clicking the feed and trying another scroll.
2026-04-03 07:13:38 | INFO | Results panel looks stuck. Clicking the feed and trying another scroll.
2026-04-03 07:14:36 | INFO | Results panel looks stuck. Clicking the feed and trying another scroll.
2026-04-03 07:15:34 | INFO | Results panel looks stuck. Clicking the feed and trying another scroll.
2026-04-03 07:16:32 | INFO | Results panel looks stuck. Clicking the feed and trying another scroll.
2026-04-03 07:17:29 | INFO | Results panel looks stuck. Clicking the feed and trying another scroll.
2026-04-03 07:18:27 | INFO | Results panel looks stuck. Clicking the feed and trying another scroll.
2026-04-03 07:19:25 | INFO | Results panel looks stuck. Clicking the feed and trying another scroll.
2026-04-03 07:20:23 | INFO | Results panel looks stuck. Clicking the feed and trying another scroll.
2026-04-03 07:21:21 | INFO | Results panel looks stuck. Clicking the feed and trying another scroll.
2026-04-03 07:22:18 | INFO | Results panel looks stuck. Clicking the feed and trying another scroll.
2026-04-03 07:23:16 | INFO | Results panel looks stuck. Clicking the feed and trying another scroll.
2026-04-03 07:24:14 | INFO | Results panel looks stuck. Clicking the feed and trying another scroll.
2026-04-03 07:25:11 | INFO | Results panel looks stuck. Clicking the feed and trying another scroll.
2026-04-03 07:26:09 | INFO | Results panel looks stuck. Clicking the feed and trying another scroll.
2026-04-03 07:27:07 | INFO | Results panel looks stuck. Clicking the feed and trying another scroll.
2026-04-03 07:28:05 | INFO | Results panel looks stuck. Clicking the feed and trying another scroll.
2026-04-03 07:29:02 | INFO | Results panel looks stuck. Clicking the feed and trying another scroll.
2026-04-03 07:30:00 | INFO | Results panel looks stuck. Clicking the feed and trying another scroll.
2026-04-03 07:30:58 | INFO | Results panel looks stuck. Clicking the feed and trying another scroll.
2026-04-03 07:31:56 | INFO | Results panel looks stuck. Clicking the feed and trying another scroll.
2026-04-03 07:32:54 | INFO | Results panel looks stuck. Clicking the feed and trying another scroll.
2026-04-03 07:33:51 | INFO | Results panel looks stuck. Clicking the feed and trying another scroll.
2026-04-03 07:34:49 | INFO | Results panel looks stuck. Clicking the feed and trying another scroll.
2026-04-03 07:35:46 | INFO | Results panel looks stuck. Clicking the feed and trying another scroll.
2026-04-03 07:36:44 | INFO | Results panel looks stuck. Clicking the feed and trying another scroll.
2026-04-03 07:37:42 | INFO | Results panel looks stuck. Clicking the feed and trying another scroll.
2026-04-03 07:38:40 | INFO | Results panel looks stuck. Clicking the feed and trying another scroll.
2026-04-03 07:39:37 | INFO | Results panel looks stuck. Clicking the feed and trying another scroll.
2026-04-03 07:40:35 | INFO | Results panel looks stuck. Clicking the feed and trying another scroll.
2026-04-03 07:41:33 | INFO | Results panel looks stuck. Clicking the feed and trying another scroll.
2026-04-03 07:42:30 | INFO | Results panel looks stuck. Clicking the feed and trying another scroll.
2026-04-03 07:43:28 | INFO | Results panel looks stuck. Clicking the feed and trying another scroll.
2026-04-03 07:44:26 | INFO | Results panel looks stuck. Clicking the feed and trying another scroll.
2026-04-03 07:45:24 | INFO | Results panel looks stuck. Clicking the feed and trying another scroll.
2026-04-03 07:46:21 | INFO | Results panel looks stuck. Clicking the feed and trying another scroll.
2026-04-03 07:47:19 | INFO | Results panel looks stuck. Clicking the feed and trying another scroll.
2026-04-03 07:48:17 | INFO | Results panel looks stuck. Clicking the feed and trying another scroll.
2026-04-03 07:49:14 | INFO | Results panel looks stuck. Clicking the feed and trying another scroll.
2026-04-03 07:50:12 | INFO | Results panel looks stuck. Clicking the feed and trying another scroll.
2026-04-03 07:51:09 | INFO | Results panel looks stuck. Clicking the feed and trying another scroll.
2026-04-03 07:52:07 | INFO | Results panel looks stuck. Clicking the feed and trying another scroll.
2026-04-03 07:53:05 | INFO | Results panel looks stuck. Clicking the feed and trying another scroll.
2026-04-03 07:54:02 | INFO | Results panel looks stuck. Clicking the feed and trying another scroll.
2026-04-03 07:55:00 | INFO | Results panel looks stuck. Clicking the feed and trying another scroll.
2026-04-03 07:55:58 | INFO | Results panel looks stuck. Clicking the feed and trying another scroll.
2026-04-03 07:56:56 | INFO | Results panel looks stuck. Clicking the feed and trying another scroll.
2026-04-03 07:57:53 | INFO | Results panel looks stuck. Clicking the feed and trying another scroll.
2026-04-03 07:58:51 | INFO | Results panel looks stuck. Clicking the feed and trying another scroll.
2026-04-03 07:59:49 | INFO | Results panel looks stuck. Clicking the feed and trying another scroll.
2026-04-03 08:00:47 | INFO | Results panel looks stuck. Clicking the feed and trying another scroll.
2026-04-03 08:01:45 | INFO | Results panel looks stuck. Clicking the feed and trying another scroll.
2026-04-03 08:02:42 | INFO | Results panel looks stuck. Clicking the feed and trying another scroll.
2026-04-03 08:03:40 | INFO | Results panel looks stuck. Clicking the feed and trying another scroll.
2026-04-03 08:04:38 | INFO | Results panel looks stuck. Clicking the feed and trying another scroll.
2026-04-03 08:05:36 | INFO | Results panel looks stuck. Clicking the feed and trying another scroll.
2026-04-03 08:06:33 | INFO | Results panel looks stuck. Clicking the feed and trying another scroll.
2026-04-03 08:07:31 | INFO | Results panel looks stuck. Clicking the feed and trying another scroll.
2026-04-03 08:08:29 | INFO | Results panel looks stuck. Clicking the feed and trying another scroll.
2026-04-03 08:09:26 | INFO | Results panel looks stuck. Clicking the feed and trying another scroll.
2026-04-03 08:10:24 | INFO | Results panel looks stuck. Clicking the feed and trying another scroll.
2026-04-03 08:11:22 | INFO | Results panel looks stuck. Clicking the feed and trying another scroll.
2026-04-03 08:12:20 | INFO | Results panel looks stuck. Clicking the feed and trying another scroll.
2026-04-03 08:13:18 | INFO | Results panel looks stuck. Clicking the feed and trying another scroll.
2026-04-03 08:14:15 | INFO | Results panel looks stuck. Clicking the feed and trying another scroll.
2026-04-03 08:15:13 | INFO | Results panel looks stuck. Clicking the feed and trying another scroll.
2026-04-03 08:16:10 | INFO | Results panel looks stuck. Clicking the feed and trying another scroll.
2026-04-03 08:17:08 | INFO | Results panel looks stuck. Clicking the feed and trying another scroll.
2026-04-03 08:18:06 | INFO | Results panel looks stuck. Clicking the feed and trying another scroll.
2026-04-03 08:19:04 | INFO | Results panel looks stuck. Clicking the feed and trying another scroll.
2026-04-03 08:20:01 | INFO | Results panel looks stuck. Clicking the feed and trying another scroll.
2026-04-03 08:20:59 | INFO | Results panel looks stuck. Clicking the feed and trying another scroll.
2026-04-03 08:21:56 | INFO | Results panel looks stuck. Clicking the feed and trying another scroll.
2026-04-03 08:22:54 | INFO | Results panel looks stuck. Clicking the feed and trying another scroll.
2026-04-03 08:23:52 | INFO | Results panel looks stuck. Clicking the feed and trying another scroll.
2026-04-03 08:24:49 | INFO | Results panel looks stuck. Clicking the feed and trying another scroll.
2026-04-03 08:25:47 | INFO | Results panel looks stuck. Clicking the feed and trying another scroll.
2026-04-03 08:26:45 | INFO | Results panel looks stuck. Clicking the feed and trying another scroll.
2026-04-03 08:27:43 | INFO | Results panel looks stuck. Clicking the feed and trying another scroll.
2026-04-03 08:28:41 | INFO | Results panel looks stuck. Clicking the feed and trying another scroll.
2026-04-03 08:29:39 | INFO | Results panel looks stuck. Clicking the feed and trying another scroll.
2026-04-03 08:30:36 | INFO | Results panel looks stuck. Clicking the feed and trying another scroll.
2026-04-03 08:31:34 | INFO | Results panel looks stuck. Clicking the feed and trying another scroll.
2026-04-03 08:32:32 | INFO | Results panel looks stuck. Clicking the feed and trying another scroll.
2026-04-03 08:33:29 | INFO | Results panel looks stuck. Clicking the feed and trying another scroll.
2026-04-03 08:34:27 | INFO | Results panel looks stuck. Clicking the feed and trying another scroll.
2026-04-03 08:35:25 | INFO | Results panel looks stuck. Clicking the feed and trying another scroll.
2026-04-03 08:36:23 | INFO | Results panel looks stuck. Clicking the feed and trying another scroll.
2026-04-03 08:37:20 | INFO | Results panel looks stuck. Clicking the feed and trying another scroll.
2026-04-03 08:38:18 | INFO | Results panel looks stuck. Clicking the feed and trying another scroll.
2026-04-03 08:39:15 | INFO | Results panel looks stuck. Clicking the feed and trying another scroll.
2026-04-03 08:40:13 | INFO | Results panel looks stuck. Clicking the feed and trying another scroll.
2026-04-03 08:41:11 | INFO | Results panel looks stuck. Clicking the feed and trying another scroll.
2026-04-03 08:42:08 | INFO | Results panel looks stuck. Clicking the feed and trying another scroll.
2026-04-03 08:43:06 | INFO | Results panel looks stuck. Clicking the feed and trying another scroll.
2026-04-03 08:44:04 | INFO | Results panel looks stuck. Clicking the feed and trying another scroll.
2026-04-03 08:45:02 | INFO | Results panel looks stuck. Clicking the feed and trying another scroll.
2026-04-03 08:45:59 | INFO | Results panel looks stuck. Clicking the feed and trying another scroll.
2026-04-03 08:46:57 | INFO | Results panel looks stuck. Clicking the feed and trying another scroll.
2026-04-03 08:47:55 | INFO | Results panel looks stuck. Clicking the feed and trying another scroll.
2026-04-03 08:48:52 | INFO | Results panel looks stuck. Clicking the feed and trying another scroll.
2026-04-03 08:49:50 | INFO | Results panel looks stuck. Clicking the feed and trying another scroll.
2026-04-03 08:50:48 | INFO | Results panel looks stuck. Clicking the feed and trying another scroll.
2026-04-03 08:51:46 | INFO | Results panel looks stuck. Clicking the feed and trying another scroll.
2026-04-03 08:52:43 | INFO | Results panel looks stuck. Clicking the feed and trying another scroll.
2026-04-03 08:53:41 | INFO | Results panel looks stuck. Clicking the feed and trying another scroll.
2026-04-03 08:54:39 | INFO | Results panel looks stuck. Clicking the feed and trying another scroll.
2026-04-03 08:55:36 | INFO | Results panel looks stuck. Clicking the feed and trying another scroll.
2026-04-03 08:56:34 | INFO | Results panel looks stuck. Clicking the feed and trying another scroll.
2026-04-03 08:57:32 | INFO | Results panel looks stuck. Clicking the feed and trying another scroll.
2026-04-03 08:58:30 | INFO | Results panel looks stuck. Clicking the feed and trying another scroll.
2026-04-03 08:59:27 | INFO | Results panel looks stuck. Clicking the feed and trying another scroll.
2026-04-03 09:00:25 | INFO | Results panel looks stuck. Clicking the feed and trying another scroll.
2026-04-03 09:01:22 | INFO | Results panel looks stuck. Clicking the feed and trying another scroll.
2026-04-03 09:02:20 | INFO | Results panel looks stuck. Clicking the feed and trying another scroll.
2026-04-03 09:03:18 | INFO | Results panel looks stuck. Clicking the feed and trying another scroll.
2026-04-03 09:04:15 | INFO | Results panel looks stuck. Clicking the feed and trying another scroll.
2026-04-03 09:05:13 | INFO | Results panel looks stuck. Clicking the feed and trying another scroll.
2026-04-03 09:06:11 | INFO | Results panel looks stuck. Clicking the feed and trying another scroll.
2026-04-03 09:07:09 | INFO | Results panel looks stuck. Clicking the feed and trying another scroll.
2026-04-03 09:08:06 | INFO | Results panel looks stuck. Clicking the feed and trying another scroll.
2026-04-03 09:09:04 | INFO | Results panel looks stuck. Clicking the feed and trying another scroll.
2026-04-03 09:10:02 | INFO | Results panel looks stuck. Clicking the feed and trying another scroll.
2026-04-03 09:11:00 | INFO | Results panel looks stuck. Clicking the feed and trying another scroll.
2026-04-03 09:11:58 | INFO | Results panel looks stuck. Clicking the feed and trying another scroll.
2026-04-03 09:12:55 | INFO | Results panel looks stuck. Clicking the feed and trying another scroll.
2026-04-03 09:13:53 | INFO | Results panel looks stuck. Clicking the feed and trying another scroll.
2026-04-03 09:14:50 | INFO | Results panel looks stuck. Clicking the feed and trying another scroll.
2026-04-03 09:15:48 | INFO | Results panel looks stuck. Clicking the feed and trying another scroll.
2026-04-03 09:16:46 | INFO | Results panel looks stuck. Clicking the feed and trying another scroll.
2026-04-03 09:17:44 | INFO | Results panel looks stuck. Clicking the feed and trying another scroll.
2026-04-03 09:18:42 | INFO | Results panel looks stuck. Clicking the feed and trying another scroll.
2026-04-03 09:19:40 | INFO | Results panel looks stuck. Clicking the feed and trying another scroll.
2026-04-03 09:20:37 | INFO | Results panel looks stuck. Clicking the feed and trying another scroll.
2026-04-03 09:21:35 | INFO | Results panel looks stuck. Clicking the feed and trying another scroll.
2026-04-03 09:22:33 | INFO | Results panel looks stuck. Clicking the feed and trying another scroll.
2026-04-03 09:23:31 | INFO | Results panel looks stuck. Clicking the feed and trying another scroll.
2026-04-03 09:24:28 | INFO | Results panel looks stuck. Clicking the feed and trying another scroll.
2026-04-03 09:25:26 | INFO | Results panel looks stuck. Clicking the feed and trying another scroll.
2026-04-03 09:26:24 | INFO | Results panel looks stuck. Clicking the feed and trying another scroll.
2026-04-03 09:27:22 | INFO | Results panel looks stuck. Clicking the feed and trying another scroll.
2026-04-03 09:28:20 | INFO | Results panel looks stuck. Clicking the feed and trying another scroll.
2026-04-03 09:29:17 | INFO | Results panel looks stuck. Clicking the feed and trying another scroll.
2026-04-03 09:30:15 | INFO | Results panel looks stuck. Clicking the feed and trying another scroll.
2026-04-03 09:31:13 | INFO | Results panel looks stuck. Clicking the feed and trying another scroll.
2026-04-03 09:32:10 | INFO | Results panel looks stuck. Clicking the feed and trying another scroll.
2026-04-03 09:33:08 | INFO | Results panel looks stuck. Clicking the feed and trying another scroll.
2026-04-03 09:34:05 | INFO | Results panel looks stuck. Clicking the feed and trying another scroll.
2026-04-03 09:35:03 | INFO | Results panel looks stuck. Clicking the feed and trying another scroll.
2026-04-03 09:36:01 | INFO | Results panel looks stuck. Clicking the feed and trying another scroll.
2026-04-03 09:36:59 | INFO | Results panel looks stuck. Clicking the feed and trying another scroll.
2026-04-03 09:37:56 | INFO | Results panel looks stuck. Clicking the feed and trying another scroll.
2026-04-03 09:38:54 | INFO | Results panel looks stuck. Clicking the feed and trying another scroll.
2026-04-03 09:39:52 | INFO | Results panel looks stuck. Clicking the feed and trying another scroll.
2026-04-03 09:40:49 | INFO | Results panel looks stuck. Clicking the feed and trying another scroll.
2026-04-03 09:41:47 | INFO | Results panel looks stuck. Clicking the feed and trying another scroll.
2026-04-03 09:42:45 | INFO | Results panel looks stuck. Clicking the feed and trying another scroll.
2026-04-03 09:43:43 | INFO | Results panel looks stuck. Clicking the feed and trying another scroll.
2026-04-03 09:44:41 | INFO | Results panel looks stuck. Clicking the feed and trying another scroll.
2026-04-03 09:45:38 | INFO | Results panel looks stuck. Clicking the feed and trying another scroll.
2026-04-03 09:46:36 | INFO | Results panel looks stuck. Clicking the feed and trying another scroll.
2026-04-03 09:47:33 | INFO | Results panel looks stuck. Clicking the feed and trying another scroll.
2026-04-03 09:48:31 | INFO | Results panel looks stuck. Clicking the feed and trying another scroll.
2026-04-03 09:49:29 | INFO | Results panel looks stuck. Clicking the feed and trying another scroll.
2026-04-03 09:50:27 | INFO | Results panel looks stuck. Clicking the feed and trying another scroll.
2026-04-03 09:51:25 | INFO | Results panel looks stuck. Clicking the feed and trying another scroll.
2026-04-03 09:52:22 | INFO | Results panel looks stuck. Clicking the feed and trying another scroll.
2026-04-03 09:53:20 | INFO | Results panel looks stuck. Clicking the feed and trying another scroll.
2026-04-03 09:54:17 | INFO | Results panel looks stuck. Clicking the feed and trying another scroll.
2026-04-03 09:55:15 | INFO | Results panel looks stuck. Clicking the feed and trying another scroll.
2026-04-03 09:56:13 | INFO | Results panel looks stuck. Clicking the feed and trying another scroll.
2026-04-03 09:57:11 | INFO | Results panel looks stuck. Clicking the feed and trying another scroll.
2026-04-03 09:58:09 | INFO | Results panel looks stuck. Clicking the feed and trying another scroll.
2026-04-03 09:59:06 | INFO | Results panel looks stuck. Clicking the feed and trying another scroll.
2026-04-03 10:00:04 | INFO | Results panel looks stuck. Clicking the feed and trying another scroll.
2026-04-03 10:01:02 | INFO | Results panel looks stuck. Clicking the feed and trying another scroll.
2026-04-03 10:02:00 | INFO | Results panel looks stuck. Clicking the feed and trying another scroll.
2026-04-03 10:02:57 | INFO | Results panel looks stuck. Clicking the feed and trying another scroll.
2026-04-03 10:03:55 | INFO | Results panel looks stuck. Clicking the feed and trying another scroll.
2026-04-03 10:04:53 | INFO | Results panel looks stuck. Clicking the feed and trying another scroll.
2026-04-03 10:05:50 | INFO | Results panel looks stuck. Clicking the feed and trying another scroll.
2026-04-03 10:06:48 | INFO | Results panel looks stuck. Clicking the feed and trying another scroll.
2026-04-03 10:07:45 | INFO | Results panel looks stuck. Clicking the feed and trying another scroll.
2026-04-03 10:08:43 | INFO | Results panel looks stuck. Clicking the feed and trying another scroll.
2026-04-03 10:09:41 | INFO | Results panel looks stuck. Clicking the feed and trying another scroll.
2026-04-03 10:10:39 | INFO | Results panel looks stuck. Clicking the feed and trying another scroll.
2026-04-03 10:11:37 | INFO | Results panel looks stuck. Clicking the feed and trying another scroll.
2026-04-03 10:12:34 | INFO | Results panel looks stuck. Clicking the feed and trying another scroll.
2026-04-03 10:13:32 | INFO | Results panel looks stuck. Clicking the feed and trying another scroll.
2026-04-03 10:14:30 | INFO | Results panel looks stuck. Clicking the feed and trying another scroll.
2026-04-03 10:15:28 | INFO | Results panel looks stuck. Clicking the feed and trying another scroll.
2026-04-03 10:16:26 | INFO | Results panel looks stuck. Clicking the feed and trying another scroll.
2026-04-03 10:17:24 | INFO | Results panel looks stuck. Clicking the feed and trying another scroll.
2026-04-03 10:18:21 | INFO | Results panel looks stuck. Clicking the feed and trying another scroll.
2026-04-03 10:19:19 | INFO | Results panel looks stuck. Clicking the feed and trying another scroll.
2026-04-03 10:20:17 | INFO | Results panel looks stuck. Clicking the feed and trying another scroll.
2026-04-03 10:21:15 | INFO | Results panel looks stuck. Clicking the feed and trying another scroll.
2026-04-03 10:22:12 | INFO | Results panel looks stuck. Clicking the feed and trying another scroll.
2026-04-03 10:23:10 | INFO | Results panel looks stuck. Clicking the feed and trying another scroll.
2026-04-03 10:24:08 | INFO | Results panel looks stuck. Clicking the feed and trying another scroll.
2026-04-03 10:25:05 | INFO | Results panel looks stuck. Clicking the feed and trying another scroll.
2026-04-03 10:26:03 | INFO | Results panel looks stuck. Clicking the feed and trying another scroll.
2026-04-03 10:27:01 | INFO | Results panel looks stuck. Clicking the feed and trying another scroll.
2026-04-03 10:27:59 | INFO | Results panel looks stuck. Clicking the feed and trying another scroll.
2026-04-03 10:28:56 | INFO | Results panel looks stuck. Clicking the feed and trying another scroll.
2026-04-03 10:29:54 | INFO | Results panel looks stuck. Clicking the feed and trying another scroll.
2026-04-03 10:30:52 | INFO | Results panel looks stuck. Clicking the feed and trying another scroll.
2026-04-03 10:31:50 | INFO | Results panel looks stuck. Clicking the feed and trying another scroll.
2026-04-03 10:32:48 | INFO | Results panel looks stuck. Clicking the feed and trying another scroll.
2026-04-03 10:33:45 | INFO | Results panel looks stuck. Clicking the feed and trying another scroll.
2026-04-03 10:34:43 | INFO | Results panel looks stuck. Clicking the feed and trying another scroll.
2026-04-03 10:35:41 | INFO | Results panel looks stuck. Clicking the feed and trying another scroll.
2026-04-03 10:36:38 | INFO | Results panel looks stuck. Clicking the feed and trying another scroll.
2026-04-03 10:37:36 | INFO | Results panel looks stuck. Clicking the feed and trying another scroll.
2026-04-03 10:38:34 | INFO | Results panel looks stuck. Clicking the feed and trying another scroll.
2026-04-03 10:39:31 | INFO | Results panel looks stuck. Clicking the feed and trying another scroll.
2026-04-03 10:40:29 | INFO | Results panel looks stuck. Clicking the feed and trying another scroll.
2026-04-03 10:41:27 | INFO | Results panel looks stuck. Clicking the feed and trying another scroll.
2026-04-03 10:42:25 | INFO | Results panel looks stuck. Clicking the feed and trying another scroll.
2026-04-03 10:43:22 | INFO | Results panel looks stuck. Clicking the feed and trying another scroll.
2026-04-03 10:44:20 | INFO | Results panel looks stuck. Clicking the feed and trying another scroll.
2026-04-03 10:45:18 | INFO | Results panel looks stuck. Clicking the feed and trying another scroll.
2026-04-03 10:46:15 | INFO | Results panel looks stuck. Clicking the feed and trying another scroll.
2026-04-03 10:47:13 | INFO | Results panel looks stuck. Clicking the feed and trying another scroll.
2026-04-03 10:48:11 | INFO | Results panel looks stuck. Clicking the feed and trying another scroll.
2026-04-03 10:49:09 | INFO | Results panel looks stuck. Clicking the feed and trying another scroll.
2026-04-03 10:50:06 | INFO | Results panel looks stuck. Clicking the feed and trying another scroll.
2026-04-03 10:51:04 | INFO | Results panel looks stuck. Clicking the feed and trying another scroll.
2026-04-03 10:52:02 | INFO | Results panel looks stuck. Clicking the feed and trying another scroll.
2026-04-03 10:53:00 | INFO | Results panel looks stuck. Clicking the feed and trying another scroll.
2026-04-03 10:53:58 | INFO | Results panel looks stuck. Clicking the feed and trying another scroll.
2026-04-03 10:54:56 | INFO | Results panel looks stuck. Clicking the feed and trying another scroll.
2026-04-03 10:55:54 | INFO | Results panel looks stuck. Clicking the feed and trying another scroll.
2026-04-03 10:56:52 | INFO | Results panel looks stuck. Clicking the feed and trying another scroll.
2026-04-03 10:57:49 | INFO | Results panel looks stuck. Clicking the feed and trying another scroll.
2026-04-03 10:58:47 | INFO | Results panel looks stuck. Clicking the feed and trying another scroll.
2026-04-03 10:59:45 | INFO | Results panel looks stuck. Clicking the feed and trying another scroll.
2026-04-03 11:00:43 | INFO | Results panel looks stuck. Clicking the feed and trying another scroll.
2026-04-03 11:01:40 | INFO | Results panel looks stuck. Clicking the feed and trying another scroll.
2026-04-03 11:02:38 | INFO | Results panel looks stuck. Clicking the feed and trying another scroll.
2026-04-03 11:03:36 | INFO | Results panel looks stuck. Clicking the feed and trying another scroll.
2026-04-03 11:04:34 | INFO | Results panel looks stuck. Clicking the feed and trying another scroll.
2026-04-03 11:05:31 | INFO | Results panel looks stuck. Clicking the feed and trying another scroll.
2026-04-03 11:06:29 | INFO | Results panel looks stuck. Clicking the feed and trying another scroll.
2026-04-03 11:07:27 | INFO | Results panel looks stuck. Clicking the feed and trying another scroll.
2026-04-03 11:08:24 | INFO | Results panel looks stuck. Clicking the feed and trying another scroll.
2026-04-03 11:09:22 | INFO | Results panel looks stuck. Clicking the feed and trying another scroll.
2026-04-03 11:10:20 | INFO | Results panel looks stuck. Clicking the feed and trying another scroll.
2026-04-03 11:11:17 | INFO | Results panel looks stuck. Clicking the feed and trying another scroll.
2026-04-03 11:12:15 | INFO | Results panel looks stuck. Clicking the feed and trying another scroll.
2026-04-03 11:13:13 | INFO | Results panel looks stuck. Clicking the feed and trying another scroll.
2026-04-03 11:14:11 | INFO | Results panel looks stuck. Clicking the feed and trying another scroll.
2026-04-03 11:15:09 | INFO | Results panel looks stuck. Clicking the feed and trying another scroll.
2026-04-03 11:16:06 | INFO | Results panel looks stuck. Clicking the feed and trying another scroll.
2026-04-03 11:17:04 | INFO | Results panel looks stuck. Clicking the feed and trying another scroll.
2026-04-03 11:18:02 | INFO | Results panel looks stuck. Clicking the feed and trying another scroll.
2026-04-03 11:19:00 | INFO | Results panel looks stuck. Clicking the feed and trying another scroll.
2026-04-03 11:19:57 | INFO | Results panel looks stuck. Clicking the feed and trying another scroll.
2026-04-03 11:20:55 | INFO | Results panel looks stuck. Clicking the feed and trying another scroll.
2026-04-03 11:21:53 | INFO | Results panel looks stuck. Clicking the feed and trying another scroll.
2026-04-03 11:22:50 | INFO | Results panel looks stuck. Clicking the feed and trying another scroll.
2026-04-03 11:23:48 | INFO | Results panel looks stuck. Clicking the feed and trying another scroll.
2026-04-03 11:24:45 | INFO | Results panel looks stuck. Clicking the feed and trying another scroll.
2026-04-03 11:25:43 | INFO | Results panel looks stuck. Clicking the feed and trying another scroll.
2026-04-03 11:26:40 | INFO | Results panel looks stuck. Clicking the feed and trying another scroll.
2026-04-03 11:27:38 | INFO | Results panel looks stuck. Clicking the feed and trying another scroll.
2026-04-03 11:28:35 | INFO | Results panel looks stuck. Clicking the feed and trying another scroll.
2026-04-03 11:29:34 | INFO | Results panel looks stuck. Clicking the feed and trying another scroll.
2026-04-03 11:30:31 | INFO | Results panel looks stuck. Clicking the feed and trying another scroll.
2026-04-03 11:31:29 | INFO | Results panel looks stuck. Clicking the feed and trying another scroll.
2026-04-03 11:32:27 | INFO | Results panel looks stuck. Clicking the feed and trying another scroll.
2026-04-03 11:33:25 | INFO | Results panel looks stuck. Clicking the feed and trying another scroll.
2026-04-03 11:34:26 | INFO | Results panel looks stuck. Clicking the feed and trying another scroll.
2026-04-03 11:35:25 | INFO | Results panel looks stuck. Clicking the feed and trying another scroll.
2026-04-03 11:36:23 | INFO | Results panel looks stuck. Clicking the feed and trying another scroll.
2026-04-03 11:37:21 | INFO | Results panel looks stuck. Clicking the feed and trying another scroll.
2026-04-03 11:38:19 | INFO | Results panel looks stuck. Clicking the feed and trying another scroll.
2026-04-03 11:39:17 | INFO | Results panel looks stuck. Clicking the feed and trying another scroll.
2026-04-03 11:40:15 | INFO | Results panel looks stuck. Clicking the feed and trying another scroll.
2026-04-03 11:41:13 | INFO | Results panel looks stuck. Clicking the feed and trying another scroll.
2026-04-03 11:42:11 | INFO | Results panel looks stuck. Clicking the feed and trying another scroll.
2026-04-03 11:43:09 | INFO | Results panel looks stuck. Clicking the feed and trying another scroll.
2026-04-03 11:44:07 | INFO | Results panel looks stuck. Clicking the feed and trying another scroll.
2026-04-03 11:45:06 | INFO | Results panel looks stuck. Clicking the feed and trying another scroll.
2026-04-03 11:46:04 | INFO | Results panel looks stuck. Clicking the feed and trying another scroll.
2026-04-03 11:47:01 | INFO | Results panel looks stuck. Clicking the feed and trying another scroll.
2026-04-03 11:48:00 | INFO | Results panel looks stuck. Clicking the feed and trying another scroll.
2026-04-03 11:48:58 | INFO | Results panel looks stuck. Clicking the feed and trying another scroll.
2026-04-03 11:49:56 | INFO | Results panel looks stuck. Clicking the feed and trying another scroll.
2026-04-03 11:50:54 | INFO | Results panel looks stuck. Clicking the feed and trying another scroll.
2026-04-03 11:51:53 | INFO | Results panel looks stuck. Clicking the feed and trying another scroll.
2026-04-03 11:52:51 | INFO | Results panel looks stuck. Clicking the feed and trying another scroll.
2026-04-03 11:53:49 | INFO | Results panel looks stuck. Clicking the feed and trying another scroll.
2026-04-03 11:54:47 | INFO | Results panel looks stuck. Clicking the feed and trying another scroll.
2026-04-03 11:55:45 | INFO | Results panel looks stuck. Clicking the feed and trying another scroll.
2026-04-03 11:56:44 | INFO | Results panel looks stuck. Clicking the feed and trying another scroll.
2026-04-03 11:57:44 | INFO | Results panel looks stuck. Clicking the feed and trying another scroll.
2026-04-03 11:58:42 | INFO | Results panel looks stuck. Clicking the feed and trying another scroll.
2026-04-03 11:59:40 | INFO | Results panel looks stuck. Clicking the feed and trying another scroll.
2026-04-03 12:00:39 | INFO | Results panel looks stuck. Clicking the feed and trying another scroll.
2026-04-03 12:01:37 | INFO | Results panel looks stuck. Clicking the feed and trying another scroll.
2026-04-03 12:02:35 | INFO | Results panel looks stuck. Clicking the feed and trying another scroll.
2026-04-03 12:03:33 | INFO | Results panel looks stuck. Clicking the feed and trying another scroll.
2026-04-03 12:04:31 | INFO | Results panel looks stuck. Clicking the feed and trying another scroll.
2026-04-03 12:05:29 | INFO | Results panel looks stuck. Clicking the feed and trying another scroll.
2026-04-03 12:06:27 | INFO | Results panel looks stuck. Clicking the feed and trying another scroll.
2026-04-03 12:07:26 | INFO | Results panel looks stuck. Clicking the feed and trying another scroll.
2026-04-03 12:08:24 | INFO | Results panel looks stuck. Clicking the feed and trying another scroll.
2026-04-03 12:09:22 | INFO | Results panel looks stuck. Clicking the feed and trying another scroll.
2026-04-03 12:10:19 | INFO | Results panel looks stuck. Clicking the feed and trying another scroll.
2026-04-03 12:11:18 | INFO | Results panel looks stuck. Clicking the feed and trying another scroll.
2026-04-03 12:12:16 | INFO | Results panel looks stuck. Clicking the feed and trying another scroll.
2026-04-03 12:13:14 | INFO | Results panel looks stuck. Clicking the feed and trying another scroll.
2026-04-03 12:14:12 | INFO | Results panel looks stuck. Clicking the feed and trying another scroll.
2026-04-03 12:15:10 | INFO | Results panel looks stuck. Clicking the feed and trying another scroll.
2026-04-03 12:16:08 | INFO | Results panel looks stuck. Clicking the feed and trying another scroll.
2026-04-03 12:17:06 | INFO | Results panel looks stuck. Clicking the feed and trying another scroll.
2026-04-03 12:18:04 | INFO | Results panel looks stuck. Clicking the feed and trying another scroll.
2026-04-03 12:19:02 | INFO | Results panel looks stuck. Clicking the feed and trying another scroll.
2026-04-03 12:20:00 | INFO | Results panel looks stuck. Clicking the feed and trying another scroll.
2026-04-03 12:20:58 | INFO | Results panel looks stuck. Clicking the feed and trying another scroll.
2026-04-03 12:21:56 | INFO | Results panel looks stuck. Clicking the feed and trying another scroll.
2026-04-03 12:22:54 | INFO | Results panel looks stuck. Clicking the feed and trying another scroll.
2026-04-03 12:23:52 | INFO | Results panel looks stuck. Clicking the feed and trying another scroll.
2026-04-03 12:24:50 | INFO | Results panel looks stuck. Clicking the feed and trying another scroll.
2026-04-03 12:25:48 | INFO | Results panel looks stuck. Clicking the feed and trying another scroll.
2026-04-03 12:26:46 | INFO | Results panel looks stuck. Clicking the feed and trying another scroll.
2026-04-03 12:27:44 | INFO | Results panel looks stuck. Clicking the feed and trying another scroll.
2026-04-03 12:28:41 | INFO | Results panel looks stuck. Clicking the feed and trying another scroll.
2026-04-03 12:29:39 | INFO | Results panel looks stuck. Clicking the feed and trying another scroll.
2026-04-03 12:30:37 | INFO | Results panel looks stuck. Clicking the feed and trying another scroll.
2026-04-03 12:31:35 | INFO | Results panel looks stuck. Clicking the feed and trying another scroll.
2026-04-03 12:32:32 | INFO | Results panel looks stuck. Clicking the feed and trying another scroll.
2026-04-03 12:33:30 | INFO | Results panel looks stuck. Clicking the feed and trying another scroll.
2026-04-03 12:34:28 | INFO | Results panel looks stuck. Clicking the feed and trying another scroll.
2026-04-03 12:35:26 | INFO | Results panel looks stuck. Clicking the feed and trying another scroll.
2026-04-03 12:36:23 | INFO | Results panel looks stuck. Clicking the feed and trying another scroll.
2026-04-03 12:37:21 | INFO | Results panel looks stuck. Clicking the feed and trying another scroll.
2026-04-03 12:38:19 | INFO | Results panel looks stuck. Clicking the feed and trying another scroll.
2026-04-03 12:39:17 | INFO | Results panel looks stuck. Clicking the feed and trying another scroll.
2026-04-03 12:40:14 | INFO | Results panel looks stuck. Clicking the feed and trying another scroll.
2026-04-03 12:41:12 | INFO | Results panel looks stuck. Clicking the feed and trying another scroll.
2026-04-03 12:42:09 | INFO | Results panel looks stuck. Clicking the feed and trying another scroll.
2026-04-03 12:43:07 | INFO | Results panel looks stuck. Clicking the feed and trying another scroll.
2026-04-03 12:44:04 | INFO | Results panel looks stuck. Clicking the feed and trying another scroll.
2026-04-03 12:45:02 | INFO | Results panel looks stuck. Clicking the feed and trying another scroll.
2026-04-03 12:46:00 | INFO | Results panel looks stuck. Clicking the feed and trying another scroll.
2026-04-03 12:46:58 | INFO | Results panel looks stuck. Clicking the feed and trying another scroll.
2026-04-03 12:47:55 | INFO | Results panel looks stuck. Clicking the feed and trying another scroll.
2026-04-03 12:48:53 | INFO | Results panel looks stuck. Clicking the feed and trying another scroll.
2026-04-03 12:49:51 | INFO | Results panel looks stuck. Clicking the feed and trying another scroll.
2026-04-03 12:50:49 | INFO | Results panel looks stuck. Clicking the feed and trying another scroll.
2026-04-03 12:51:46 | INFO | Results panel looks stuck. Clicking the feed and trying another scroll.
2026-04-03 12:52:44 | INFO | Results panel looks stuck. Clicking the feed and trying another scroll.
2026-04-03 12:53:42 | INFO | Results panel looks stuck. Clicking the feed and trying another scroll.
2026-04-03 12:54:40 | INFO | Results panel looks stuck. Clicking the feed and trying another scroll.
2026-04-03 12:55:37 | INFO | Results panel looks stuck. Clicking the feed and trying another scroll.
2026-04-03 12:56:35 | INFO | Results panel looks stuck. Clicking the feed and trying another scroll.
2026-04-03 12:57:33 | INFO | Results panel looks stuck. Clicking the feed and trying another scroll.
2026-04-03 12:58:31 | INFO | Results panel looks stuck. Clicking the feed and trying another scroll.
2026-04-03 12:59:29 | INFO | Results panel looks stuck. Clicking the feed and trying another scroll.
2026-04-03 13:00:26 | INFO | Results panel looks stuck. Clicking the feed and trying another scroll.
2026-04-03 13:01:24 | INFO | Results panel looks stuck. Clicking the feed and trying another scroll.
2026-04-03 13:02:22 | INFO | Results panel looks stuck. Clicking the feed and trying another scroll.
2026-04-03 13:03:20 | INFO | Results panel looks stuck. Clicking the feed and trying another scroll.
2026-04-03 13:04:18 | INFO | Results panel looks stuck. Clicking the feed and trying another scroll.
2026-04-03 13:05:16 | INFO | Results panel looks stuck. Clicking the feed and trying another scroll.
2026-04-03 13:06:13 | INFO | Results panel looks stuck. Clicking the feed and trying another scroll.
2026-04-03 13:07:11 | INFO | Results panel looks stuck. Clicking the feed and trying another scroll.
2026-04-03 13:08:09 | INFO | Results panel looks stuck. Clicking the feed and trying another scroll.
2026-04-03 13:09:06 | INFO | Results panel looks stuck. Clicking the feed and trying another scroll.
2026-04-03 13:10:04 | INFO | Results panel looks stuck. Clicking the feed and trying another scroll.
2026-04-03 13:11:02 | INFO | Results panel looks stuck. Clicking the feed and trying another scroll.
2026-04-03 13:12:00 | INFO | Results panel looks stuck. Clicking the feed and trying another scroll.
2026-04-03 13:12:58 | INFO | Results panel looks stuck. Clicking the feed and trying another scroll.
2026-04-03 13:13:55 | INFO | Results panel looks stuck. Clicking the feed and trying another scroll.
2026-04-03 13:14:53 | INFO | Results panel looks stuck. Clicking the feed and trying another scroll.
2026-04-03 13:15:51 | INFO | Results panel looks stuck. Clicking the feed and trying another scroll.
2026-04-03 13:16:49 | INFO | Results panel looks stuck. Clicking the feed and trying another scroll.
2026-04-03 13:17:46 | INFO | Results panel looks stuck. Clicking the feed and trying another scroll.
2026-04-03 13:18:44 | INFO | Results panel looks stuck. Clicking the feed and trying another scroll.
2026-04-03 13:19:41 | INFO | Results panel looks stuck. Clicking the feed and trying another scroll.
2026-04-03 13:20:39 | INFO | Results panel looks stuck. Clicking the feed and trying another scroll.
2026-04-03 13:21:37 | INFO | Results panel looks stuck. Clicking the feed and trying another scroll.
2026-04-03 13:22:35 | INFO | Results panel looks stuck. Clicking the feed and trying another scroll.
2026-04-03 13:23:33 | INFO | Results panel looks stuck. Clicking the feed and trying another scroll.
2026-04-03 13:24:31 | INFO | Results panel looks stuck. Clicking the feed and trying another scroll.
2026-04-03 13:25:28 | INFO | Results panel looks stuck. Clicking the feed and trying another scroll.
2026-04-03 13:26:26 | INFO | Results panel looks stuck. Clicking the feed and trying another scroll.
2026-04-03 13:27:24 | INFO | Results panel looks stuck. Clicking the feed and trying another scroll.
2026-04-03 13:28:21 | INFO | Results panel looks stuck. Clicking the feed and trying another scroll.
2026-04-03 13:29:19 | INFO | Results panel looks stuck. Clicking the feed and trying another scroll.
2026-04-03 13:30:16 | INFO | Results panel looks stuck. Clicking the feed and trying another scroll.
2026-04-03 13:31:14 | INFO | Results panel looks stuck. Clicking the feed and trying another scroll.
2026-04-03 13:32:12 | INFO | Results panel looks stuck. Clicking the feed and trying another scroll.
2026-04-03 13:33:10 | INFO | Results panel looks stuck. Clicking the feed and trying another scroll.
2026-04-03 13:34:08 | INFO | Results panel looks stuck. Clicking the feed and trying another scroll.
2026-04-03 13:35:06 | INFO | Results panel looks stuck. Clicking the feed and trying another scroll.
2026-04-03 13:36:04 | INFO | Results panel looks stuck. Clicking the feed and trying another scroll.
2026-04-03 13:37:01 | INFO | Results panel looks stuck. Clicking the feed and trying another scroll.
2026-04-03 13:37:59 | INFO | Results panel looks stuck. Clicking the feed and trying another scroll.
2026-04-03 13:38:57 | INFO | Results panel looks stuck. Clicking the feed and trying another scroll.
2026-04-03 13:39:55 | INFO | Results panel looks stuck. Clicking the feed and trying another scroll.
2026-04-03 13:40:52 | INFO | Results panel looks stuck. Clicking the feed and trying another scroll.
2026-04-03 13:41:50 | INFO | Results panel looks stuck. Clicking the feed and trying another scroll.
2026-04-03 13:42:48 | INFO | Results panel looks stuck. Clicking the feed and trying another scroll.
2026-04-03 13:43:45 | INFO | Results panel looks stuck. Clicking the feed and trying another scroll.
2026-04-03 13:44:43 | INFO | Results panel looks stuck. Clicking the feed and trying another scroll.
2026-04-03 13:45:41 | INFO | Results panel looks stuck. Clicking the feed and trying another scroll.
2026-04-03 13:46:38 | INFO | Results panel looks stuck. Clicking the feed and trying another scroll.
2026-04-03 13:47:36 | INFO | Results panel looks stuck. Clicking the feed and trying another scroll.
2026-04-03 13:48:34 | INFO | Results panel looks stuck. Clicking the feed and trying another scroll.
2026-04-03 13:49:32 | INFO | Results panel looks stuck. Clicking the feed and trying another scroll.
2026-04-03 13:50:30 | INFO | Results panel looks stuck. Clicking the feed and trying another scroll.
2026-04-03 13:51:28 | INFO | Results panel looks stuck. Clicking the feed and trying another scroll.
2026-04-03 13:52:25 | INFO | Results panel looks stuck. Clicking the feed and trying another scroll.
2026-04-03 13:53:23 | INFO | Results panel looks stuck. Clicking the feed and trying another scroll.
2026-04-03 13:54:21 | INFO | Results panel looks stuck. Clicking the feed and trying another scroll.
2026-04-03 13:55:18 | INFO | Results panel looks stuck. Clicking the feed and trying another scroll.
2026-04-03 13:56:16 | INFO | Results panel looks stuck. Clicking the feed and trying another scroll.
2026-04-03 13:57:14 | INFO | Results panel looks stuck. Clicking the feed and trying another scroll.
2026-04-03 13:58:12 | INFO | Results panel looks stuck. Clicking the feed and trying another scroll.
2026-04-03 13:59:10 | INFO | Results panel looks stuck. Clicking the feed and trying another scroll.
2026-04-03 14:00:07 | INFO | Results panel looks stuck. Clicking the feed and trying another scroll.
2026-04-03 14:01:05 | INFO | Results panel looks stuck. Clicking the feed and trying another scroll.
2026-04-03 14:02:02 | INFO | Results panel looks stuck. Clicking the feed and trying another scroll.
2026-04-03 14:03:00 | INFO | Results panel looks stuck. Clicking the feed and trying another scroll.
2026-04-03 14:03:58 | INFO | Results panel looks stuck. Clicking the feed and trying another scroll.
2026-04-03 14:04:55 | INFO | Results panel looks stuck. Clicking the feed and trying another scroll.
2026-04-03 14:05:53 | INFO | Results panel looks stuck. Clicking the feed and trying another scroll.
2026-04-03 14:06:51 | INFO | Results panel looks stuck. Clicking the feed and trying another scroll.
2026-04-03 14:07:49 | INFO | Results panel looks stuck. Clicking the feed and trying another scroll.
2026-04-03 14:08:47 | INFO | Results panel looks stuck. Clicking the feed and trying another scroll.
2026-04-03 14:09:45 | INFO | Results panel looks stuck. Clicking the feed and trying another scroll.
2026-04-03 14:10:42 | INFO | Results panel looks stuck. Clicking the feed and trying another scroll.
2026-04-03 14:11:40 | INFO | Results panel looks stuck. Clicking the feed and trying another scroll.
2026-04-03 14:12:38 | INFO | Results panel looks stuck. Clicking the feed and trying another scroll.
2026-04-03 14:13:35 | INFO | Results panel looks stuck. Clicking the feed and trying another scroll.
2026-04-03 14:14:33 | INFO | Results panel looks stuck. Clicking the feed and trying another scroll.
2026-04-03 14:15:31 | INFO | Results panel looks stuck. Clicking the feed and trying another scroll.
2026-04-03 14:16:29 | INFO | Results panel looks stuck. Clicking the feed and trying another scroll.
2026-04-03 14:17:27 | INFO | Results panel looks stuck. Clicking the feed and trying another scroll.
2026-04-03 14:18:25 | INFO | Results panel looks stuck. Clicking the feed and trying another scroll.
2026-04-03 14:19:22 | INFO | Results panel looks stuck. Clicking the feed and trying another scroll.
2026-04-03 14:20:20 | INFO | Results panel looks stuck. Clicking the feed and trying another scroll.
2026-04-03 14:21:18 | INFO | Results panel looks stuck. Clicking the feed and trying another scroll.
2026-04-03 14:22:15 | INFO | Results panel looks stuck. Clicking the feed and trying another scroll.
2026-04-03 14:23:13 | INFO | Results panel looks stuck. Clicking the feed and trying another scroll.
2026-04-03 14:24:12 | INFO | Results panel looks stuck. Clicking the feed and trying another scroll.
2026-04-03 14:25:09 | INFO | Results panel looks stuck. Clicking the feed and trying another scroll.
2026-04-03 14:26:07 | INFO | Results panel looks stuck. Clicking the feed and trying another scroll.
2026-04-03 14:27:05 | INFO | Results panel looks stuck. Clicking the feed and trying another scroll.
2026-04-03 14:28:03 | INFO | Results panel looks stuck. Clicking the feed and trying another scroll.
2026-04-03 14:29:00 | INFO | Results panel looks stuck. Clicking the feed and trying another scroll.
2026-04-03 14:29:58 | INFO | Results panel looks stuck. Clicking the feed and trying another scroll.
2026-04-03 14:30:55 | INFO | Results panel looks stuck. Clicking the feed and trying another scroll.
2026-04-03 14:31:53 | INFO | Results panel looks stuck. Clicking the feed and trying another scroll.
2026-04-03 14:32:51 | INFO | Results panel looks stuck. Clicking the feed and trying another scroll.
2026-04-03 14:33:49 | INFO | Results panel looks stuck. Clicking the feed and trying another scroll.
2026-04-03 14:34:47 | INFO | Results panel looks stuck. Clicking the feed and trying another scroll.
2026-04-03 14:35:44 | INFO | Results panel looks stuck. Clicking the feed and trying another scroll.
2026-04-03 14:36:42 | INFO | Results panel looks stuck. Clicking the feed and trying another scroll.
2026-04-03 14:37:40 | INFO | Results panel looks stuck. Clicking the feed and trying another scroll.
2026-04-03 14:38:37 | INFO | Results panel looks stuck. Clicking the feed and trying another scroll.
2026-04-03 14:39:35 | INFO | Results panel looks stuck. Clicking the feed and trying another scroll.
2026-04-03 14:40:33 | INFO | Results panel looks stuck. Clicking the feed and trying another scroll.
2026-04-03 14:41:31 | INFO | Results panel looks stuck. Clicking the feed and trying another scroll.
2026-04-03 14:42:29 | INFO | Results panel looks stuck. Clicking the feed and trying another scroll.
2026-04-03 14:43:26 | INFO | Results panel looks stuck. Clicking the feed and trying another scroll.
2026-04-03 14:44:24 | INFO | Results panel looks stuck. Clicking the feed and trying another scroll.
2026-04-03 14:45:22 | INFO | Results panel looks stuck. Clicking the feed and trying another scroll.
2026-04-03 14:46:19 | INFO | Results panel looks stuck. Clicking the feed and trying another scroll.
2026-04-03 14:47:17 | INFO | Results panel looks stuck. Clicking the feed and trying another scroll.
2026-04-03 14:48:15 | INFO | Results panel looks stuck. Clicking the feed and trying another scroll.
2026-04-03 14:49:12 | INFO | Results panel looks stuck. Clicking the feed and trying another scroll.
2026-04-03 14:50:10 | INFO | Results panel looks stuck. Clicking the feed and trying another scroll.
2026-04-03 14:51:08 | INFO | Results panel looks stuck. Clicking the feed and trying another scroll.
2026-04-03 14:52:06 | INFO | Results panel looks stuck. Clicking the feed and trying another scroll.
2026-04-03 14:53:04 | INFO | Results panel looks stuck. Clicking the feed and trying another scroll.
2026-04-03 14:54:01 | INFO | Results panel looks stuck. Clicking the feed and trying another scroll.
2026-04-03 14:54:59 | INFO | Results panel looks stuck. Clicking the feed and trying another scroll.
2026-04-03 14:55:57 | INFO | Results panel looks stuck. Clicking the feed and trying another scroll.
2026-04-03 14:56:55 | INFO | Results panel looks stuck. Clicking the feed and trying another scroll.
2026-04-03 14:57:53 | INFO | Results panel looks stuck. Clicking the feed and trying another scroll.
2026-04-03 14:58:50 | INFO | Results panel looks stuck. Clicking the feed and trying another scroll.
2026-04-03 14:59:48 | INFO | Results panel looks stuck. Clicking the feed and trying another scroll.
2026-04-03 15:00:46 | INFO | Results panel looks stuck. Clicking the feed and trying another scroll.
2026-04-03 15:01:44 | INFO | Results panel looks stuck. Clicking the feed and trying another scroll.
2026-04-03 15:02:42 | INFO | Results panel looks stuck. Clicking the feed and trying another scroll.
2026-04-03 15:03:39 | INFO | Results panel looks stuck. Clicking the feed and trying another scroll.
2026-04-03 15:04:36 | INFO | Results panel looks stuck. Clicking the feed and trying another scroll.
2026-04-03 15:05:34 | INFO | Results panel looks stuck. Clicking the feed and trying another scroll.
2026-04-03 15:06:32 | INFO | Results panel looks stuck. Clicking the feed and trying another scroll.
2026-04-03 15:07:29 | INFO | Results panel looks stuck. Clicking the feed and trying another scroll.
2026-04-03 15:08:27 | INFO | Results panel looks stuck. Clicking the feed and trying another scroll.
2026-04-03 15:09:25 | INFO | Results panel looks stuck. Clicking the feed and trying another scroll.
2026-04-03 15:10:23 | INFO | Results panel looks stuck. Clicking the feed and trying another scroll.
2026-04-03 15:11:20 | INFO | Results panel looks stuck. Clicking the feed and trying another scroll.
2026-04-03 15:12:18 | INFO | Results panel looks stuck. Clicking the feed and trying another scroll.
2026-04-03 15:13:16 | INFO | Results panel looks stuck. Clicking the feed and trying another scroll.
2026-04-03 15:14:13 | INFO | Results panel looks stuck. Clicking the feed and trying another scroll.
2026-04-03 15:15:11 | INFO | Results panel looks stuck. Clicking the feed and trying another scroll.
2026-04-03 15:16:09 | INFO | Results panel looks stuck. Clicking the feed and trying another scroll.
2026-04-03 15:17:07 | INFO | Results panel looks stuck. Clicking the feed and trying another scroll.
2026-04-03 15:18:05 | INFO | Results panel looks stuck. Clicking the feed and trying another scroll.
2026-04-03 15:19:02 | INFO | Results panel looks stuck. Clicking the feed and trying another scroll.
2026-04-03 15:20:00 | INFO | Results panel looks stuck. Clicking the feed and trying another scroll.
2026-04-03 15:20:58 | INFO | Results panel looks stuck. Clicking the feed and trying another scroll.
2026-04-03 15:21:55 | INFO | Results panel looks stuck. Clicking the feed and trying another scroll.
2026-04-03 15:22:53 | INFO | Results panel looks stuck. Clicking the feed and trying another scroll.
2026-04-03 15:23:51 | INFO | Results panel looks stuck. Clicking the feed and trying another scroll.
2026-04-03 15:24:49 | INFO | Results panel looks stuck. Clicking the feed and trying another scroll.
2026-04-03 15:25:47 | INFO | Results panel looks stuck. Clicking the feed and trying another scroll.
2026-04-03 15:26:45 | INFO | Results panel looks stuck. Clicking the feed and trying another scroll.
2026-04-03 15:27:42 | INFO | Results panel looks stuck. Clicking the feed and trying another scroll.
2026-04-03 15:28:40 | INFO | Results panel looks stuck. Clicking the feed and trying another scroll.
2026-04-03 15:29:38 | INFO | Results panel looks stuck. Clicking the feed and trying another scroll.
2026-04-03 15:30:36 | INFO | Results panel looks stuck. Clicking the feed and trying another scroll.
2026-04-03 15:31:33 | INFO | Results panel looks stuck. Clicking the feed and trying another scroll.
2026-04-03 15:32:31 | INFO | Results panel looks stuck. Clicking the feed and trying another scroll.
2026-04-03 15:33:29 | INFO | Results panel looks stuck. Clicking the feed and trying another scroll.
2026-04-03 15:34:27 | INFO | Results panel looks stuck. Clicking the feed and trying another scroll.
2026-04-03 15:35:24 | INFO | Results panel looks stuck. Clicking the feed and trying another scroll.
2026-04-03 15:36:22 | INFO | Results panel looks stuck. Clicking the feed and trying another scroll.
2026-04-03 15:37:20 | INFO | Results panel looks stuck. Clicking the feed and trying another scroll.
2026-04-03 15:38:18 | INFO | Results panel looks stuck. Clicking the feed and trying another scroll.
2026-04-03 15:39:16 | INFO | Results panel looks stuck. Clicking the feed and trying another scroll.
2026-04-03 15:40:13 | INFO | Results panel looks stuck. Clicking the feed and trying another scroll.
2026-04-03 15:41:11 | INFO | Results panel looks stuck. Clicking the feed and trying another scroll.
2026-04-03 15:42:09 | INFO | Results panel looks stuck. Clicking the feed and trying another scroll.
2026-04-03 15:43:06 | INFO | Results panel looks stuck. Clicking the feed and trying another scroll.
2026-04-03 15:44:04 | INFO | Results panel looks stuck. Clicking the feed and trying another scroll.
2026-04-03 15:45:02 | INFO | Results panel looks stuck. Clicking the feed and trying another scroll.
2026-04-03 15:45:59 | INFO | Results panel looks stuck. Clicking the feed and trying another scroll.
2026-04-03 15:46:57 | INFO | Results panel looks stuck. Clicking the feed and trying another scroll.
2026-04-03 15:47:55 | INFO | Results panel looks stuck. Clicking the feed and trying another scroll.
2026-04-03 15:48:52 | INFO | Results panel looks stuck. Clicking the feed and trying another scroll.
2026-04-03 15:49:50 | INFO | Results panel looks stuck. Clicking the feed and trying another scroll.
2026-04-03 15:50:48 | INFO | Results panel looks stuck. Clicking the feed and trying another scroll.
2026-04-03 15:51:46 | INFO | Results panel looks stuck. Clicking the feed and trying another scroll.
2026-04-03 15:52:43 | INFO | Results panel looks stuck. Clicking the feed and trying another scroll.
2026-04-03 15:53:41 | INFO | Results panel looks stuck. Clicking the feed and trying another scroll.
2026-04-03 15:54:39 | INFO | Results panel looks stuck. Clicking the feed and trying another scroll.
2026-04-03 15:55:37 | INFO | Results panel looks stuck. Clicking the feed and trying another scroll.
2026-04-03 15:56:35 | INFO | Results panel looks stuck. Clicking the feed and trying another scroll.
2026-04-03 15:57:33 | INFO | Results panel looks stuck. Clicking the feed and trying another scroll.
2026-04-03 15:58:30 | INFO | Results panel looks stuck. Clicking the feed and trying another scroll.
2026-04-03 15:59:28 | INFO | Results panel looks stuck. Clicking the feed and trying another scroll.
2026-04-03 16:00:25 | INFO | Results panel looks stuck. Clicking the feed and trying another scroll.
2026-04-03 16:01:23 | INFO | Results panel looks stuck. Clicking the feed and trying another scroll.
2026-04-03 16:02:21 | INFO | Results panel looks stuck. Clicking the feed and trying another scroll.
2026-04-03 16:03:19 | INFO | Results panel looks stuck. Clicking the feed and trying another scroll.
2026-04-03 16:04:16 | INFO | Results panel looks stuck. Clicking the feed and trying another scroll.
2026-04-03 16:05:14 | INFO | Results panel looks stuck. Clicking the feed and trying another scroll.
2026-04-03 16:06:12 | INFO | Results panel looks stuck. Clicking the feed and trying another scroll.
2026-04-03 16:07:09 | INFO | Results panel looks stuck. Clicking the feed and trying another scroll.
2026-04-03 16:08:07 | INFO | Results panel looks stuck. Clicking the feed and trying another scroll.
2026-04-03 16:09:05 | INFO | Results panel looks stuck. Clicking the feed and trying another scroll.
2026-04-03 16:10:03 | INFO | Results panel looks stuck. Clicking the feed and trying another scroll.
2026-04-03 16:11:01 | INFO | Results panel looks stuck. Clicking the feed and trying another scroll.
2026-04-03 16:11:58 | INFO | Results panel looks stuck. Clicking the feed and trying another scroll.
2026-04-03 16:12:56 | INFO | Results panel looks stuck. Clicking the feed and trying another scroll.
2026-04-03 16:13:54 | INFO | Results panel looks stuck. Clicking the feed and trying another scroll.
2026-04-03 16:14:52 | INFO | Results panel looks stuck. Clicking the feed and trying another scroll.
2026-04-03 16:15:50 | INFO | Results panel looks stuck. Clicking the feed and trying another scroll.
2026-04-03 16:16:47 | INFO | Results panel looks stuck. Clicking the feed and trying another scroll.
2026-04-03 16:17:45 | INFO | Results panel looks stuck. Clicking the feed and trying another scroll.
2026-04-03 16:18:43 | INFO | Results panel looks stuck. Clicking the feed and trying another scroll.
2026-04-03 16:19:40 | INFO | Results panel looks stuck. Clicking the feed and trying another scroll.
2026-04-03 16:20:38 | INFO | Results panel looks stuck. Clicking the feed and trying another scroll.
2026-04-03 16:21:36 | INFO | Results panel looks stuck. Clicking the feed and trying another scroll.
2026-04-03 16:22:33 | INFO | Results panel looks stuck. Clicking the feed and trying another scroll.
2026-04-03 16:23:31 | INFO | Results panel looks stuck. Clicking the feed and trying another scroll.
2026-04-03 16:24:29 | INFO | Results panel looks stuck. Clicking the feed and trying another scroll.
2026-04-03 16:25:27 | INFO | Results panel looks stuck. Clicking the feed and trying another scroll.
2026-04-03 16:26:24 | INFO | Results panel looks stuck. Clicking the feed and trying another scroll.
2026-04-03 16:27:22 | INFO | Results panel looks stuck. Clicking the feed and trying another scroll.
2026-04-03 16:28:20 | INFO | Results panel looks stuck. Clicking the feed and trying another scroll.
2026-04-03 16:29:18 | INFO | Results panel looks stuck. Clicking the feed and trying another scroll.
2026-04-03 16:30:16 | INFO | Results panel looks stuck. Clicking the feed and trying another scroll.
2026-04-03 16:31:14 | INFO | Results panel looks stuck. Clicking the feed and trying another scroll.
2026-04-03 16:32:12 | INFO | Results panel looks stuck. Clicking the feed and trying another scroll.
2026-04-03 16:33:10 | INFO | Results panel looks stuck. Clicking the feed and trying another scroll.
2026-04-03 16:34:08 | INFO | Results panel looks stuck. Clicking the feed and trying another scroll.
2026-04-03 16:35:06 | INFO | Results panel looks stuck. Clicking the feed and trying another scroll.
2026-04-03 16:36:04 | INFO | Results panel looks stuck. Clicking the feed and trying another scroll.
2026-04-03 16:37:02 | INFO | Results panel looks stuck. Clicking the feed and trying another scroll.
2026-04-03 16:38:00 | INFO | Results panel looks stuck. Clicking the feed and trying another scroll.
2026-04-03 16:38:58 | INFO | Results panel looks stuck. Clicking the feed and trying another scroll.
2026-04-03 16:39:56 | INFO | Results panel looks stuck. Clicking the feed and trying another scroll.
2026-04-03 16:40:54 | INFO | Results panel looks stuck. Clicking the feed and trying another scroll.
2026-04-03 16:41:52 | INFO | Results panel looks stuck. Clicking the feed and trying another scroll.
2026-04-03 16:42:50 | INFO | Results panel looks stuck. Clicking the feed and trying another scroll.
2026-04-03 16:43:47 | INFO | Results panel looks stuck. Clicking the feed and trying another scroll.
2026-04-03 16:44:45 | INFO | Results panel looks stuck. Clicking the feed and trying another scroll.
2026-04-03 16:45:43 | INFO | Results panel looks stuck. Clicking the feed and trying another scroll.
2026-04-03 16:46:41 | INFO | Results panel looks stuck. Clicking the feed and trying another scroll.
2026-04-03 16:47:39 | INFO | Results panel looks stuck. Clicking the feed and trying another scroll.
2026-04-03 16:48:38 | INFO | Results panel looks stuck. Clicking the feed and trying another scroll.
2026-04-03 16:49:36 | INFO | Results panel looks stuck. Clicking the feed and trying another scroll.
2026-04-03 16:50:34 | INFO | Results panel looks stuck. Clicking the feed and trying another scroll.
2026-04-03 16:51:32 | INFO | Results panel looks stuck. Clicking the feed and trying another scroll.
2026-04-03 16:52:30 | INFO | Results panel looks stuck. Clicking the feed and trying another scroll.
2026-04-03 16:53:28 | INFO | Results panel looks stuck. Clicking the feed and trying another scroll.
2026-04-03 16:54:26 | INFO | Results panel looks stuck. Clicking the feed and trying another scroll.
2026-04-03 16:55:24 | INFO | Results panel looks stuck. Clicking the feed and trying another scroll.
2026-04-03 16:56:22 | INFO | Results panel looks stuck. Clicking the feed and trying another scroll.
2026-04-03 16:57:20 | INFO | Results panel looks stuck. Clicking the feed and trying another scroll.
2026-04-03 16:58:18 | INFO | Results panel looks stuck. Clicking the feed and trying another scroll.
2026-04-03 16:59:16 | INFO | Results panel looks stuck. Clicking the feed and trying another scroll.
2026-04-03 17:00:14 | INFO | Results panel looks stuck. Clicking the feed and trying another scroll.
2026-04-03 17:01:12 | INFO | Results panel looks stuck. Clicking the feed and trying another scroll.
2026-04-03 17:02:10 | INFO | Results panel looks stuck. Clicking the feed and trying another scroll.
2026-04-03 17:03:07 | INFO | Results panel looks stuck. Clicking the feed and trying another scroll.
2026-04-03 17:04:05 | INFO | Results panel looks stuck. Clicking the feed and trying another scroll.
2026-04-03 17:05:04 | INFO | Results panel looks stuck. Clicking the feed and trying another scroll.
2026-04-03 17:06:02 | INFO | Results panel looks stuck. Clicking the feed and trying another scroll.
2026-04-03 17:07:00 | INFO | Results panel looks stuck. Clicking the feed and trying another scroll.
2026-04-03 17:07:58 | INFO | Results panel looks stuck. Clicking the feed and trying another scroll.
2026-04-03 17:08:56 | INFO | Results panel looks stuck. Clicking the feed and trying another scroll.
2026-04-03 17:09:54 | INFO | Results panel looks stuck. Clicking the feed and trying another scroll.
2026-04-03 17:10:52 | INFO | Results panel looks stuck. Clicking the feed and trying another scroll.
2026-04-03 17:11:49 | INFO | Results panel looks stuck. Clicking the feed and trying another scroll.
2026-04-03 17:12:47 | INFO | Results panel looks stuck. Clicking the feed and trying another scroll.
2026-04-03 17:13:45 | INFO | Results panel looks stuck. Clicking the feed and trying another scroll.
2026-04-03 17:14:43 | INFO | Results panel looks stuck. Clicking the feed and trying another scroll.
2026-04-03 17:15:41 | INFO | Results panel looks stuck. Clicking the feed and trying another scroll.
2026-04-03 17:16:39 | INFO | Results panel looks stuck. Clicking the feed and trying another scroll.
2026-04-03 17:17:37 | INFO | Results panel looks stuck. Clicking the feed and trying another scroll.
2026-04-03 17:18:35 | INFO | Results panel looks stuck. Clicking the feed and trying another scroll.
2026-04-03 17:19:33 | INFO | Results panel looks stuck. Clicking the feed and trying another scroll.
2026-04-03 17:20:31 | INFO | Results panel looks stuck. Clicking the feed and trying another scroll.
2026-04-03 17:21:28 | INFO | Results panel looks stuck. Clicking the feed and trying another scroll.
2026-04-03 17:22:26 | INFO | Results panel looks stuck. Clicking the feed and trying another scroll.
2026-04-03 17:23:24 | INFO | Results panel looks stuck. Clicking the feed and trying another scroll.
2026-04-03 17:24:22 | INFO | Results panel looks stuck. Clicking the feed and trying another scroll.
2026-04-03 17:25:20 | INFO | Results panel looks stuck. Clicking the feed and trying another scroll.
2026-04-03 17:26:18 | INFO | Results panel looks stuck. Clicking the feed and trying another scroll.
2026-04-03 17:27:16 | INFO | Results panel looks stuck. Clicking the feed and trying another scroll.
2026-04-03 17:28:14 | INFO | Results panel looks stuck. Clicking the feed and trying another scroll.
2026-04-03 17:29:12 | INFO | Results panel looks stuck. Clicking the feed and trying another scroll.
2026-04-03 17:30:10 | INFO | Results panel looks stuck. Clicking the feed and trying another scroll.
2026-04-03 17:31:08 | INFO | Results panel looks stuck. Clicking the feed and trying another scroll.
2026-04-03 17:32:06 | INFO | Results panel looks stuck. Clicking the feed and trying another scroll.
2026-04-03 17:33:04 | INFO | Results panel looks stuck. Clicking the feed and trying another scroll.
2026-04-03 17:34:02 | INFO | Results panel looks stuck. Clicking the feed and trying another scroll.
2026-04-03 17:35:00 | INFO | Results panel looks stuck. Clicking the feed and trying another scroll.
2026-04-03 17:35:58 | INFO | Results panel looks stuck. Clicking the feed and trying another scroll.
2026-04-03 17:36:56 | INFO | Results panel looks stuck. Clicking the feed and trying another scroll.
2026-04-03 17:37:54 | INFO | Results panel looks stuck. Clicking the feed and trying another scroll.
2026-04-03 17:38:52 | INFO | Results panel looks stuck. Clicking the feed and trying another scroll.
2026-04-03 17:39:58 | INFO | Results panel looks stuck. Clicking the feed and trying another scroll.
2026-04-03 17:40:57 | INFO | Results panel looks stuck. Clicking the feed and trying another scroll.
2026-04-03 17:41:55 | INFO | Results panel looks stuck. Clicking the feed and trying another scroll.
2026-04-03 17:42:53 | INFO | Results panel looks stuck. Clicking the feed and trying another scroll.
2026-04-03 17:43:51 | INFO | Results panel looks stuck. Clicking the feed and trying another scroll.
2026-04-03 17:44:49 | INFO | Results panel looks stuck. Clicking the feed and trying another scroll.
2026-04-03 17:45:47 | INFO | Results panel looks stuck. Clicking the feed and trying another scroll.
2026-04-03 17:46:46 | INFO | Results panel looks stuck. Clicking the feed and trying another scroll.
2026-04-03 17:47:44 | INFO | Results panel looks stuck. Clicking the feed and trying another scroll.
2026-04-03 17:48:42 | INFO | Results panel looks stuck. Clicking the feed and trying another scroll.
2026-04-03 17:49:39 | INFO | Results panel looks stuck. Clicking the feed and trying another scroll.
2026-04-03 17:50:37 | INFO | Results panel looks stuck. Clicking the feed and trying another scroll.
2026-04-03 17:51:35 | INFO | Results panel looks stuck. Clicking the feed and trying another scroll.
2026-04-03 17:52:33 | INFO | Results panel looks stuck. Clicking the feed and trying another scroll.
2026-04-03 17:53:32 | INFO | Results panel looks stuck. Clicking the feed and trying another scroll.
2026-04-03 17:54:29 | INFO | Results panel looks stuck. Clicking the feed and trying another scroll.
2026-04-03 17:55:27 | INFO | Results panel looks stuck. Clicking the feed and trying another scroll.
2026-04-03 17:56:25 | INFO | Results panel looks stuck. Clicking the feed and trying another scroll.
2026-04-03 17:57:22 | INFO | Results panel looks stuck. Clicking the feed and trying another scroll.
2026-04-03 17:58:20 | INFO | Results panel looks stuck. Clicking the feed and trying another scroll.
2026-04-03 17:59:18 | INFO | Results panel looks stuck. Clicking the feed and trying another scroll.
2026-04-03 18:00:16 | INFO | Results panel looks stuck. Clicking the feed and trying another scroll.
2026-04-03 18:01:14 | INFO | Results panel looks stuck. Clicking the feed and trying another scroll.
2026-04-03 18:02:12 | INFO | Results panel looks stuck. Clicking the feed and trying another scroll.
2026-04-03 18:03:10 | INFO | Results panel looks stuck. Clicking the feed and trying another scroll.
2026-04-03 18:04:08 | INFO | Results panel looks stuck. Clicking the feed and trying another scroll.
2026-04-03 18:05:06 | INFO | Results panel looks stuck. Clicking the feed and trying another scroll.
2026-04-03 18:06:04 | INFO | Results panel looks stuck. Clicking the feed and trying another scroll.
2026-04-03 18:07:02 | INFO | Results panel looks stuck. Clicking the feed and trying another scroll.
2026-04-03 18:07:59 | INFO | Results panel looks stuck. Clicking the feed and trying another scroll.
2026-04-03 18:08:57 | INFO | Results panel looks stuck. Clicking the feed and trying another scroll.
2026-04-03 18:09:55 | INFO | Results panel looks stuck. Clicking the feed and trying another scroll.
2026-04-03 18:10:53 | INFO | Results panel looks stuck. Clicking the feed and trying another scroll.
2026-04-03 18:11:51 | INFO | Results panel looks stuck. Clicking the feed and trying another scroll.
2026-04-03 18:12:50 | INFO | Results panel looks stuck. Clicking the feed and trying another scroll.
2026-04-03 18:13:48 | INFO | Results panel looks stuck. Clicking the feed and trying another scroll.
2026-04-03 18:14:46 | INFO | Results panel looks stuck. Clicking the feed and trying another scroll.
2026-04-03 18:15:44 | INFO | Results panel looks stuck. Clicking the feed and trying another scroll.
2026-04-03 18:16:41 | INFO | Results panel looks stuck. Clicking the feed and trying another scroll.
2026-04-03 18:17:39 | INFO | Results panel looks stuck. Clicking the feed and trying another scroll.
2026-04-03 18:18:37 | INFO | Results panel looks stuck. Clicking the feed and trying another scroll.
2026-04-03 18:19:35 | INFO | Results panel looks stuck. Clicking the feed and trying another scroll.
2026-04-03 18:20:33 | INFO | Results panel looks stuck. Clicking the feed and trying another scroll.
2026-04-03 18:21:30 | INFO | Results panel looks stuck. Clicking the feed and trying another scroll.
2026-04-03 18:22:28 | INFO | Results panel looks stuck. Clicking the feed and trying another scroll.
2026-04-03 18:23:26 | INFO | Results panel looks stuck. Clicking the feed and trying another scroll.
2026-04-03 18:24:23 | INFO | Results panel looks stuck. Clicking the feed and trying another scroll.
2026-04-03 18:25:21 | INFO | Results panel looks stuck. Clicking the feed and trying another scroll.
2026-04-03 18:26:18 | INFO | Results panel looks stuck. Clicking the feed and trying another scroll.
2026-04-03 18:27:16 | INFO | Results panel looks stuck. Clicking the feed and trying another scroll.
2026-04-03 18:28:14 | INFO | Results panel looks stuck. Clicking the feed and trying another scroll.
2026-04-03 18:29:12 | INFO | Results panel looks stuck. Clicking the feed and trying another scroll.
2026-04-03 18:30:09 | INFO | Results panel looks stuck. Clicking the feed and trying another scroll.
2026-04-03 18:31:07 | INFO | Results panel looks stuck. Clicking the feed and trying another scroll.
2026-04-03 18:32:05 | INFO | Results panel looks stuck. Clicking the feed and trying another scroll.
2026-04-03 18:33:02 | INFO | Results panel looks stuck. Clicking the feed and trying another scroll.
2026-04-03 18:34:00 | INFO | Results panel looks stuck. Clicking the feed and trying another scroll.
2026-04-03 18:34:58 | INFO | Results panel looks stuck. Clicking the feed and trying another scroll.
2026-04-03 18:35:55 | INFO | Results panel looks stuck. Clicking the feed and trying another scroll.
2026-04-03 18:36:53 | INFO | Results panel looks stuck. Clicking the feed and trying another scroll.
2026-04-03 18:37:51 | INFO | Results panel looks stuck. Clicking the feed and trying another scroll.
2026-04-03 18:38:48 | INFO | Results panel looks stuck. Clicking the feed and trying another scroll.
2026-04-03 18:39:46 | INFO | Results panel looks stuck. Clicking the feed and trying another scroll.
2026-04-03 18:40:44 | INFO | Results panel looks stuck. Clicking the feed and trying another scroll.
2026-04-03 18:41:42 | INFO | Results panel looks stuck. Clicking the feed and trying another scroll.
2026-04-03 18:42:40 | INFO | Results panel looks stuck. Clicking the feed and trying another scroll.
2026-04-03 18:43:38 | INFO | Results panel looks stuck. Clicking the feed and trying another scroll.
2026-04-03 18:44:36 | INFO | Results panel looks stuck. Clicking the feed and trying another scroll.
2026-04-03 18:45:33 | INFO | Results panel looks stuck. Clicking the feed and trying another scroll.
2026-04-03 18:46:31 | INFO | Results panel looks stuck. Clicking the feed and trying another scroll.
2026-04-03 18:47:28 | INFO | Results panel looks stuck. Clicking the feed and trying another scroll.
2026-04-03 18:48:26 | INFO | Results panel looks stuck. Clicking the feed and trying another scroll.
2026-04-03 18:49:24 | INFO | Results panel looks stuck. Clicking the feed and trying another scroll.
2026-04-03 18:50:22 | INFO | Results panel looks stuck. Clicking the feed and trying another scroll.
2026-04-03 18:51:19 | INFO | Results panel looks stuck. Clicking the feed and trying another scroll.
2026-04-03 18:52:17 | INFO | Results panel looks stuck. Clicking the feed and trying another scroll.
2026-04-03 18:53:15 | INFO | Results panel looks stuck. Clicking the feed and trying another scroll.
2026-04-03 18:54:13 | INFO | Results panel looks stuck. Clicking the feed and trying another scroll.
2026-04-03 18:55:10 | INFO | Results panel looks stuck. Clicking the feed and trying another scroll.
2026-04-03 18:56:08 | INFO | Results panel looks stuck. Clicking the feed and trying another scroll.
2026-04-03 18:57:06 | INFO | Results panel looks stuck. Clicking the feed and trying another scroll.
2026-04-03 18:58:03 | INFO | Results panel looks stuck. Clicking the feed and trying another scroll.
2026-04-03 18:59:01 | INFO | Results panel looks stuck. Clicking the feed and trying another scroll.
2026-04-03 18:59:59 | INFO | Results panel looks stuck. Clicking the feed and trying another scroll.
2026-04-03 19:00:57 | INFO | Results panel looks stuck. Clicking the feed and trying another scroll.
2026-04-03 19:01:54 | INFO | Results panel looks stuck. Clicking the feed and trying another scroll.
2026-04-03 19:02:52 | INFO | Results panel looks stuck. Clicking the feed and trying another scroll.
2026-04-03 19:03:50 | INFO | Results panel looks stuck. Clicking the feed and trying another scroll.
2026-04-03 19:04:48 | INFO | Results panel looks stuck. Clicking the feed and trying another scroll.
2026-04-03 19:05:46 | INFO | Results panel looks stuck. Clicking the feed and trying another scroll.
2026-04-03 19:06:44 | INFO | Results panel looks stuck. Clicking the feed and trying another scroll.
2026-04-03 19:07:42 | INFO | Results panel looks stuck. Clicking the feed and trying another scroll.
2026-04-03 19:08:39 | INFO | Results panel looks stuck. Clicking the feed and trying another scroll.
2026-04-03 19:09:37 | INFO | Results panel looks stuck. Clicking the feed and trying another scroll.
2026-04-03 19:10:35 | INFO | Results panel looks stuck. Clicking the feed and trying another scroll.
2026-04-03 19:11:33 | INFO | Results panel looks stuck. Clicking the feed and trying another scroll.
2026-04-03 19:12:30 | INFO | Results panel looks stuck. Clicking the feed and trying another scroll.
2026-04-03 19:13:28 | INFO | Results panel looks stuck. Clicking the feed and trying another scroll.
2026-04-03 19:14:25 | INFO | Results panel looks stuck. Clicking the feed and trying another scroll.
2026-04-03 19:15:23 | INFO | Results panel looks stuck. Clicking the feed and trying another scroll.
2026-04-03 19:16:21 | INFO | Results panel looks stuck. Clicking the feed and trying another scroll.
2026-04-03 19:17:19 | INFO | Results panel looks stuck. Clicking the feed and trying another scroll.
2026-04-03 19:18:16 | INFO | Results panel looks stuck. Clicking the feed and trying another scroll.
2026-04-03 19:19:14 | INFO | Results panel looks stuck. Clicking the feed and trying another scroll.
2026-04-03 19:20:12 | INFO | Results panel looks stuck. Clicking the feed and trying another scroll.
2026-04-03 19:21:09 | INFO | Results panel looks stuck. Clicking the feed and trying another scroll.
2026-04-03 19:22:07 | INFO | Results panel looks stuck. Clicking the feed and trying another scroll.
2026-04-03 19:23:05 | INFO | Results panel looks stuck. Clicking the feed and trying another scroll.
2026-04-03 19:24:03 | INFO | Results panel looks stuck. Clicking the feed and trying another scroll.
2026-04-03 19:25:00 | INFO | Results panel looks stuck. Clicking the feed and trying another scroll.
2026-04-03 19:25:58 | INFO | Results panel looks stuck. Clicking the feed and trying another scroll.
2026-04-03 19:26:55 | INFO | Results panel looks stuck. Clicking the feed and trying another scroll.
2026-04-03 19:27:53 | INFO | Results panel looks stuck. Clicking the feed and trying another scroll.
2026-04-03 19:28:51 | INFO | Results panel looks stuck. Clicking the feed and trying another scroll.
2026-04-03 19:29:48 | INFO | Results panel looks stuck. Clicking the feed and trying another scroll.
2026-04-03 19:30:46 | INFO | Results panel looks stuck. Clicking the feed and trying another scroll.
2026-04-03 19:31:44 | INFO | Results panel looks stuck. Clicking the feed and trying another scroll.
2026-04-03 19:32:42 | INFO | Results panel looks stuck. Clicking the feed and trying another scroll.
2026-04-03 19:33:39 | INFO | Results panel looks stuck. Clicking the feed and trying another scroll.
2026-04-03 19:34:37 | INFO | Results panel looks stuck. Clicking the feed and trying another scroll.
2026-04-03 19:35:35 | INFO | Results panel looks stuck. Clicking the feed and trying another scroll.
2026-04-03 19:36:32 | INFO | Results panel looks stuck. Clicking the feed and trying another scroll.
2026-04-03 19:37:30 | INFO | Results panel looks stuck. Clicking the feed and trying another scroll.
2026-04-03 19:38:28 | INFO | Results panel looks stuck. Clicking the feed and trying another scroll.
2026-04-03 19:39:27 | INFO | Results panel looks stuck. Clicking the feed and trying another scroll.
2026-04-03 19:40:25 | INFO | Results panel looks stuck. Clicking the feed and trying another scroll.
2026-04-03 19:41:22 | INFO | Results panel looks stuck. Clicking the feed and trying another scroll.
2026-04-03 19:42:20 | INFO | Results panel looks stuck. Clicking the feed and trying another scroll.
2026-04-03 19:43:17 | INFO | Results panel looks stuck. Clicking the feed and trying another scroll.
2026-04-03 19:44:15 | INFO | Results panel looks stuck. Clicking the feed and trying another scroll.
2026-04-03 19:45:13 | INFO | Results panel looks stuck. Clicking the feed and trying another scroll.
2026-04-03 19:46:10 | INFO | Results panel looks stuck. Clicking the feed and trying another scroll.
2026-04-03 19:47:08 | INFO | Results panel looks stuck. Clicking the feed and trying another scroll.
2026-04-03 19:48:06 | INFO | Results panel looks stuck. Clicking the feed and trying another scroll.
2026-04-03 19:49:03 | INFO | Results panel looks stuck. Clicking the feed and trying another scroll.
2026-04-03 19:50:01 | INFO | Results panel looks stuck. Clicking the feed and trying another scroll.
2026-04-03 19:50:59 | INFO | Results panel looks stuck. Clicking the feed and trying another scroll.
2026-04-03 19:51:57 | INFO | Results panel looks stuck. Clicking the feed and trying another scroll.
2026-04-03 19:52:54 | INFO | Results panel looks stuck. Clicking the feed and trying another scroll.
2026-04-03 19:53:52 | INFO | Results panel looks stuck. Clicking the feed and trying another scroll.
2026-04-03 19:54:50 | INFO | Results panel looks stuck. Clicking the feed and trying another scroll.
2026-04-03 19:55:47 | INFO | Results panel looks stuck. Clicking the feed and trying another scroll.
2026-04-03 19:56:45 | INFO | Results panel looks stuck. Clicking the feed and trying another scroll.
2026-04-03 19:57:43 | INFO | Results panel looks stuck. Clicking the feed and trying another scroll.
2026-04-03 19:58:41 | INFO | Results panel looks stuck. Clicking the feed and trying another scroll.
2026-04-03 19:59:39 | INFO | Results panel looks stuck. Clicking the feed and trying another scroll.
2026-04-03 20:00:36 | INFO | Results panel looks stuck. Clicking the feed and trying another scroll.
2026-04-03 20:01:34 | INFO | Results panel looks stuck. Clicking the feed and trying another scroll.
2026-04-03 20:02:32 | INFO | Results panel looks stuck. Clicking the feed and trying another scroll.
2026-04-03 20:03:29 | INFO | Results panel looks stuck. Clicking the feed and trying another scroll.
2026-04-03 20:04:27 | INFO | Results panel looks stuck. Clicking the feed and trying another scroll.
2026-04-03 20:05:25 | INFO | Results panel looks stuck. Clicking the feed and trying another scroll.
2026-04-03 20:06:22 | INFO | Results panel looks stuck. Clicking the feed and trying another scroll.
2026-04-03 20:07:20 | INFO | Results panel looks stuck. Clicking the feed and trying another scroll.
2026-04-03 20:08:18 | INFO | Results panel looks stuck. Clicking the feed and trying another scroll.
2026-04-03 20:09:16 | INFO | Results panel looks stuck. Clicking the feed and trying another scroll.
2026-04-03 20:10:13 | INFO | Results panel looks stuck. Clicking the feed and trying another scroll.
2026-04-03 20:11:11 | INFO | Results panel looks stuck. Clicking the feed and trying another scroll.
2026-04-03 20:12:09 | INFO | Results panel looks stuck. Clicking the feed and trying another scroll.
2026-04-03 20:13:06 | INFO | Results panel looks stuck. Clicking the feed and trying another scroll.
2026-04-03 20:14:04 | INFO | Results panel looks stuck. Clicking the feed and trying another scroll.
2026-04-03 20:15:02 | INFO | Results panel looks stuck. Clicking the feed and trying another scroll.
2026-04-03 20:16:00 | INFO | Results panel looks stuck. Clicking the feed and trying another scroll.
2026-04-03 20:16:57 | INFO | Results panel looks stuck. Clicking the feed and trying another scroll.
2026-04-03 20:17:55 | INFO | Results panel looks stuck. Clicking the feed and trying another scroll.
2026-04-03 20:18:53 | INFO | Results panel looks stuck. Clicking the feed and trying another scroll.
2026-04-03 20:19:51 | INFO | Results panel looks stuck. Clicking the feed and trying another scroll.
2026-04-03 20:20:49 | INFO | Results panel looks stuck. Clicking the feed and trying another scroll.
2026-04-03 20:21:46 | INFO | Results panel looks stuck. Clicking the feed and trying another scroll.
2026-04-03 20:22:44 | INFO | Results panel looks stuck. Clicking the feed and trying another scroll.
2026-04-03 20:23:42 | INFO | Results panel looks stuck. Clicking the feed and trying another scroll.
2026-04-03 20:24:39 | INFO | Results panel looks stuck. Clicking the feed and trying another scroll.
2026-04-03 20:25:37 | INFO | Results panel looks stuck. Clicking the feed and trying another scroll.
2026-04-03 20:26:35 | INFO | Results panel looks stuck. Clicking the feed and trying another scroll.
2026-04-03 20:27:33 | INFO | Results panel looks stuck. Clicking the feed and trying another scroll.
2026-04-03 20:28:30 | INFO | Results panel looks stuck. Clicking the feed and trying another scroll.
2026-04-03 20:29:28 | INFO | Results panel looks stuck. Clicking the feed and trying another scroll.
2026-04-03 20:30:26 | INFO | Results panel looks stuck. Clicking the feed and trying another scroll.
2026-04-03 20:31:24 | INFO | Results panel looks stuck. Clicking the feed and trying another scroll.
2026-04-03 20:32:21 | INFO | Results panel looks stuck. Clicking the feed and trying another scroll.
2026-04-03 20:33:19 | INFO | Results panel looks stuck. Clicking the feed and trying another scroll.
2026-04-03 20:34:16 | INFO | Results panel looks stuck. Clicking the feed and trying another scroll.
2026-04-03 20:35:14 | INFO | Results panel looks stuck. Clicking the feed and trying another scroll.
2026-04-03 20:36:12 | INFO | Results panel looks stuck. Clicking the feed and trying another scroll.
2026-04-03 20:37:10 | INFO | Results panel looks stuck. Clicking the feed and trying another scroll.
2026-04-03 20:38:07 | INFO | Results panel looks stuck. Clicking the feed and trying another scroll.
2026-04-03 20:39:05 | INFO | Results panel looks stuck. Clicking the feed and trying another scroll.
2026-04-03 20:40:03 | INFO | Results panel looks stuck. Clicking the feed and trying another scroll.
2026-04-03 20:41:01 | INFO | Results panel looks stuck. Clicking the feed and trying another scroll.
2026-04-03 20:41:58 | INFO | Results panel looks stuck. Clicking the feed and trying another scroll.
2026-04-03 20:42:56 | INFO | Results panel looks stuck. Clicking the feed and trying another scroll.
2026-04-03 20:43:53 | INFO | Results panel looks stuck. Clicking the feed and trying another scroll.
2026-04-03 20:44:51 | INFO | Results panel looks stuck. Clicking the feed and trying another scroll.
2026-04-03 20:45:49 | INFO | Results panel looks stuck. Clicking the feed and trying another scroll.
2026-04-03 20:46:46 | INFO | Results panel looks stuck. Clicking the feed and trying another scroll.
2026-04-03 20:47:44 | INFO | Results panel looks stuck. Clicking the feed and trying another scroll.
2026-04-03 20:48:42 | INFO | Results panel looks stuck. Clicking the feed and trying another scroll.
2026-04-03 20:49:39 | INFO | Results panel looks stuck. Clicking the feed and trying another scroll.
2026-04-03 20:50:37 | INFO | Results panel looks stuck. Clicking the feed and trying another scroll.
2026-04-03 20:51:35 | INFO | Results panel looks stuck. Clicking the feed and trying another scroll.
2026-04-03 20:52:33 | INFO | Results panel looks stuck. Clicking the feed and trying another scroll.
2026-04-03 20:53:30 | INFO | Results panel looks stuck. Clicking the feed and trying another scroll.
2026-04-03 20:54:28 | INFO | Results panel looks stuck. Clicking the feed and trying another scroll.
2026-04-03 20:55:26 | INFO | Results panel looks stuck. Clicking the feed and trying another scroll.
2026-04-03 20:56:23 | INFO | Results panel looks stuck. Clicking the feed and trying another scroll.
2026-04-03 20:57:21 | INFO | Results panel looks stuck. Clicking the feed and trying another scroll.
2026-04-03 20:58:19 | INFO | Results panel looks stuck. Clicking the feed and trying another scroll.
2026-04-03 20:59:16 | INFO | Results panel looks stuck. Clicking the feed and trying another scroll.
2026-04-03 21:00:14 | INFO | Results panel looks stuck. Clicking the feed and trying another scroll.
2026-04-03 21:01:12 | INFO | Results panel looks stuck. Clicking the feed and trying another scroll.
2026-04-03 21:02:10 | INFO | Results panel looks stuck. Clicking the feed and trying another scroll.
2026-04-03 21:03:07 | INFO | Results panel looks stuck. Clicking the feed and trying another scroll.
2026-04-03 21:04:05 | INFO | Results panel looks stuck. Clicking the feed and trying another scroll.
2026-04-03 21:05:03 | INFO | Results panel looks stuck. Clicking the feed and trying another scroll.
2026-04-03 21:06:00 | INFO | Results panel looks stuck. Clicking the feed and trying another scroll.
2026-04-03 21:06:58 | INFO | Results panel looks stuck. Clicking the feed and trying another scroll.
2026-04-03 21:07:56 | INFO | Results panel looks stuck. Clicking the feed and trying another scroll.
2026-04-03 21:08:53 | INFO | Results panel looks stuck. Clicking the feed and trying another scroll.
2026-04-03 21:09:51 | INFO | Results panel looks stuck. Clicking the feed and trying another scroll.
2026-04-03 21:10:49 | INFO | Results panel looks stuck. Clicking the feed and trying another scroll.
2026-04-03 21:11:47 | INFO | Results panel looks stuck. Clicking the feed and trying another scroll.
2026-04-03 21:12:44 | INFO | Results panel looks stuck. Clicking the feed and trying another scroll.
2026-04-03 21:13:42 | INFO | Results panel looks stuck. Clicking the feed and trying another scroll.
2026-04-03 21:14:40 | INFO | Results panel looks stuck. Clicking the feed and trying another scroll.
2026-04-03 21:15:37 | INFO | Results panel looks stuck. Clicking the feed and trying another scroll.
2026-04-03 21:16:35 | INFO | Results panel looks stuck. Clicking the feed and trying another scroll.
2026-04-03 21:17:32 | INFO | Results panel looks stuck. Clicking the feed and trying another scroll.
2026-04-03 21:18:30 | INFO | Results panel looks stuck. Clicking the feed and trying another scroll.
2026-04-03 21:19:28 | INFO | Results panel looks stuck. Clicking the feed and trying another scroll.
2026-04-03 21:20:25 | INFO | Results panel looks stuck. Clicking the feed and trying another scroll.
2026-04-03 21:21:23 | INFO | Results panel looks stuck. Clicking the feed and trying another scroll.
2026-04-03 21:22:21 | INFO | Results panel looks stuck. Clicking the feed and trying another scroll.
2026-04-03 21:23:19 | INFO | Results panel looks stuck. Clicking the feed and trying another scroll.
2026-04-03 21:24:16 | INFO | Results panel looks stuck. Clicking the feed and trying another scroll.
2026-04-03 21:25:14 | INFO | Results panel looks stuck. Clicking the feed and trying another scroll.
2026-04-03 21:26:12 | INFO | Results panel looks stuck. Clicking the feed and trying another scroll.
2026-04-03 21:27:10 | INFO | Results panel looks stuck. Clicking the feed and trying another scroll.
2026-04-03 21:28:08 | INFO | Results panel looks stuck. Clicking the feed and trying another scroll.
2026-04-03 21:29:06 | INFO | Results panel looks stuck. Clicking the feed and trying another scroll.
2026-04-03 21:30:03 | INFO | Results panel looks stuck. Clicking the feed and trying another scroll.
2026-04-03 21:31:01 | INFO | Results panel looks stuck. Clicking the feed and trying another scroll.
2026-04-03 21:31:59 | INFO | Results panel looks stuck. Clicking the feed and trying another scroll.
2026-04-03 21:32:56 | INFO | Results panel looks stuck. Clicking the feed and trying another scroll.
2026-04-03 21:33:54 | INFO | Results panel looks stuck. Clicking the feed and trying another scroll.
2026-04-03 21:34:52 | INFO | Results panel looks stuck. Clicking the feed and trying another scroll.
2026-04-03 21:35:49 | INFO | Results panel looks stuck. Clicking the feed and trying another scroll.
2026-04-03 21:36:47 | INFO | Results panel looks stuck. Clicking the feed and trying another scroll.
2026-04-03 21:37:45 | INFO | Results panel looks stuck. Clicking the feed and trying another scroll.
2026-04-03 21:38:43 | INFO | Results panel looks stuck. Clicking the feed and trying another scroll.
2026-04-03 21:39:40 | INFO | Results panel looks stuck. Clicking the feed and trying another scroll.
2026-04-03 21:40:38 | INFO | Results panel looks stuck. Clicking the feed and trying another scroll.
2026-04-03 21:41:35 | INFO | Results panel looks stuck. Clicking the feed and trying another scroll.
2026-04-03 21:42:33 | INFO | Results panel looks stuck. Clicking the feed and trying another scroll.
2026-04-03 21:43:31 | INFO | Results panel looks stuck. Clicking the feed and trying another scroll.
2026-04-03 21:44:29 | INFO | Results panel looks stuck. Clicking the feed and trying another scroll.
2026-04-03 21:45:27 | INFO | Results panel looks stuck. Clicking the feed and trying another scroll.
2026-04-03 21:46:24 | INFO | Results panel looks stuck. Clicking the feed and trying another scroll.
2026-04-03 21:47:22 | INFO | Results panel looks stuck. Clicking the feed and trying another scroll.
2026-04-03 21:48:19 | INFO | Results panel looks stuck. Clicking the feed and trying another scroll.
2026-04-03 21:49:17 | INFO | Results panel looks stuck. Clicking the feed and trying another scroll.
2026-04-03 21:50:15 | INFO | Results panel looks stuck. Clicking the feed and trying another scroll.
2026-04-03 21:51:13 | INFO | Results panel looks stuck. Clicking the feed and trying another scroll.
2026-04-03 21:52:10 | INFO | Results panel looks stuck. Clicking the feed and trying another scroll.
2026-04-03 21:53:08 | INFO | Results panel looks stuck. Clicking the feed and trying another scroll.
2026-04-03 21:54:06 | INFO | Results panel looks stuck. Clicking the feed and trying another scroll.
2026-04-03 21:55:03 | INFO | Results panel looks stuck. Clicking the feed and trying another scroll.
2026-04-03 21:56:01 | INFO | Results panel looks stuck. Clicking the feed and trying another scroll.
2026-04-03 21:56:59 | INFO | Results panel looks stuck. Clicking the feed and trying another scroll.
2026-04-03 21:57:57 | INFO | Results panel looks stuck. Clicking the feed and trying another scroll.
2026-04-03 21:58:54 | INFO | Results panel looks stuck. Clicking the feed and trying another scroll.
2026-04-03 21:59:52 | INFO | Results panel looks stuck. Clicking the feed and trying another scroll.
2026-04-03 22:00:50 | INFO | Results panel looks stuck. Clicking the feed and trying another scroll.
2026-04-03 22:01:48 | INFO | Results panel looks stuck. Clicking the feed and trying another scroll.
2026-04-03 22:02:45 | INFO | Results panel looks stuck. Clicking the feed and trying another scroll.
2026-04-03 22:03:43 | INFO | Results panel looks stuck. Clicking the feed and trying another scroll.
2026-04-03 22:04:41 | INFO | Results panel looks stuck. Clicking the feed and trying another scroll.
2026-04-03 22:05:38 | INFO | Results panel looks stuck. Clicking the feed and trying another scroll.
2026-04-03 22:06:36 | INFO | Results panel looks stuck. Clicking the feed and trying another scroll.
2026-04-03 22:07:34 | INFO | Results panel looks stuck. Clicking the feed and trying another scroll.
2026-04-03 22:08:31 | INFO | Results panel looks stuck. Clicking the feed and trying another scroll.
2026-04-03 22:09:29 | INFO | Results panel looks stuck. Clicking the feed and trying another scroll.
2026-04-03 22:10:27 | INFO | Results panel looks stuck. Clicking the feed and trying another scroll.
2026-04-03 22:11:24 | INFO | Results panel looks stuck. Clicking the feed and trying another scroll.
2026-04-03 22:12:22 | INFO | Results panel looks stuck. Clicking the feed and trying another scroll.
2026-04-03 22:13:20 | INFO | Results panel looks stuck. Clicking the feed and trying another scroll.
2026-04-03 22:14:18 | INFO | Results panel looks stuck. Clicking the feed and trying another scroll.
2026-04-03 22:15:15 | INFO | Results panel looks stuck. Clicking the feed and trying another scroll.
2026-04-03 22:16:13 | INFO | Results panel looks stuck. Clicking the feed and trying another scroll.
2026-04-03 22:17:11 | INFO | Results panel looks stuck. Clicking the feed and trying another scroll.
2026-04-03 22:18:09 | INFO | Results panel looks stuck. Clicking the feed and trying another scroll.
2026-04-03 22:19:06 | INFO | Results panel looks stuck. Clicking the feed and trying another scroll.
2026-04-03 22:20:04 | INFO | Results panel looks stuck. Clicking the feed and trying another scroll.
2026-04-03 22:21:02 | INFO | Results panel looks stuck. Clicking the feed and trying another scroll.
2026-04-03 22:22:00 | INFO | Results panel looks stuck. Clicking the feed and trying another scroll.
2026-04-03 22:22:58 | INFO | Results panel looks stuck. Clicking the feed and trying another scroll.
2026-04-03 22:23:56 | INFO | Results panel looks stuck. Clicking the feed and trying another scroll.
2026-04-03 22:24:53 | INFO | Results panel looks stuck. Clicking the feed and trying another scroll.
2026-04-03 22:25:51 | INFO | Results panel looks stuck. Clicking the feed and trying another scroll.
2026-04-03 22:26:49 | INFO | Results panel looks stuck. Clicking the feed and trying another scroll.
2026-04-03 22:27:47 | INFO | Results panel looks stuck. Clicking the feed and trying another scroll.
2026-04-03 22:28:44 | INFO | Results panel looks stuck. Clicking the feed and trying another scroll.
2026-04-03 22:29:42 | INFO | Results panel looks stuck. Clicking the feed and trying another scroll.
2026-04-03 22:30:40 | INFO | Results panel looks stuck. Clicking the feed and trying another scroll.
2026-04-03 22:31:37 | INFO | Results panel looks stuck. Clicking the feed and trying another scroll.
2026-04-03 22:32:35 | INFO | Results panel looks stuck. Clicking the feed and trying another scroll.
2026-04-03 22:33:33 | INFO | Results panel looks stuck. Clicking the feed and trying another scroll.
2026-04-03 22:34:30 | INFO | Results panel looks stuck. Clicking the feed and trying another scroll.
2026-04-03 22:35:28 | INFO | Results panel looks stuck. Clicking the feed and trying another scroll.
2026-04-03 22:36:26 | INFO | Results panel looks stuck. Clicking the feed and trying another scroll.
2026-04-03 22:37:24 | INFO | Results panel looks stuck. Clicking the feed and trying another scroll.
2026-04-03 22:38:21 | INFO | Results panel looks stuck. Clicking the feed and trying another scroll.
2026-04-03 22:39:19 | INFO | Results panel looks stuck. Clicking the feed and trying another scroll.
2026-04-03 22:40:16 | INFO | Results panel looks stuck. Clicking the feed and trying another scroll.
2026-04-03 22:41:14 | INFO | Results panel looks stuck. Clicking the feed and trying another scroll.
2026-04-03 22:42:12 | INFO | Results panel looks stuck. Clicking the feed and trying another scroll.
2026-04-03 22:43:10 | INFO | Results panel looks stuck. Clicking the feed and trying another scroll.
2026-04-03 22:44:07 | INFO | Results panel looks stuck. Clicking the feed and trying another scroll.
2026-04-03 22:45:05 | INFO | Results panel looks stuck. Clicking the feed and trying another scroll.
2026-04-03 22:46:03 | INFO | Results panel looks stuck. Clicking the feed and trying another scroll.
2026-04-03 22:47:00 | INFO | Results panel looks stuck. Clicking the feed and trying another scroll.
2026-04-03 22:47:58 | INFO | Results panel looks stuck. Clicking the feed and trying another scroll.
2026-04-03 22:48:56 | INFO | Results panel looks stuck. Clicking the feed and trying another scroll.
2026-04-03 22:49:53 | INFO | Results panel looks stuck. Clicking the feed and trying another scroll.
2026-04-03 22:50:51 | INFO | Results panel looks stuck. Clicking the feed and trying another scroll.
2026-04-03 22:51:49 | INFO | Results panel looks stuck. Clicking the feed and trying another scroll.
2026-04-03 22:52:46 | INFO | Results panel looks stuck. Clicking the feed and trying another scroll.
2026-04-03 22:53:44 | INFO | Results panel looks stuck. Clicking the feed and trying another scroll.
2026-04-03 22:54:42 | INFO | Results panel looks stuck. Clicking the feed and trying another scroll.
2026-04-03 22:55:39 | INFO | Results panel looks stuck. Clicking the feed and trying another scroll.
2026-04-03 22:56:37 | INFO | Results panel looks stuck. Clicking the feed and trying another scroll.
2026-04-03 22:57:34 | INFO | Results panel looks stuck. Clicking the feed and trying another scroll.
2026-04-03 22:58:32 | INFO | Results panel looks stuck. Clicking the feed and trying another scroll.
2026-04-03 22:59:30 | INFO | Results panel looks stuck. Clicking the feed and trying another scroll.
2026-04-03 23:00:27 | INFO | Results panel looks stuck. Clicking the feed and trying another scroll.
2026-04-03 23:01:25 | INFO | Results panel looks stuck. Clicking the feed and trying another scroll.
2026-04-03 23:02:23 | INFO | Results panel looks stuck. Clicking the feed and trying another scroll.
2026-04-03 23:03:21 | INFO | Results panel looks stuck. Clicking the feed and trying another scroll.
2026-04-03 23:04:19 | INFO | Results panel looks stuck. Clicking the feed and trying another scroll.
2026-04-03 23:05:16 | INFO | Results panel looks stuck. Clicking the feed and trying another scroll.
2026-04-03 23:06:14 | INFO | Results panel looks stuck. Clicking the feed and trying another scroll.
2026-04-03 23:07:12 | INFO | Results panel looks stuck. Clicking the feed and trying another scroll.
2026-04-03 23:08:09 | INFO | Results panel looks stuck. Clicking the feed and trying another scroll.
2026-04-03 23:09:07 | INFO | Results panel looks stuck. Clicking the feed and trying another scroll.
2026-04-03 23:10:05 | INFO | Results panel looks stuck. Clicking the feed and trying another scroll.
2026-04-03 23:11:03 | INFO | Results panel looks stuck. Clicking the feed and trying another scroll.
2026-04-03 23:12:00 | INFO | Results panel looks stuck. Clicking the feed and trying another scroll.
2026-04-03 23:12:58 | INFO | Results panel looks stuck. Clicking the feed and trying another scroll.
2026-04-03 23:13:56 | INFO | Results panel looks stuck. Clicking the feed and trying another scroll.
2026-04-03 23:14:53 | INFO | Results panel looks stuck. Clicking the feed and trying another scroll.
2026-04-03 23:15:51 | INFO | Results panel looks stuck. Clicking the feed and trying another scroll.
2026-04-03 23:16:49 | INFO | Results panel looks stuck. Clicking the feed and trying another scroll.
2026-04-03 23:17:46 | INFO | Results panel looks stuck. Clicking the feed and trying another scroll.
2026-04-03 23:18:44 | INFO | Results panel looks stuck. Clicking the feed and trying another scroll.
2026-04-03 23:19:42 | INFO | Results panel looks stuck. Clicking the feed and trying another scroll.
2026-04-03 23:20:40 | INFO | Results panel looks stuck. Clicking the feed and trying another scroll.
2026-04-03 23:21:38 | INFO | Results panel looks stuck. Clicking the feed and trying another scroll.
2026-04-03 23:22:36 | INFO | Results panel looks stuck. Clicking the feed and trying another scroll.
2026-04-03 23:23:33 | INFO | Results panel looks stuck. Clicking the feed and trying another scroll.
2026-04-03 23:24:31 | INFO | Results panel looks stuck. Clicking the feed and trying another scroll.
2026-04-03 23:25:29 | INFO | Results panel looks stuck. Clicking the feed and trying another scroll.
2026-04-03 23:26:27 | INFO | Results panel looks stuck. Clicking the feed and trying another scroll.
2026-04-03 23:27:24 | INFO | Results panel looks stuck. Clicking the feed and trying another scroll.
2026-04-03 23:28:22 | INFO | Results panel looks stuck. Clicking the feed and trying another scroll.
2026-04-03 23:29:20 | INFO | Results panel looks stuck. Clicking the feed and trying another scroll.
2026-04-03 23:30:18 | INFO | Results panel looks stuck. Clicking the feed and trying another scroll.
2026-04-03 23:31:15 | INFO | Results panel looks stuck. Clicking the feed and trying another scroll.
2026-04-03 23:32:13 | INFO | Results panel looks stuck. Clicking the feed and trying another scroll.
2026-04-03 23:33:11 | INFO | Results panel looks stuck. Clicking the feed and trying another scroll.
2026-04-03 23:34:09 | INFO | Results panel looks stuck. Clicking the feed and trying another scroll.
2026-04-03 23:35:06 | INFO | Results panel looks stuck. Clicking the feed and trying another scroll.
2026-04-03 23:36:04 | INFO | Results panel looks stuck. Clicking the feed and trying another scroll.
2026-04-03 23:37:02 | INFO | Results panel looks stuck. Clicking the feed and trying another scroll.
2026-04-03 23:38:00 | INFO | Results panel looks stuck. Clicking the feed and trying another scroll.
2026-04-03 23:38:58 | INFO | Results panel looks stuck. Clicking the feed and trying another scroll.
2026-04-03 23:39:55 | INFO | Results panel looks stuck. Clicking the feed and trying another scroll.
2026-04-03 23:40:54 | INFO | Results panel looks stuck. Clicking the feed and trying another scroll.
2026-04-03 23:41:51 | INFO | Results panel looks stuck. Clicking the feed and trying another scroll.
2026-04-03 23:42:49 | INFO | Results panel looks stuck. Clicking the feed and trying another scroll.
2026-04-03 23:43:47 | INFO | Results panel looks stuck. Clicking the feed and trying another scroll.
2026-04-03 23:44:44 | INFO | Results panel looks stuck. Clicking the feed and trying another scroll.
2026-04-03 23:45:42 | INFO | Results panel looks stuck. Clicking the feed and trying another scroll.
2026-04-03 23:46:40 | INFO | Results panel looks stuck. Clicking the feed and trying another scroll.
2026-04-03 23:47:38 | INFO | Results panel looks stuck. Clicking the feed and trying another scroll.
2026-04-03 23:48:35 | INFO | Results panel looks stuck. Clicking the feed and trying another scroll.
2026-04-03 23:49:33 | INFO | Results panel looks stuck. Clicking the feed and trying another scroll.
2026-04-03 23:50:31 | INFO | Results panel looks stuck. Clicking the feed and trying another scroll.
2026-04-03 23:51:28 | INFO | Results panel looks stuck. Clicking the feed and trying another scroll.
2026-04-03 23:52:26 | INFO | Results panel looks stuck. Clicking the feed and trying another scroll.
2026-04-03 23:53:24 | INFO | Results panel looks stuck. Clicking the feed and trying another scroll.
2026-04-03 23:54:22 | INFO | Results panel looks stuck. Clicking the feed and trying another scroll.
2026-04-03 23:55:19 | INFO | Results panel looks stuck. Clicking the feed and trying another scroll.
2026-04-03 23:56:17 | INFO | Results panel looks stuck. Clicking the feed and trying another scroll.
2026-04-03 23:57:15 | INFO | Results panel looks stuck. Clicking the feed and trying another scroll.
2026-04-03 23:58:13 | INFO | Results panel looks stuck. Clicking the feed and trying another scroll.
2026-04-03 23:59:10 | INFO | Results panel looks stuck. Clicking the feed and trying another scroll.
2026-04-04 00:00:07 | INFO | Results panel looks stuck. Clicking the feed and trying another scroll.
2026-04-04 00:01:05 | INFO | Results panel looks stuck. Clicking the feed and trying another scroll.
2026-04-04 00:02:02 | INFO | Results panel looks stuck. Clicking the feed and trying another scroll.
2026-04-04 00:03:00 | INFO | Results panel looks stuck. Clicking the feed and trying another scroll.
2026-04-04 00:03:58 | INFO | Results panel looks stuck. Clicking the feed and trying another scroll.
2026-04-04 00:04:56 | INFO | Results panel looks stuck. Clicking the feed and trying another scroll.
2026-04-04 00:05:53 | INFO | Results panel looks stuck. Clicking the feed and trying another scroll.
2026-04-04 00:06:51 | INFO | Results panel looks stuck. Clicking the feed and trying another scroll.
2026-04-04 00:07:49 | INFO | Results panel looks stuck. Clicking the feed and trying another scroll.
2026-04-04 00:08:47 | INFO | Results panel looks stuck. Clicking the feed and trying another scroll.
2026-04-04 00:09:44 | INFO | Results panel looks stuck. Clicking the feed and trying another scroll.
2026-04-04 00:10:42 | INFO | Results panel looks stuck. Clicking the feed and trying another scroll.
2026-04-04 00:11:39 | INFO | Results panel looks stuck. Clicking the feed and trying another scroll.
2026-04-04 00:12:37 | INFO | Results panel looks stuck. Clicking the feed and trying another scroll.
2026-04-04 00:13:35 | INFO | Results panel looks stuck. Clicking the feed and trying another scroll.
2026-04-04 00:14:33 | INFO | Results panel looks stuck. Clicking the feed and trying another scroll.
2026-04-04 00:15:31 | INFO | Results panel looks stuck. Clicking the feed and trying another scroll.
2026-04-04 00:16:28 | INFO | Results panel looks stuck. Clicking the feed and trying another scroll.
2026-04-04 00:17:26 | INFO | Results panel looks stuck. Clicking the feed and trying another scroll.
2026-04-04 00:18:24 | INFO | Results panel looks stuck. Clicking the feed and trying another scroll.
2026-04-04 00:19:21 | INFO | Results panel looks stuck. Clicking the feed and trying another scroll.
2026-04-04 00:20:19 | INFO | Results panel looks stuck. Clicking the feed and trying another scroll.
2026-04-04 00:21:17 | INFO | Results panel looks stuck. Clicking the feed and trying another scroll.
2026-04-04 00:22:15 | INFO | Results panel looks stuck. Clicking the feed and trying another scroll.
2026-04-04 00:23:13 | INFO | Results panel looks stuck. Clicking the feed and trying another scroll.
2026-04-04 00:24:10 | INFO | Results panel looks stuck. Clicking the feed and trying another scroll.
2026-04-04 00:25:08 | INFO | Results panel looks stuck. Clicking the feed and trying another scroll.
2026-04-04 00:26:05 | INFO | Results panel looks stuck. Clicking the feed and trying another scroll.
2026-04-04 00:27:03 | INFO | Results panel looks stuck. Clicking the feed and trying another scroll.
2026-04-04 00:28:01 | INFO | Results panel looks stuck. Clicking the feed and trying another scroll.
2026-04-04 00:28:59 | INFO | Results panel looks stuck. Clicking the feed and trying another scroll.
2026-04-04 00:29:56 | INFO | Results panel looks stuck. Clicking the feed and trying another scroll.
2026-04-04 00:30:54 | INFO | Results panel looks stuck. Clicking the feed and trying another scroll.
2026-04-04 00:31:52 | INFO | Results panel looks stuck. Clicking the feed and trying another scroll.
2026-04-04 00:32:49 | INFO | Results panel looks stuck. Clicking the feed and trying another scroll.
2026-04-04 00:33:47 | INFO | Results panel looks stuck. Clicking the feed and trying another scroll.
2026-04-04 00:34:45 | INFO | Results panel looks stuck. Clicking the feed and trying another scroll.
2026-04-04 00:35:43 | INFO | Results panel looks stuck. Clicking the feed and trying another scroll.
2026-04-04 00:36:41 | INFO | Results panel looks stuck. Clicking the feed and trying another scroll.
2026-04-04 00:37:38 | INFO | Results panel looks stuck. Clicking the feed and trying another scroll.
2026-04-04 00:38:36 | INFO | Results panel looks stuck. Clicking the feed and trying another scroll.
2026-04-04 00:39:33 | INFO | Results panel looks stuck. Clicking the feed and trying another scroll.
2026-04-04 00:40:31 | INFO | Results panel looks stuck. Clicking the feed and trying another scroll.
2026-04-04 00:41:29 | INFO | Results panel looks stuck. Clicking the feed and trying another scroll.
2026-04-04 00:42:26 | INFO | Results panel looks stuck. Clicking the feed and trying another scroll.
2026-04-04 00:43:24 | INFO | Results panel looks stuck. Clicking the feed and trying another scroll.
2026-04-04 00:44:22 | INFO | Results panel looks stuck. Clicking the feed and trying another scroll.
2026-04-04 00:45:20 | INFO | Results panel looks stuck. Clicking the feed and trying another scroll.
2026-04-04 00:46:18 | INFO | Results panel looks stuck. Clicking the feed and trying another scroll.
2026-04-04 00:47:16 | INFO | Results panel looks stuck. Clicking the feed and trying another scroll.
2026-04-04 00:48:13 | INFO | Results panel looks stuck. Clicking the feed and trying another scroll.
2026-04-04 00:49:11 | INFO | Results panel looks stuck. Clicking the feed and trying another scroll.
2026-04-04 00:50:09 | INFO | Results panel looks stuck. Clicking the feed and trying another scroll.
2026-04-04 00:51:06 | INFO | Results panel looks stuck. Clicking the feed and trying another scroll.
2026-04-04 00:52:04 | INFO | Results panel looks stuck. Clicking the feed and trying another scroll.
2026-04-04 00:53:02 | INFO | Results panel looks stuck. Clicking the feed and trying another scroll.
2026-04-04 00:53:59 | INFO | Results panel looks stuck. Clicking the feed and trying another scroll.
2026-04-04 00:54:57 | INFO | Results panel looks stuck. Clicking the feed and trying another scroll.
2026-04-04 00:55:55 | INFO | Results panel looks stuck. Clicking the feed and trying another scroll.
2026-04-04 00:56:52 | INFO | Results panel looks stuck. Clicking the feed and trying another scroll.
2026-04-04 00:57:50 | INFO | Results panel looks stuck. Clicking the feed and trying another scroll.
2026-04-04 00:58:48 | INFO | Results panel looks stuck. Clicking the feed and trying another scroll.
2026-04-04 00:59:46 | INFO | Results panel looks stuck. Clicking the feed and trying another scroll.
2026-04-04 01:00:44 | INFO | Results panel looks stuck. Clicking the feed and trying another scroll.
2026-04-04 01:01:42 | INFO | Results panel looks stuck. Clicking the feed and trying another scroll.
2026-04-04 01:02:39 | INFO | Results panel looks stuck. Clicking the feed and trying another scroll.
2026-04-04 01:03:37 | INFO | Results panel looks stuck. Clicking the feed and trying another scroll.
2026-04-04 01:04:35 | INFO | Results panel looks stuck. Clicking the feed and trying another scroll.
2026-04-04 01:05:33 | INFO | Results panel looks stuck. Clicking the feed and trying another scroll.
2026-04-04 01:06:30 | INFO | Results panel looks stuck. Clicking the feed and trying another scroll.
2026-04-04 01:07:28 | INFO | Results panel looks stuck. Clicking the feed and trying another scroll.
2026-04-04 01:08:26 | INFO | Results panel looks stuck. Clicking the feed and trying another scroll.
2026-04-04 01:09:24 | INFO | Results panel looks stuck. Clicking the feed and trying another scroll.
2026-04-04 01:10:21 | INFO | Results panel looks stuck. Clicking the feed and trying another scroll.
2026-04-04 01:11:19 | INFO | Results panel looks stuck. Clicking the feed and trying another scroll.
2026-04-04 01:12:17 | INFO | Results panel looks stuck. Clicking the feed and trying another scroll.
2026-04-04 01:13:15 | INFO | Results panel looks stuck. Clicking the feed and trying another scroll.
2026-04-04 01:14:13 | INFO | Results panel looks stuck. Clicking the feed and trying another scroll.
2026-04-04 01:15:10 | INFO | Results panel looks stuck. Clicking the feed and trying another scroll.
2026-04-04 01:16:08 | INFO | Results panel looks stuck. Clicking the feed and trying another scroll.
2026-04-04 01:17:05 | INFO | Results panel looks stuck. Clicking the feed and trying another scroll.
2026-04-04 01:18:03 | INFO | Results panel looks stuck. Clicking the feed and trying another scroll.
2026-04-04 01:19:01 | INFO | Results panel looks stuck. Clicking the feed and trying another scroll.
2026-04-04 01:19:59 | INFO | Results panel looks stuck. Clicking the feed and trying another scroll.
2026-04-04 01:20:57 | INFO | Results panel looks stuck. Clicking the feed and trying another scroll.
2026-04-04 01:21:55 | INFO | Results panel looks stuck. Clicking the feed and trying another scroll.
2026-04-04 01:22:52 | INFO | Results panel looks stuck. Clicking the feed and trying another scroll.
2026-04-04 01:23:50 | INFO | Results panel looks stuck. Clicking the feed and trying another scroll.
2026-04-04 01:24:48 | INFO | Results panel looks stuck. Clicking the feed and trying another scroll.
2026-04-04 01:25:45 | INFO | Results panel looks stuck. Clicking the feed and trying another scroll.
2026-04-04 01:26:43 | INFO | Results panel looks stuck. Clicking the feed and trying another scroll.
2026-04-04 01:27:41 | INFO | Results panel looks stuck. Clicking the feed and trying another scroll.
2026-04-04 01:28:38 | INFO | Results panel looks stuck. Clicking the feed and trying another scroll.
2026-04-04 01:29:36 | INFO | Results panel looks stuck. Clicking the feed and trying another scroll.
2026-04-04 01:30:33 | INFO | Results panel looks stuck. Clicking the feed and trying another scroll.
2026-04-04 01:31:31 | INFO | Results panel looks stuck. Clicking the feed and trying another scroll.
2026-04-04 01:32:29 | INFO | Results panel looks stuck. Clicking the feed and trying another scroll.
2026-04-04 01:33:27 | INFO | Results panel looks stuck. Clicking the feed and trying another scroll.
2026-04-04 01:34:24 | INFO | Results panel looks stuck. Clicking the feed and trying another scroll.
2026-04-04 01:35:22 | INFO | Results panel looks stuck. Clicking the feed and trying another scroll.
2026-04-04 01:36:19 | INFO | Results panel looks stuck. Clicking the feed and trying another scroll.
2026-04-04 01:37:17 | INFO | Results panel looks stuck. Clicking the feed and trying another scroll.
2026-04-04 01:38:15 | INFO | Results panel looks stuck. Clicking the feed and trying another scroll.
2026-04-04 01:39:13 | INFO | Results panel looks stuck. Clicking the feed and trying another scroll.
2026-04-04 01:40:10 | INFO | Results panel looks stuck. Clicking the feed and trying another scroll.
2026-04-04 01:41:08 | INFO | Results panel looks stuck. Clicking the feed and trying another scroll.
2026-04-04 01:42:06 | INFO | Results panel looks stuck. Clicking the feed and trying another scroll.
2026-04-04 01:43:03 | INFO | Results panel looks stuck. Clicking the feed and trying another scroll.
2026-04-04 01:44:01 | INFO | Results panel looks stuck. Clicking the feed and trying another scroll.
2026-04-04 01:44:59 | INFO | Results panel looks stuck. Clicking the feed and trying another scroll.
2026-04-04 01:45:57 | INFO | Results panel looks stuck. Clicking the feed and trying another scroll.
2026-04-04 01:46:54 | INFO | Results panel looks stuck. Clicking the feed and trying another scroll.
2026-04-04 01:47:52 | INFO | Results panel looks stuck. Clicking the feed and trying another scroll.
2026-04-04 01:48:50 | INFO | Results panel looks stuck. Clicking the feed and trying another scroll.
2026-04-04 01:49:48 | INFO | Results panel looks stuck. Clicking the feed and trying another scroll.
2026-04-04 01:50:45 | INFO | Results panel looks stuck. Clicking the feed and trying another scroll.
2026-04-04 01:51:43 | INFO | Results panel looks stuck. Clicking the feed and trying another scroll.
2026-04-04 01:52:41 | INFO | Results panel looks stuck. Clicking the feed and trying another scroll.
2026-04-04 01:53:38 | INFO | Results panel looks stuck. Clicking the feed and trying another scroll.
2026-04-04 01:54:36 | INFO | Results panel looks stuck. Clicking the feed and trying another scroll.
2026-04-04 01:55:34 | INFO | Results panel looks stuck. Clicking the feed and trying another scroll.
2026-04-04 01:56:31 | INFO | Results panel looks stuck. Clicking the feed and trying another scroll.
2026-04-04 01:57:29 | INFO | Results panel looks stuck. Clicking the feed and trying another scroll.
2026-04-04 01:58:26 | INFO | Results panel looks stuck. Clicking the feed and trying another scroll.
2026-04-04 01:59:24 | INFO | Results panel looks stuck. Clicking the feed and trying another scroll.
2026-04-04 02:00:22 | INFO | Results panel looks stuck. Clicking the feed and trying another scroll.
2026-04-04 02:01:20 | INFO | Results panel looks stuck. Clicking the feed and trying another scroll.
2026-04-04 02:02:17 | INFO | Results panel looks stuck. Clicking the feed and trying another scroll.
2026-04-04 02:03:15 | INFO | Results panel looks stuck. Clicking the feed and trying another scroll.
2026-04-04 02:04:13 | INFO | Results panel looks stuck. Clicking the feed and trying another scroll.
2026-04-04 02:05:10 | INFO | Results panel looks stuck. Clicking the feed and trying another scroll.
2026-04-04 02:06:08 | INFO | Results panel looks stuck. Clicking the feed and trying another scroll.
2026-04-04 02:07:05 | INFO | Results panel looks stuck. Clicking the feed and trying another scroll.
2026-04-04 02:08:03 | INFO | Results panel looks stuck. Clicking the feed and trying another scroll.
2026-04-04 02:09:01 | INFO | Results panel looks stuck. Clicking the feed and trying another scroll.
2026-04-04 02:09:58 | INFO | Results panel looks stuck. Clicking the feed and trying another scroll.
2026-04-04 02:10:56 | INFO | Results panel looks stuck. Clicking the feed and trying another scroll.
2026-04-04 02:11:54 | INFO | Results panel looks stuck. Clicking the feed and trying another scroll.
2026-04-04 02:12:51 | INFO | Results panel looks stuck. Clicking the feed and trying another scroll.
2026-04-04 02:13:49 | INFO | Results panel looks stuck. Clicking the feed and trying another scroll.
2026-04-04 02:14:47 | INFO | Results panel looks stuck. Clicking the feed and trying another scroll.
2026-04-04 02:15:44 | INFO | Results panel looks stuck. Clicking the feed and trying another scroll.
2026-04-04 02:16:42 | INFO | Results panel looks stuck. Clicking the feed and trying another scroll.
2026-04-04 02:17:40 | INFO | Results panel looks stuck. Clicking the feed and trying another scroll.
2026-04-04 02:18:38 | INFO | Results panel looks stuck. Clicking the feed and trying another scroll.
2026-04-04 02:19:36 | INFO | Results panel looks stuck. Clicking the feed and trying another scroll.
2026-04-04 02:20:33 | INFO | Results panel looks stuck. Clicking the feed and trying another scroll.
2026-04-04 02:21:31 | INFO | Results panel looks stuck. Clicking the feed and trying another scroll.
2026-04-04 02:22:29 | INFO | Results panel looks stuck. Clicking the feed and trying another scroll.
2026-04-04 02:23:26 | INFO | Results panel looks stuck. Clicking the feed and trying another scroll.
2026-04-04 02:24:24 | INFO | Results panel looks stuck. Clicking the feed and trying another scroll.
2026-04-04 02:25:22 | INFO | Results panel looks stuck. Clicking the feed and trying another scroll.
2026-04-04 02:26:19 | INFO | Results panel looks stuck. Clicking the feed and trying another scroll.
2026-04-04 02:27:17 | INFO | Results panel looks stuck. Clicking the feed and trying another scroll.
2026-04-04 02:28:15 | INFO | Results panel looks stuck. Clicking the feed and trying another scroll.
2026-04-04 02:29:13 | INFO | Results panel looks stuck. Clicking the feed and trying another scroll.
2026-04-04 02:30:10 | INFO | Results panel looks stuck. Clicking the feed and trying another scroll.
2026-04-04 02:31:08 | INFO | Results panel looks stuck. Clicking the feed and trying another scroll.
2026-04-04 02:32:06 | INFO | Results panel looks stuck. Clicking the feed and trying another scroll.
2026-04-04 02:33:04 | INFO | Results panel looks stuck. Clicking the feed and trying another scroll.
2026-04-04 02:34:02 | INFO | Results panel looks stuck. Clicking the feed and trying another scroll.
2026-04-04 02:35:00 | INFO | Results panel looks stuck. Clicking the feed and trying another scroll.
2026-04-04 02:35:57 | INFO | Results panel looks stuck. Clicking the feed and trying another scroll.
2026-04-04 02:36:55 | INFO | Results panel looks stuck. Clicking the feed and trying another scroll.
2026-04-04 02:37:53 | INFO | Results panel looks stuck. Clicking the feed and trying another scroll.
2026-04-04 02:38:50 | INFO | Results panel looks stuck. Clicking the feed and trying another scroll.
2026-04-04 02:39:48 | INFO | Results panel looks stuck. Clicking the feed and trying another scroll.
2026-04-04 02:40:46 | INFO | Results panel looks stuck. Clicking the feed and trying another scroll.
2026-04-04 02:41:43 | INFO | Results panel looks stuck. Clicking the feed and trying another scroll.
2026-04-04 02:42:41 | INFO | Results panel looks stuck. Clicking the feed and trying another scroll.
2026-04-04 02:43:39 | INFO | Results panel looks stuck. Clicking the feed and trying another scroll.
2026-04-04 02:44:37 | INFO | Results panel looks stuck. Clicking the feed and trying another scroll.
2026-04-04 02:45:34 | INFO | Results panel looks stuck. Clicking the feed and trying another scroll.
2026-04-04 02:46:32 | INFO | Results panel looks stuck. Clicking the feed and trying another scroll.
2026-04-04 02:47:30 | INFO | Results panel looks stuck. Clicking the feed and trying another scroll.
2026-04-04 02:48:27 | INFO | Results panel looks stuck. Clicking the feed and trying another scroll.
2026-04-04 02:49:25 | INFO | Results panel looks stuck. Clicking the feed and trying another scroll.
2026-04-04 02:50:23 | INFO | Results panel looks stuck. Clicking the feed and trying another scroll.
2026-04-04 02:51:20 | INFO | Results panel looks stuck. Clicking the feed and trying another scroll.
2026-04-04 02:52:18 | INFO | Results panel looks stuck. Clicking the feed and trying another scroll.
2026-04-04 02:53:16 | INFO | Results panel looks stuck. Clicking the feed and trying another scroll.
2026-04-04 02:54:14 | INFO | Results panel looks stuck. Clicking the feed and trying another scroll.
2026-04-04 02:55:11 | INFO | Results panel looks stuck. Clicking the feed and trying another scroll.
2026-04-04 02:56:09 | INFO | Results panel looks stuck. Clicking the feed and trying another scroll.
2026-04-04 02:57:06 | INFO | Results panel looks stuck. Clicking the feed and trying another scroll.
2026-04-04 02:58:04 | INFO | Results panel looks stuck. Clicking the feed and trying another scroll.
2026-04-04 02:59:02 | INFO | Results panel looks stuck. Clicking the feed and trying another scroll.
2026-04-04 02:59:59 | INFO | Results panel looks stuck. Clicking the feed and trying another scroll.
2026-04-04 03:00:57 | INFO | Results panel looks stuck. Clicking the feed and trying another scroll.
2026-04-04 03:01:55 | INFO | Results panel looks stuck. Clicking the feed and trying another scroll.
2026-04-04 03:02:53 | INFO | Results panel looks stuck. Clicking the feed and trying another scroll.
2026-04-04 03:03:50 | INFO | Results panel looks stuck. Clicking the feed and trying another scroll.
2026-04-04 03:04:48 | INFO | Results panel looks stuck. Clicking the feed and trying another scroll.
2026-04-04 03:05:45 | INFO | Results panel looks stuck. Clicking the feed and trying another scroll.
2026-04-04 03:06:43 | INFO | Results panel looks stuck. Clicking the feed and trying another scroll.
2026-04-04 03:07:41 | INFO | Results panel looks stuck. Clicking the feed and trying another scroll.
2026-04-04 03:08:38 | INFO | Results panel looks stuck. Clicking the feed and trying another scroll.
2026-04-04 03:09:36 | INFO | Results panel looks stuck. Clicking the feed and trying another scroll.
2026-04-04 03:10:34 | INFO | Results panel looks stuck. Clicking the feed and trying another scroll.
2026-04-04 03:11:31 | INFO | Results panel looks stuck. Clicking the feed and trying another scroll.
2026-04-04 03:12:29 | INFO | Results panel looks stuck. Clicking the feed and trying another scroll.
2026-04-04 03:13:27 | INFO | Results panel looks stuck. Clicking the feed and trying another scroll.
2026-04-04 03:14:24 | INFO | Results panel looks stuck. Clicking the feed and trying another scroll.
2026-04-04 03:15:22 | INFO | Results panel looks stuck. Clicking the feed and trying another scroll.
2026-04-04 03:16:20 | INFO | Results panel looks stuck. Clicking the feed and trying another scroll.
2026-04-04 03:17:18 | INFO | Results panel looks stuck. Clicking the feed and trying another scroll.
2026-04-04 03:18:16 | INFO | Results panel looks stuck. Clicking the feed and trying another scroll.
2026-04-04 03:19:13 | INFO | Results panel looks stuck. Clicking the feed and trying another scroll.
2026-04-04 03:20:11 | INFO | Results panel looks stuck. Clicking the feed and trying another scroll.
2026-04-04 03:21:09 | INFO | Results panel looks stuck. Clicking the feed and trying another scroll.
2026-04-04 03:22:07 | INFO | Results panel looks stuck. Clicking the feed and trying another scroll.
2026-04-04 03:23:04 | INFO | Results panel looks stuck. Clicking the feed and trying another scroll.
2026-04-04 03:24:02 | INFO | Results panel looks stuck. Clicking the feed and trying another scroll.
2026-04-04 03:25:00 | INFO | Results panel looks stuck. Clicking the feed and trying another scroll.
2026-04-04 03:25:58 | INFO | Results panel looks stuck. Clicking the feed and trying another scroll.
2026-04-04 03:26:55 | INFO | Results panel looks stuck. Clicking the feed and trying another scroll.
2026-04-04 03:27:53 | INFO | Results panel looks stuck. Clicking the feed and trying another scroll.
2026-04-04 03:28:51 | INFO | Results panel looks stuck. Clicking the feed and trying another scroll.
2026-04-04 03:29:48 | INFO | Results panel looks stuck. Clicking the feed and trying another scroll.
2026-04-04 03:30:46 | INFO | Results panel looks stuck. Clicking the feed and trying another scroll.
2026-04-04 03:31:44 | INFO | Results panel looks stuck. Clicking the feed and trying another scroll.
2026-04-04 03:32:41 | INFO | Results panel looks stuck. Clicking the feed and trying another scroll.
2026-04-04 03:33:39 | INFO | Results panel looks stuck. Clicking the feed and trying another scroll.
2026-04-04 03:34:37 | INFO | Results panel looks stuck. Clicking the feed and trying another scroll.
2026-04-04 03:35:35 | INFO | Results panel looks stuck. Clicking the feed and trying another scroll.
2026-04-04 03:36:33 | INFO | Results panel looks stuck. Clicking the feed and trying another scroll.
2026-04-04 03:37:30 | INFO | Results panel looks stuck. Clicking the feed and trying another scroll.
2026-04-04 03:38:28 | INFO | Results panel looks stuck. Clicking the feed and trying another scroll.
2026-04-04 03:39:26 | INFO | Results panel looks stuck. Clicking the feed and trying another scroll.
2026-04-04 03:40:24 | INFO | Results panel looks stuck. Clicking the feed and trying another scroll.
2026-04-04 03:41:21 | INFO | Results panel looks stuck. Clicking the feed and trying another scroll.
2026-04-04 03:42:19 | INFO | Results panel looks stuck. Clicking the feed and trying another scroll.
2026-04-04 03:43:17 | INFO | Results panel looks stuck. Clicking the feed and trying another scroll.
2026-04-04 03:44:15 | INFO | Results panel looks stuck. Clicking the feed and trying another scroll.
2026-04-04 03:45:13 | INFO | Results panel looks stuck. Clicking the feed and trying another scroll.
2026-04-04 03:46:10 | INFO | Results panel looks stuck. Clicking the feed and trying another scroll.
2026-04-04 03:47:08 | INFO | Results panel looks stuck. Clicking the feed and trying another scroll.
2026-04-04 03:48:06 | INFO | Results panel looks stuck. Clicking the feed and trying another scroll.
2026-04-04 03:49:03 | INFO | Results panel looks stuck. Clicking the feed and trying another scroll.
2026-04-04 03:50:01 | INFO | Results panel looks stuck. Clicking the feed and trying another scroll.
2026-04-04 03:50:59 | INFO | Results panel looks stuck. Clicking the feed and trying another scroll.
2026-04-04 03:51:57 | INFO | Results panel looks stuck. Clicking the feed and trying another scroll.
2026-04-04 03:52:54 | INFO | Results panel looks stuck. Clicking the feed and trying another scroll.
2026-04-04 03:53:52 | INFO | Results panel looks stuck. Clicking the feed and trying another scroll.
2026-04-04 03:54:50 | INFO | Results panel looks stuck. Clicking the feed and trying another scroll.
2026-04-04 03:55:48 | INFO | Results panel looks stuck. Clicking the feed and trying another scroll.
2026-04-04 03:56:45 | INFO | Results panel looks stuck. Clicking the feed and trying another scroll.
2026-04-04 03:57:43 | INFO | Results panel looks stuck. Clicking the feed and trying another scroll.
2026-04-04 03:58:41 | INFO | Results panel looks stuck. Clicking the feed and trying another scroll.
2026-04-04 03:59:39 | INFO | Results panel looks stuck. Clicking the feed and trying another scroll.
2026-04-04 04:00:36 | INFO | Results panel looks stuck. Clicking the feed and trying another scroll.
2026-04-04 04:01:34 | INFO | Results panel looks stuck. Clicking the feed and trying another scroll.
2026-04-04 04:02:31 | INFO | Results panel looks stuck. Clicking the feed and trying another scroll.
2026-04-04 04:03:29 | INFO | Results panel looks stuck. Clicking the feed and trying another scroll.
2026-04-04 04:04:27 | INFO | Results panel looks stuck. Clicking the feed and trying another scroll.
2026-04-04 04:05:25 | INFO | Results panel looks stuck. Clicking the feed and trying another scroll.
2026-04-04 04:06:22 | INFO | Results panel looks stuck. Clicking the feed and trying another scroll.
2026-04-04 04:07:20 | INFO | Results panel looks stuck. Clicking the feed and trying another scroll.
2026-04-04 04:08:17 | INFO | Results panel looks stuck. Clicking the feed and trying another scroll.
2026-04-04 04:09:15 | INFO | Results panel looks stuck. Clicking the feed and trying another scroll.
2026-04-04 04:10:13 | INFO | Results panel looks stuck. Clicking the feed and trying another scroll.
2026-04-04 04:11:11 | INFO | Results panel looks stuck. Clicking the feed and trying another scroll.
2026-04-04 04:12:09 | INFO | Results panel looks stuck. Clicking the feed and trying another scroll.
2026-04-04 04:13:06 | INFO | Results panel looks stuck. Clicking the feed and trying another scroll.
2026-04-04 04:14:04 | INFO | Results panel looks stuck. Clicking the feed and trying another scroll.
2026-04-04 04:15:02 | INFO | Results panel looks stuck. Clicking the feed and trying another scroll.
2026-04-04 04:16:00 | INFO | Results panel looks stuck. Clicking the feed and trying another scroll.
2026-04-04 04:16:58 | INFO | Results panel looks stuck. Clicking the feed and trying another scroll.
2026-04-04 04:17:55 | INFO | Results panel looks stuck. Clicking the feed and trying another scroll.
2026-04-04 04:18:53 | INFO | Results panel looks stuck. Clicking the feed and trying another scroll.
2026-04-04 04:19:51 | INFO | Results panel looks stuck. Clicking the feed and trying another scroll.
2026-04-04 04:20:48 | INFO | Results panel looks stuck. Clicking the feed and trying another scroll.
2026-04-04 04:21:46 | INFO | Results panel looks stuck. Clicking the feed and trying another scroll.
2026-04-04 04:22:44 | INFO | Results panel looks stuck. Clicking the feed and trying another scroll.
2026-04-04 04:23:42 | INFO | Results panel looks stuck. Clicking the feed and trying another scroll.
2026-04-04 04:24:39 | INFO | Results panel looks stuck. Clicking the feed and trying another scroll.
2026-04-04 04:25:37 | INFO | Results panel looks stuck. Clicking the feed and trying another scroll.
2026-04-04 04:26:34 | INFO | Results panel looks stuck. Clicking the feed and trying another scroll.
2026-04-04 04:27:32 | INFO | Results panel looks stuck. Clicking the feed and trying another scroll.
2026-04-04 04:28:30 | INFO | Results panel looks stuck. Clicking the feed and trying another scroll.
2026-04-04 04:29:27 | INFO | Results panel looks stuck. Clicking the feed and trying another scroll.
2026-04-04 04:30:25 | INFO | Results panel looks stuck. Clicking the feed and trying another scroll.
2026-04-04 04:31:23 | INFO | Results panel looks stuck. Clicking the feed and trying another scroll.
2026-04-04 04:32:20 | INFO | Results panel looks stuck. Clicking the feed and trying another scroll.
2026-04-04 04:33:18 | INFO | Results panel looks stuck. Clicking the feed and trying another scroll.
2026-04-04 04:34:16 | INFO | Results panel looks stuck. Clicking the feed and trying another scroll.
2026-04-04 04:35:14 | INFO | Results panel looks stuck. Clicking the feed and trying another scroll.
2026-04-04 04:36:11 | INFO | Results panel looks stuck. Clicking the feed and trying another scroll.
2026-04-04 04:37:09 | INFO | Results panel looks stuck. Clicking the feed and trying another scroll.
2026-04-04 04:38:07 | INFO | Results panel looks stuck. Clicking the feed and trying another scroll.
2026-04-04 04:39:05 | INFO | Results panel looks stuck. Clicking the feed and trying another scroll.
2026-04-04 04:40:02 | INFO | Results panel looks stuck. Clicking the feed and trying another scroll.
2026-04-04 04:41:00 | INFO | Results panel looks stuck. Clicking the feed and trying another scroll.
2026-04-04 04:41:58 | INFO | Results panel looks stuck. Clicking the feed and trying another scroll.
2026-04-04 04:42:55 | INFO | Results panel looks stuck. Clicking the feed and trying another scroll.
2026-04-04 04:43:53 | INFO | Results panel looks stuck. Clicking the feed and trying another scroll.
2026-04-04 04:44:51 | INFO | Results panel looks stuck. Clicking the feed and trying another scroll.
2026-04-04 04:45:49 | INFO | Results panel looks stuck. Clicking the feed and trying another scroll.
2026-04-04 04:46:46 | INFO | Results panel looks stuck. Clicking the feed and trying another scroll.
2026-04-04 04:47:44 | INFO | Results panel looks stuck. Clicking the feed and trying another scroll.
2026-04-04 04:48:42 | INFO | Results panel looks stuck. Clicking the feed and trying another scroll.
2026-04-04 04:49:39 | INFO | Results panel looks stuck. Clicking the feed and trying another scroll.
2026-04-04 04:50:37 | INFO | Results panel looks stuck. Clicking the feed and trying another scroll.
2026-04-04 04:51:35 | INFO | Results panel looks stuck. Clicking the feed and trying another scroll.
2026-04-04 04:52:33 | INFO | Results panel looks stuck. Clicking the feed and trying another scroll.
2026-04-04 04:53:30 | INFO | Results panel looks stuck. Clicking the feed and trying another scroll.
2026-04-04 04:54:28 | INFO | Results panel looks stuck. Clicking the feed and trying another scroll.
2026-04-04 04:55:26 | INFO | Results panel looks stuck. Clicking the feed and trying another scroll.
2026-04-04 04:56:24 | INFO | Results panel looks stuck. Clicking the feed and trying another scroll.
2026-04-04 04:57:22 | INFO | Results panel looks stuck. Clicking the feed and trying another scroll.
2026-04-04 04:58:19 | INFO | Results panel looks stuck. Clicking the feed and trying another scroll.
2026-04-04 04:59:17 | INFO | Results panel looks stuck. Clicking the feed and trying another scroll.
2026-04-04 05:00:15 | INFO | Results panel looks stuck. Clicking the feed and trying another scroll.
2026-04-04 05:01:13 | INFO | Results panel looks stuck. Clicking the feed and trying another scroll.
2026-04-04 05:02:10 | INFO | Results panel looks stuck. Clicking the feed and trying another scroll.
2026-04-04 05:03:08 | INFO | Results panel looks stuck. Clicking the feed and trying another scroll.
2026-04-04 05:04:05 | INFO | Results panel looks stuck. Clicking the feed and trying another scroll.
2026-04-04 05:05:03 | INFO | Results panel looks stuck. Clicking the feed and trying another scroll.
2026-04-04 05:06:01 | INFO | Results panel looks stuck. Clicking the feed and trying another scroll.
2026-04-04 05:06:59 | INFO | Results panel looks stuck. Clicking the feed and trying another scroll.
2026-04-04 05:07:56 | INFO | Results panel looks stuck. Clicking the feed and trying another scroll.
2026-04-04 05:08:54 | INFO | Results panel looks stuck. Clicking the feed and trying another scroll.
2026-04-04 05:09:52 | INFO | Results panel looks stuck. Clicking the feed and trying another scroll.
2026-04-04 05:10:49 | INFO | Results panel looks stuck. Clicking the feed and trying another scroll.
2026-04-04 05:11:47 | INFO | Results panel looks stuck. Clicking the feed and trying another scroll.
2026-04-04 05:12:45 | INFO | Results panel looks stuck. Clicking the feed and trying another scroll.
2026-04-04 05:13:43 | INFO | Results panel looks stuck. Clicking the feed and trying another scroll.
2026-04-04 05:14:40 | INFO | Results panel looks stuck. Clicking the feed and trying another scroll.
2026-04-04 05:15:38 | INFO | Results panel looks stuck. Clicking the feed and trying another scroll.
2026-04-04 05:16:35 | INFO | Results panel looks stuck. Clicking the feed and trying another scroll.
2026-04-04 05:17:33 | INFO | Results panel looks stuck. Clicking the feed and trying another scroll.
2026-04-04 05:18:31 | INFO | Results panel looks stuck. Clicking the feed and trying another scroll.
2026-04-04 05:19:29 | INFO | Results panel looks stuck. Clicking the feed and trying another scroll.
2026-04-04 05:20:26 | INFO | Results panel looks stuck. Clicking the feed and trying another scroll.
2026-04-04 05:21:24 | INFO | Results panel looks stuck. Clicking the feed and trying another scroll.
2026-04-04 05:22:22 | INFO | Results panel looks stuck. Clicking the feed and trying another scroll.
2026-04-04 05:23:19 | INFO | Results panel looks stuck. Clicking the feed and trying another scroll.
2026-04-04 05:24:17 | INFO | Results panel looks stuck. Clicking the feed and trying another scroll.
2026-04-04 05:25:15 | INFO | Results panel looks stuck. Clicking the feed and trying another scroll.
2026-04-04 05:26:12 | INFO | Results panel looks stuck. Clicking the feed and trying another scroll.
2026-04-04 05:27:10 | INFO | Results panel looks stuck. Clicking the feed and trying another scroll.
2026-04-04 05:28:08 | INFO | Results panel looks stuck. Clicking the feed and trying another scroll.
2026-04-04 05:29:06 | INFO | Results panel looks stuck. Clicking the feed and trying another scroll.
2026-04-04 05:30:03 | INFO | Results panel looks stuck. Clicking the feed and trying another scroll.
2026-04-04 05:31:01 | INFO | Results panel looks stuck. Clicking the feed and trying another scroll.
2026-04-04 05:31:59 | INFO | Results panel looks stuck. Clicking the feed and trying another scroll.
2026-04-04 05:32:57 | INFO | Results panel looks stuck. Clicking the feed and trying another scroll.
2026-04-04 05:33:54 | INFO | Results panel looks stuck. Clicking the feed and trying another scroll.
2026-04-04 05:34:52 | INFO | Results panel looks stuck. Clicking the feed and trying another scroll.
2026-04-04 05:35:50 | INFO | Results panel looks stuck. Clicking the feed and trying another scroll.
2026-04-04 05:36:48 | INFO | Results panel looks stuck. Clicking the feed and trying another scroll.
2026-04-04 05:37:45 | INFO | Results panel looks stuck. Clicking the feed and trying another scroll.
2026-04-04 05:38:43 | INFO | Results panel looks stuck. Clicking the feed and trying another scroll.
2026-04-04 05:39:41 | INFO | Results panel looks stuck. Clicking the feed and trying another scroll.
2026-04-04 05:40:39 | INFO | Results panel looks stuck. Clicking the feed and trying another scroll.
2026-04-04 05:41:36 | INFO | Results panel looks stuck. Clicking the feed and trying another scroll.
2026-04-04 05:42:34 | INFO | Results panel looks stuck. Clicking the feed and trying another scroll.
2026-04-04 05:43:32 | INFO | Results panel looks stuck. Clicking the feed and trying another scroll.
2026-04-04 05:44:29 | INFO | Results panel looks stuck. Clicking the feed and trying another scroll.
2026-04-04 05:45:27 | INFO | Results panel looks stuck. Clicking the feed and trying another scroll.
2026-04-04 05:46:25 | INFO | Results panel looks stuck. Clicking the feed and trying another scroll.
2026-04-04 05:47:22 | INFO | Results panel looks stuck. Clicking the feed and trying another scroll.
2026-04-04 05:48:20 | INFO | Results panel looks stuck. Clicking the feed and trying another scroll.
2026-04-04 05:49:18 | INFO | Results panel looks stuck. Clicking the feed and trying another scroll.
2026-04-04 05:50:15 | INFO | Results panel looks stuck. Clicking the feed and trying another scroll.
2026-04-04 05:51:13 | INFO | Results panel looks stuck. Clicking the feed and trying another scroll.
2026-04-04 05:52:11 | INFO | Results panel looks stuck. Clicking the feed and trying another scroll.
2026-04-04 05:53:08 | INFO | Results panel looks stuck. Clicking the feed and trying another scroll.
2026-04-04 05:54:06 | INFO | Results panel looks stuck. Clicking the feed and trying another scroll.
2026-04-04 05:55:04 | INFO | Results panel looks stuck. Clicking the feed and trying another scroll.
2026-04-04 05:56:01 | INFO | Results panel looks stuck. Clicking the feed and trying another scroll.
2026-04-04 05:56:59 | INFO | Results panel looks stuck. Clicking the feed and trying another scroll.
2026-04-04 05:57:57 | INFO | Results panel looks stuck. Clicking the feed and trying another scroll.
2026-04-04 05:58:55 | INFO | Results panel looks stuck. Clicking the feed and trying another scroll.
2026-04-04 05:59:52 | INFO | Results panel looks stuck. Clicking the feed and trying another scroll.
2026-04-04 06:00:50 | INFO | Results panel looks stuck. Clicking the feed and trying another scroll.
2026-04-04 06:01:48 | INFO | Results panel looks stuck. Clicking the feed and trying another scroll.
2026-04-04 06:02:46 | INFO | Results panel looks stuck. Clicking the feed and trying another scroll.
2026-04-04 06:03:43 | INFO | Results panel looks stuck. Clicking the feed and trying another scroll.
2026-04-04 06:04:41 | INFO | Results panel looks stuck. Clicking the feed and trying another scroll.
2026-04-04 06:05:39 | INFO | Results panel looks stuck. Clicking the feed and trying another scroll.
2026-04-04 06:06:37 | INFO | Results panel looks stuck. Clicking the feed and trying another scroll.
2026-04-04 06:07:34 | INFO | Results panel looks stuck. Clicking the feed and trying another scroll.
2026-04-04 06:08:32 | INFO | Results panel looks stuck. Clicking the feed and trying another scroll.
2026-04-04 06:09:30 | INFO | Results panel looks stuck. Clicking the feed and trying another scroll.
2026-04-04 06:10:28 | INFO | Results panel looks stuck. Clicking the feed and trying another scroll.
2026-04-04 06:11:26 | INFO | Results panel looks stuck. Clicking the feed and trying another scroll.
2026-04-04 06:12:24 | INFO | Results panel looks stuck. Clicking the feed and trying another scroll.
2026-04-04 06:13:21 | INFO | Results panel looks stuck. Clicking the feed and trying another scroll.
2026-04-04 06:14:19 | INFO | Results panel looks stuck. Clicking the feed and trying another scroll.
2026-04-04 06:15:17 | INFO | Results panel looks stuck. Clicking the feed and trying another scroll.
2026-04-04 06:16:15 | INFO | Results panel looks stuck. Clicking the feed and trying another scroll.
2026-04-04 06:17:12 | INFO | Results panel looks stuck. Clicking the feed and trying another scroll.
2026-04-04 06:18:10 | INFO | Results panel looks stuck. Clicking the feed and trying another scroll.
2026-04-04 06:19:07 | INFO | Results panel looks stuck. Clicking the feed and trying another scroll.
2026-04-04 06:20:05 | INFO | Results panel looks stuck. Clicking the feed and trying another scroll.
2026-04-04 06:21:03 | INFO | Results panel looks stuck. Clicking the feed and trying another scroll.
2026-04-04 06:22:01 | INFO | Results panel looks stuck. Clicking the feed and trying another scroll.
2026-04-04 06:22:59 | INFO | Results panel looks stuck. Clicking the feed and trying another scroll.
2026-04-04 06:23:56 | INFO | Results panel looks stuck. Clicking the feed and trying another scroll.
2026-04-04 06:24:54 | INFO | Results panel looks stuck. Clicking the feed and trying another scroll.
2026-04-04 06:25:51 | INFO | Results panel looks stuck. Clicking the feed and trying another scroll.
2026-04-04 06:26:49 | INFO | Results panel looks stuck. Clicking the feed and trying another scroll.
2026-04-04 06:27:47 | INFO | Results panel looks stuck. Clicking the feed and trying another scroll.
2026-04-04 06:28:44 | INFO | Results panel looks stuck. Clicking the feed and trying another scroll.
2026-04-04 06:29:42 | INFO | Results panel looks stuck. Clicking the feed and trying another scroll.
2026-04-04 06:30:39 | INFO | Results panel looks stuck. Clicking the feed and trying another scroll.
2026-04-04 06:31:37 | INFO | Results panel looks stuck. Clicking the feed and trying another scroll.
2026-04-04 06:32:35 | INFO | Results panel looks stuck. Clicking the feed and trying another scroll.
2026-04-04 06:33:33 | INFO | Results panel looks stuck. Clicking the feed and trying another scroll.
2026-04-04 06:34:31 | INFO | Results panel looks stuck. Clicking the feed and trying another scroll.
2026-04-04 06:35:29 | INFO | Results panel looks stuck. Clicking the feed and trying another scroll.
2026-04-04 06:36:26 | INFO | Results panel looks stuck. Clicking the feed and trying another scroll.
2026-04-04 06:37:24 | INFO | Results panel looks stuck. Clicking the feed and trying another scroll.
2026-04-04 06:38:22 | INFO | Results panel looks stuck. Clicking the feed and trying another scroll.
2026-04-04 06:39:20 | INFO | Results panel looks stuck. Clicking the feed and trying another scroll.
2026-04-04 06:40:17 | INFO | Results panel looks stuck. Clicking the feed and trying another scroll.
2026-04-04 06:41:15 | INFO | Results panel looks stuck. Clicking the feed and trying another scroll.
2026-04-04 06:42:13 | INFO | Results panel looks stuck. Clicking the feed and trying another scroll.
2026-04-04 06:43:11 | INFO | Results panel looks stuck. Clicking the feed and trying another scroll.
2026-04-04 06:44:08 | INFO | Results panel looks stuck. Clicking the feed and trying another scroll.
2026-04-04 06:45:06 | INFO | Results panel looks stuck. Clicking the feed and trying another scroll.
2026-04-04 06:46:04 | INFO | Results panel looks stuck. Clicking the feed and trying another scroll.
2026-04-04 06:47:01 | INFO | Results panel looks stuck. Clicking the feed and trying another scroll.
2026-04-04 06:47:59 | INFO | Results panel looks stuck. Clicking the feed and trying another scroll.
2026-04-04 06:48:57 | INFO | Results panel looks stuck. Clicking the feed and trying another scroll.
2026-04-04 06:49:55 | INFO | Results panel looks stuck. Clicking the feed and trying another scroll.
2026-04-04 06:50:53 | INFO | Results panel looks stuck. Clicking the feed and trying another scroll.
2026-04-04 06:51:51 | INFO | Results panel looks stuck. Clicking the feed and trying another scroll.
2026-04-04 06:52:48 | INFO | Results panel looks stuck. Clicking the feed and trying another scroll.
2026-04-04 06:53:46 | INFO | Results panel looks stuck. Clicking the feed and trying another scroll.
2026-04-04 06:54:44 | INFO | Results panel looks stuck. Clicking the feed and trying another scroll.
2026-04-04 06:55:42 | INFO | Results panel looks stuck. Clicking the feed and trying another scroll.
2026-04-04 06:56:39 | INFO | Results panel looks stuck. Clicking the feed and trying another scroll.
2026-04-04 06:57:37 | INFO | Results panel looks stuck. Clicking the feed and trying another scroll.
2026-04-04 06:58:35 | INFO | Results panel looks stuck. Clicking the feed and trying another scroll.
2026-04-04 06:59:33 | INFO | Results panel looks stuck. Clicking the feed and trying another scroll.
2026-04-04 07:00:30 | INFO | Results panel looks stuck. Clicking the feed and trying another scroll.
2026-04-04 07:01:28 | INFO | Results panel looks stuck. Clicking the feed and trying another scroll.
2026-04-04 07:02:26 | INFO | Results panel looks stuck. Clicking the feed and trying another scroll.
2026-04-04 07:03:24 | INFO | Results panel looks stuck. Clicking the feed and trying another scroll.
2026-04-04 07:04:22 | INFO | Results panel looks stuck. Clicking the feed and trying another scroll.
2026-04-04 07:05:19 | INFO | Results panel looks stuck. Clicking the feed and trying another scroll.
2026-04-04 07:06:17 | INFO | Results panel looks stuck. Clicking the feed and trying another scroll.
2026-04-04 07:07:15 | INFO | Results panel looks stuck. Clicking the feed and trying another scroll.
2026-04-04 07:08:12 | INFO | Results panel looks stuck. Clicking the feed and trying another scroll.
2026-04-04 07:09:10 | INFO | Results panel looks stuck. Clicking the feed and trying another scroll.
2026-04-04 07:10:08 | INFO | Results panel looks stuck. Clicking the feed and trying another scroll.
2026-04-04 07:11:06 | INFO | Results panel looks stuck. Clicking the feed and trying another scroll.
2026-04-04 07:12:03 | INFO | Results panel looks stuck. Clicking the feed and trying another scroll.
2026-04-04 07:13:01 | INFO | Results panel looks stuck. Clicking the feed and trying another scroll.
2026-04-04 07:13:59 | INFO | Results panel looks stuck. Clicking the feed and trying another scroll.
2026-04-04 07:14:57 | INFO | Results panel looks stuck. Clicking the feed and trying another scroll.
2026-04-04 07:15:55 | INFO | Results panel looks stuck. Clicking the feed and trying another scroll.
2026-04-04 07:16:53 | INFO | Results panel looks stuck. Clicking the feed and trying another scroll.
2026-04-04 07:17:50 | INFO | Results panel looks stuck. Clicking the feed and trying another scroll.
2026-04-04 07:18:48 | INFO | Results panel looks stuck. Clicking the feed and trying another scroll.
2026-04-04 07:19:45 | INFO | Results panel looks stuck. Clicking the feed and trying another scroll.
2026-04-04 07:20:43 | INFO | Results panel looks stuck. Clicking the feed and trying another scroll.
2026-04-04 07:21:41 | INFO | Results panel looks stuck. Clicking the feed and trying another scroll.
2026-04-04 07:22:38 | INFO | Results panel looks stuck. Clicking the feed and trying another scroll.
2026-04-04 07:23:36 | INFO | Results panel looks stuck. Clicking the feed and trying another scroll.
2026-04-04 07:24:34 | INFO | Results panel looks stuck. Clicking the feed and trying another scroll.
2026-04-04 07:25:32 | INFO | Results panel looks stuck. Clicking the feed and trying another scroll.
2026-04-04 07:26:29 | INFO | Results panel looks stuck. Clicking the feed and trying another scroll.
2026-04-04 07:27:27 | INFO | Results panel looks stuck. Clicking the feed and trying another scroll.
2026-04-04 07:28:25 | INFO | Results panel looks stuck. Clicking the feed and trying another scroll.
2026-04-04 07:29:23 | INFO | Results panel looks stuck. Clicking the feed and trying another scroll.
2026-04-04 07:30:21 | INFO | Results panel looks stuck. Clicking the feed and trying another scroll.
2026-04-04 07:31:19 | INFO | Results panel looks stuck. Clicking the feed and trying another scroll.
2026-04-04 07:32:17 | INFO | Results panel looks stuck. Clicking the feed and trying another scroll.
2026-04-04 07:33:15 | INFO | Results panel looks stuck. Clicking the feed and trying another scroll.
2026-04-09 19:58:59 | INFO | Browser started with Playwright.
2026-04-09 19:59:19 | INFO | Collected 15 listing URLs from Google Maps.
2026-04-09 20:01:13 | INFO | Saved 9 deduplicated leads to D:\RADZ AUTOMATION\pubg recoil\google-maps-scraper\RESULT FOR SCRAPING\Barbershop.xlsx
2026-04-09 20:01:13 | WARNING | Requested 15 leads but only found 9 real public results for this search.
2026-04-18 02:03:05 | WARNING | Playwright launch failed. Falling back to Selenium. Reason: BrowserType.launch: Executable doesn't exist at C:\Users\Lucas\AppData\Local\ms-playwright\chromium_headless_shell-1179\chrome-win\headless_shell.exe
╔════════════════════════════════════════════════════════════╗
║ Looks like Playwright was just installed or updated.       ║
║ Please run the following command to download new browsers: ║
║                                                            ║
║     playwright install                                     ║
║                                                            ║
║ <3 Playwright Team                                         ║
╚════════════════════════════════════════════════════════════╝
